id,resident_id,date,shift,staff_name,staff_role,note_type,personal_care,mood,appetite,fluid_intake_ml,weight_kg,skin_checked,skin_concern,repositioned,activity,activity_description,sleep_quality,pain_observed,pain_location,falls_this_shift,care_narrative,concerns,actions_taken,handover_notes,ai_generated,status,approved_by,approved_at,created
1,RES001,2025-08-21,Night,M. Nowak,Care Worker,Daily,Full wash at the sink,Settled,Good,1553,,Yes,,No,Armchair exercises,Armchair exercises — participated well.,Good,Yes,,0,"Margaret has had a settled night. Full wash at the sink; no skin concerns noted, pressure areas clear. Took 1553 ml of fluids; ate good at lunch and tea. Mood settled and engaged well with armchair exercises.",Nothing further to report.,Routine care given.,Nil to hand over.,0,approved,,,2026-10-08 07:34:04
2,RES001,2025-08-23,Afternoon,L. Ahmed,Care Worker,Daily,Full assistance with washing and dressing,Settled,Good,1367,,Yes,,No,Rested in room,Rested in room — participated well.,Good,No,,0,Margaret has had a settled afternoon. Full assistance with washing and dressing carried out; Margaret was able to assist with parts of her own care. Took 1367 ml of fluids; ate good at lunch and tea. Mood settled and engaged well with rested in room.,No concerns to hand over.,Routine care given.,Nil to hand over.,0,approved,,,2026-10-08 07:34:04
3,RES001,2025-08-25,Afternoon,J. Okafor,Care Worker,Daily,Strip wash in bedroom,Low,Fair,1393,,Yes,,No,Hand massage,Hand massage — brief participation.,Disturbed,No,,0,Margaret has been less settled this afternoon. Strip wash in bedroom completed but Margaret was reluctant and needed encouragement. Took 1393 ml of fluids; ate fair at lunch and tea. Mood low at times; declined hand massage and preferred to stay in her room.,Please continue to observe closely; senior carer informed.,Fluids encouraged; senior carer made aware.,Monitor intake and mood.,0,approved,,,2026-10-08 07:34:04
4,RES001,2025-08-26,Morning,T. Nguyen,Care Worker,Daily,Supported wash with encouragement,Low,Fair,1423,,Yes,,No,Garden walk with staff,Garden walk with staff — brief participation.,Disturbed,No,,0,Margaret needed more prompting than usual this morning. Supported wash with encouragement with two staff as Margaret was unsteady on transfer. 1423 ml of fluid encouraged across the shift; appetite fair. Appeared low; needed reassurance on several occasions.,Fluids to be encouraged on the next shift; keep under observation.,Fluids encouraged; senior carer made aware.,Monitor intake and mood.,0,approved,,,2026-10-08 07:34:04
5,RES001,2025-08-27,Night,P. Sharma,Care Worker,Daily,Assisted shower,Low,Fair,1381,,Yes,,No,Visiting singer,Visiting singer — brief participation.,Disturbed,No,,0,"Staff noted a change in Margaret over the night. Assisted shower completed; slight redness noted to the sacrum, repositioning chart started. Took 1381 ml of fluids; ate fair at lunch and tea. Mood fluctuated and was largely low. Did not settle to visiting singer.",Fluids to be encouraged on the next shift; keep under observation.,Fluids encouraged; senior carer made aware.,Monitor intake and mood.,0,approved,,,2026-10-08 07:34:04
6,RES001,2025-08-28,Morning,R. Kowalski,Care Worker,Daily,Assisted shower,Low,Fair,1477,,Yes,,No,Visiting singer,Visiting singer — brief participation.,Disturbed,No,,0,Staff noted a change in Margaret over the morning. Assisted shower with two staff as Margaret was unsteady on transfer. Took 1477 ml of fluids; ate fair at lunch and tea. Mood low at times; declined visiting singer and preferred to stay in her room.,Fluids to be encouraged on the next shift; keep under observation.,Fluids encouraged; senior carer made aware.,Monitor intake and mood.,0,approved,,,2026-10-08 07:34:04
7,RES001,2025-08-29,Night,C. Fernandes,Care Worker,Daily,Full wash at the sink,Low,Fair,1368,,Yes,,No,Garden walk with staff,Garden walk with staff — brief participation.,Disturbed,No,,0,Margaret has been less settled this night. Full wash at the sink with two staff as Margaret was unsteady on transfer. Fluid intake recorded at 1368 ml. Appetite described as fair. Mood low at times; declined garden walk with staff and preferred to stay in her room.,Monitor fluid intake and report any further decline to the senior on duty.,Fluids encouraged; senior carer made aware.,Monitor intake and mood.,0,approved,,,2026-10-08 07:34:04
8,RES001,2025-08-31,Morning,K. Adeyemi,Care Worker,Daily,Strip wash in bedroom,Settled,Good,1420,,Yes,,No,Bingo in the lounge,Bingo in the lounge — participated well.,Good,Yes,,0,"A good morning for Margaret. Strip wash in bedroom; no skin concerns noted, pressure areas clear. Took 1420 ml of fluids; ate good at lunch and tea. Bright and settled for most of the shift; enjoyed bingo in the lounge.",Nothing further to report.,Routine care given.,Nil to hand over.,0,approved,,,2026-10-08 07:34:04
9,RES001,2025-09-01,Night,K. Adeyemi,Care Worker,Daily,Full wash at the sink,Low,Fair,1442,,Yes,,No,Hand massage,Hand massage — brief participation.,Disturbed,Yes,,0,Margaret has been less settled this night. Full wash at the sink completed but Margaret was reluctant and needed encouragement. Took 1442 ml of fluids; ate fair at lunch and tea. Mood fluctuated and was largely low. Did not settle to hand massage.,Please continue to observe closely; senior carer informed.,Fluids encouraged; senior carer made aware.,Monitor intake and mood.,0,approved,,,2026-10-08 07:34:04
10,RES001,2025-09-02,Night,D. Osei,Care Worker,Daily,Assisted shower,Settled,Good,1375,,Yes,,No,Newspaper reading,Newspaper reading — participated well.,Good,Yes,,0,"No concerns raised for Margaret during the night. Assisted shower completed with the usual level of support. Skin checked, intact throughout. Fluid intake recorded at 1375 ml. Appetite described as good. Bright and settled for most of the shift; enjoyed newspaper reading.",Continue with the current plan of care.,Routine care given.,Nil to hand over.,0,approved,,,2026-10-08 07:34:04
11,RES001,2025-09-03,Afternoon,K. Adeyemi,Care Worker,Daily,Supported wash with encouragement,Settled,Good,1526,,Yes,,No,Hand massage,Hand massage — participated well.,Good,No,,0,"No concerns raised for Margaret during the afternoon. Supported wash with encouragement; no skin concerns noted, pressure areas clear. 1526 ml of fluid encouraged across the shift; appetite good. Mood settled and engaged well with hand massage.",Nothing further to report.,Routine care given.,Nil to hand over.,0,approved,,,2026-10-08 07:34:04
12,RES001,2025-09-04,Morning,T. Nguyen,Care Worker,Daily,Bed bath,Settled,Good,1464,,Yes,,No,Armchair exercises,Armchair exercises — participated well.,Good,No,,0,"Margaret presented as her usual self this morning. Bed bath completed with the usual level of support. Skin checked, intact throughout. Took 1464 ml of fluids; ate good at lunch and tea. Mood settled and engaged well with armchair exercises.",Nothing further to report.,Routine care given.,Nil to hand over.,0,approved,,,2026-10-08 07:34:04
13,RES001,2025-09-05,Morning,S. Patel,Care Worker,Daily,Supported wash with encouragement,Settled,Good,1616,,Yes,,No,Hand massage,Hand massage — participated well.,Good,No,,0,"Margaret has had a settled morning. Supported wash with encouragement carried out; Margaret was able to assist with parts of her own care. Fluids 1616 ml over the morning, good appetite at meals. Mood settled and engaged well with hand massage.",No concerns to hand over.,Routine care given.,Nil to hand over.,0,approved,,,2026-10-08 07:34:04
14,RES001,2025-09-06,Afternoon,M. Nowak,Care Worker,Daily,Assisted shower,Settled,Good,1432,,Yes,,No,Visiting singer,Visiting singer — participated well.,Good,No,,0,Margaret presented as her usual self this afternoon. Assisted shower carried out; Margaret was able to assist with parts of her own care. Took 1432 ml of fluids; ate good at lunch and tea. Bright and settled for most of the shift; enjoyed visiting singer.,Nothing further to report.,Routine care given.,Nil to hand over.,0,approved,,,2026-10-08 07:34:04
15,RES001,2025-09-07,Night,B. Mensah,Care Worker,Daily,Supported wash with encouragement,Low,Fair,1380,,Yes,,No,Music session,Music session — brief participation.,Disturbed,No,,0,A more difficult night for Margaret. Supported wash with encouragement completed but Margaret was reluctant and needed encouragement. 1380 ml of fluid encouraged across the shift; appetite fair. Mood fluctuated and was largely low. Did not settle to music session.,Fluids to be encouraged on the next shift; keep under observation.,Fluids encouraged; senior carer made aware.,Monitor intake and mood.,0,approved,,,2026-10-08 07:34:04
16,RES001,2025-09-08,Night,L. Ahmed,Care Worker,Daily,Full assistance with washing and dressing,Low,Fair,1446,,Yes,,No,Bingo in the lounge,Bingo in the lounge — brief participation.,Disturbed,No,,0,"Margaret needed more prompting than usual this night. Full assistance with washing and dressing with two staff as Margaret was unsteady on transfer. Fluids 1446 ml over the night, fair appetite at meals. Mood low at times; declined bingo in the lounge and preferred to stay in her room.",Please continue to observe closely; senior carer informed.,Fluids encouraged; senior carer made aware.,Monitor intake and mood.,0,approved,,,2026-10-08 07:34:04
17,RES001,2025-09-09,Night,J. Okafor,Care Worker,Daily,Supported wash with encouragement,Low,Fair,1529,,Yes,,No,Armchair exercises,Armchair exercises — brief participation.,Disturbed,No,,0,"Margaret needed more prompting than usual this night. Supported wash with encouragement completed; slight redness noted to the sacrum, repositioning chart started. Fluids 1529 ml over the night, fair appetite at meals. Mood fluctuated and was largely low. Did not settle to armchair exercises.",Please continue to observe closely; senior carer informed.,Fluids encouraged; senior carer made aware.,Monitor intake and mood.,0,approved,,,2026-10-08 07:34:04
18,RES001,2025-09-10,Night,J. Okafor,Care Worker,Daily,Supported wash with encouragement,Low,Fair,1185,,Yes,,No,Reminiscence group,Reminiscence group — brief participation.,Disturbed,No,,0,Margaret has been less settled this night. Supported wash with encouragement completed but Margaret was reluctant and needed encouragement. Fluid intake recorded at 1185 ml. Appetite described as fair. Appeared low; needed reassurance on several occasions.,Fluids to be encouraged on the next shift; keep under observation.,Fluids encouraged; senior carer made aware.,Monitor intake and mood.,0,approved,,,2026-10-08 07:34:04
19,RES001,2025-09-11,Morning,J. Okafor,Care Worker,Daily,Supported wash with encouragement,Low,Fair,1509,,Yes,,No,Garden walk with staff,Garden walk with staff — brief participation.,Disturbed,Yes,,0,"Staff noted a change in Margaret over the morning. Supported wash with encouragement completed; slight redness noted to the sacrum, repositioning chart started. Fluid intake recorded at 1509 ml. Appetite described as fair. Appeared low; needed reassurance on several occasions.",Monitor fluid intake and report any further decline to the senior on duty.,Fluids encouraged; senior carer made aware.,Monitor intake and mood.,0,approved,,,2026-10-08 07:34:04
20,RES001,2025-09-12,Afternoon,T. Nguyen,Care Worker,Daily,Strip wash in bedroom,Low,Fair,1118,,Yes,,No,Craft table,Craft table — brief participation.,Disturbed,No,,0,A more difficult afternoon for Margaret. Strip wash in bedroom completed but Margaret was reluctant and needed encouragement. 1118 ml of fluid encouraged across the shift; appetite fair. Mood low at times; declined craft table and preferred to stay in her room.,Please continue to observe closely; senior carer informed.,Fluids encouraged; senior carer made aware.,Monitor intake and mood.,0,approved,,,2026-10-08 07:34:04
21,RES001,2025-09-13,Night,M. Nowak,Care Worker,Daily,Bed bath,Low,Fair,1549,,Yes,,No,One-to-one chat,One-to-one chat — brief participation.,Disturbed,Yes,,0,"A more difficult night for Margaret. Bed bath completed; slight redness noted to the sacrum, repositioning chart started. Fluid intake recorded at 1549 ml. Appetite described as fair. Mood low at times; declined one-to-one chat and preferred to stay in her room.",Monitor fluid intake and report any further decline to the senior on duty.,Fluids encouraged; senior carer made aware.,Monitor intake and mood.,0,approved,,,2026-10-08 07:34:04
22,RES001,2025-09-14,Morning,S. Patel,Care Worker,Daily,Assisted shower,Low,Fair,1375,,Yes,,No,Garden walk with staff,Garden walk with staff — brief participation.,Disturbed,No,,0,A more difficult morning for Margaret. Assisted shower with two staff as Margaret was unsteady on transfer. 1375 ml of fluid encouraged across the shift; appetite fair. Mood low at times; declined garden walk with staff and preferred to stay in her room.,Please continue to observe closely; senior carer informed.,Fluids encouraged; senior carer made aware.,Monitor intake and mood.,0,approved,,,2026-10-08 07:34:04
23,RES001,2025-09-15,Afternoon,P. Sharma,Care Worker,Daily,Full wash at the sink,Low,Fair,1482,,Yes,,No,Rested in room,Rested in room — brief participation.,Disturbed,Yes,,0,"A more difficult afternoon for Margaret. Full wash at the sink completed; slight redness noted to the sacrum, repositioning chart started. Took 1482 ml of fluids; ate fair at lunch and tea. Appeared low; needed reassurance on several occasions.",Fluids to be encouraged on the next shift; keep under observation.,Fluids encouraged; senior carer made aware.,Monitor intake and mood.,0,approved,,,2026-10-08 07:34:04
24,RES001,2025-09-16,Afternoon,K. Adeyemi,Care Worker,Daily,Full wash at the sink,Low,Fair,1311,,Yes,,No,Bingo in the lounge,Bingo in the lounge — brief participation.,Disturbed,No,,0,"Margaret has been less settled this afternoon. Full wash at the sink completed; slight redness noted to the sacrum, repositioning chart started. Fluid intake recorded at 1311 ml. Appetite described as fair. Mood fluctuated and was largely low. Did not settle to bingo in the lounge.",Monitor fluid intake and report any further decline to the senior on duty.,Fluids encouraged; senior carer made aware.,Monitor intake and mood.,0,approved,,,2026-10-08 07:34:04
25,RES001,2025-09-17,Night,M. Nowak,Care Worker,Daily,Full wash at the sink,Low,Fair,1258,,Yes,,No,Garden walk with staff,Garden walk with staff — brief participation.,Disturbed,No,,0,Margaret needed more prompting than usual this night. Full wash at the sink completed but Margaret was reluctant and needed encouragement. 1258 ml of fluid encouraged across the shift; appetite fair. Appeared low; needed reassurance on several occasions.,Please continue to observe closely; senior carer informed.,Fluids encouraged; senior carer made aware.,Monitor intake and mood.,0,approved,,,2026-10-08 07:34:04
26,RES001,2025-09-18,Afternoon,C. Fernandes,Care Worker,Daily,Assisted shower,Low,Fair,1295,,Yes,,No,Craft table,Craft table — brief participation.,Disturbed,No,,0,"Margaret has been less settled this afternoon. Assisted shower completed; slight redness noted to the sacrum, repositioning chart started. Took 1295 ml of fluids; ate fair at lunch and tea. Mood low at times; declined craft table and preferred to stay in her room.",Fluids to be encouraged on the next shift; keep under observation.,Fluids encouraged; senior carer made aware.,Monitor intake and mood.,0,approved,,,2026-10-08 07:34:04
27,RES001,2025-09-19,Night,S. Patel,Care Worker,Daily,Bed bath,Low,Fair,1401,,Yes,,No,Visiting singer,Visiting singer — brief participation.,Disturbed,No,,0,"A more difficult night for Margaret. Bed bath completed; slight redness noted to the sacrum, repositioning chart started. Fluid intake recorded at 1401 ml. Appetite described as fair. Appeared low; needed reassurance on several occasions.",Please continue to observe closely; senior carer informed.,Fluids encouraged; senior carer made aware.,Monitor intake and mood.,0,approved,,,2026-10-08 07:34:04
28,RES001,2025-09-20,Afternoon,A. Whitfield,Care Worker,Daily,Bed bath,Low,Fair,1319,,Yes,,No,Rested in room,Rested in room — brief participation.,Disturbed,No,,0,Margaret needed more prompting than usual this afternoon. Bed bath completed but Margaret was reluctant and needed encouragement. Took 1319 ml of fluids; ate fair at lunch and tea. Mood fluctuated and was largely low. Did not settle to rested in room.,Please continue to observe closely; senior carer informed.,Fluids encouraged; senior carer made aware.,Monitor intake and mood.,0,approved,,,2026-10-08 07:34:04
29,RES001,2025-09-21,Morning,B. Mensah,Care Worker,Daily,Supported wash with encouragement,Low,Fair,1298,,Yes,,No,Rested in room,Rested in room — brief participation.,Disturbed,No,,0,A more difficult morning for Margaret. Supported wash with encouragement with two staff as Margaret was unsteady on transfer. 1298 ml of fluid encouraged across the shift; appetite fair. Mood low at times; declined rested in room and preferred to stay in her room.,Monitor fluid intake and report any further decline to the senior on duty.,Fluids encouraged; senior carer made aware.,Monitor intake and mood.,0,approved,,,2026-10-08 07:34:04
30,RES001,2025-09-23,Morning,A. Whitfield,Care Worker,Daily,Strip wash in bedroom,Low,Fair,1308,,Yes,,No,Visiting singer,Visiting singer — brief participation.,Disturbed,Yes,,0,"Margaret has been less settled this morning. Strip wash in bedroom completed; slight redness noted to the sacrum, repositioning chart started. Took 1308 ml of fluids; ate fair at lunch and tea. Mood low at times; declined visiting singer and preferred to stay in her room.",Please continue to observe closely; senior carer informed.,Fluids encouraged; senior carer made aware.,Monitor intake and mood.,0,approved,,,2026-10-08 07:34:04
31,RES001,2025-09-24,Afternoon,S. Patel,Care Worker,Daily,Full wash at the sink,Low,Fair,1286,,Yes,,No,Hand massage,Hand massage — brief participation.,Disturbed,Yes,,0,"Staff noted a change in Margaret over the afternoon. Full wash at the sink completed; slight redness noted to the sacrum, repositioning chart started. Fluid intake recorded at 1286 ml. Appetite described as fair. Mood low at times; declined hand massage and preferred to stay in her room.",Please continue to observe closely; senior carer informed.,Fluids encouraged; senior carer made aware.,Monitor intake and mood.,0,approved,,,2026-10-08 07:34:04
32,RES001,2025-09-25,Afternoon,A. Whitfield,Care Worker,Daily,Strip wash in bedroom,Settled,Good,1341,,Yes,,No,Craft table,Craft table — participated well.,Good,No,,0,A good afternoon for Margaret. Strip wash in bedroom carried out; Margaret was able to assist with parts of her own care. Took 1341 ml of fluids; ate good at lunch and tea. Bright and settled for most of the shift; enjoyed craft table.,Continue with the current plan of care.,Routine care given.,Nil to hand over.,0,approved,,,2026-10-08 07:34:04
33,RES001,2025-09-26,Afternoon,B. Mensah,Care Worker,Daily,Strip wash in bedroom,Low,Fair,1386,,Yes,,No,One-to-one chat,One-to-one chat — brief participation.,Disturbed,No,,0,Margaret has been less settled this afternoon. Strip wash in bedroom completed but Margaret was reluctant and needed encouragement. Fluid intake recorded at 1386 ml. Appetite described as fair. Appeared low; needed reassurance on several occasions.,Please continue to observe closely; senior carer informed.,Fluids encouraged; senior carer made aware.,Monitor intake and mood.,0,approved,,,2026-10-08 07:34:04
34,RES001,2025-09-27,Night,C. Fernandes,Care Worker,Daily,Full assistance with washing and dressing,Settled,Good,1372,,Yes,,No,Armchair exercises,Armchair exercises — participated well.,Good,No,,0,"A good night for Margaret. Full assistance with washing and dressing completed with the usual level of support. Skin checked, intact throughout. Took 1372 ml of fluids; ate good at lunch and tea. Mood settled and engaged well with armchair exercises.",Nothing further to report.,Routine care given.,Nil to hand over.,0,approved,,,2026-10-08 07:34:04
35,RES001,2025-09-28,Afternoon,J. Okafor,Care Worker,Daily,Supported wash with encouragement,Settled,Good,1422,,Yes,,No,Armchair exercises,Armchair exercises — participated well.,Good,No,,0,"Margaret has had a settled afternoon. Supported wash with encouragement completed with the usual level of support. Skin checked, intact throughout. Fluids 1422 ml over the afternoon, good appetite at meals. Presented as settled; joined in with armchair exercises.",Continue with the current plan of care.,Routine care given.,Nil to hand over.,0,approved,,,2026-10-08 07:34:04
36,RES001,2025-09-29,Night,K. Adeyemi,Care Worker,Daily,Assisted shower,Low,Fair,1337,,Yes,,No,Armchair exercises,Armchair exercises — brief participation.,Disturbed,Yes,,0,"Staff noted a change in Margaret over the night. Assisted shower with two staff as Margaret was unsteady on transfer. Fluids 1337 ml over the night, fair appetite at meals. Appeared low; needed reassurance on several occasions.",Please continue to observe closely; senior carer informed.,Fluids encouraged; senior carer made aware.,Monitor intake and mood.,0,approved,,,2026-10-08 07:34:04
37,RES001,2025-09-30,Morning,C. Fernandes,Care Worker,Daily,Bed bath,Low,Fair,1414,,Yes,,No,Armchair exercises,Armchair exercises — brief participation.,Disturbed,No,,0,A more difficult morning for Margaret. Bed bath with two staff as Margaret was unsteady on transfer. Took 1414 ml of fluids; ate fair at lunch and tea. Appeared low; needed reassurance on several occasions.,Monitor fluid intake and report any further decline to the senior on duty.,Fluids encouraged; senior carer made aware.,Monitor intake and mood.,0,approved,,,2026-10-08 07:34:04
38,RES001,2025-10-01,Morning,S. Patel,Care Worker,Daily,Full assistance with washing and dressing,Settled,Good,1468,,Yes,,No,Hand massage,Hand massage — participated well.,Good,Yes,,0,"A good morning for Margaret. Full assistance with washing and dressing completed with the usual level of support. Skin checked, intact throughout. 1468 ml of fluid encouraged across the shift; appetite good. Bright and settled for most of the shift; enjoyed hand massage.",Nothing further to report.,Routine care given.,Nil to hand over.,0,approved,,,2026-10-08 07:34:04
39,RES001,2025-10-03,Night,T. Nguyen,Care Worker,Daily,Strip wash in bedroom,Settled,Good,1494,,Yes,,No,Visiting singer,Visiting singer — participated well.,Good,No,,0,Margaret has had a settled night. Strip wash in bedroom carried out; Margaret was able to assist with parts of her own care. 1494 ml of fluid encouraged across the shift; appetite good. Bright and settled for most of the shift; enjoyed visiting singer.,No concerns to hand over.,Routine care given.,Nil to hand over.,0,approved,,,2026-10-08 07:34:04
40,RES001,2025-10-04,Morning,T. Nguyen,Care Worker,Daily,Strip wash in bedroom,Settled,Good,1327,,Yes,,No,Garden walk with staff,Garden walk with staff — participated well.,Good,No,,0,"Margaret has had a settled morning. Strip wash in bedroom; no skin concerns noted, pressure areas clear. Fluid intake recorded at 1327 ml. Appetite described as good. Mood settled and engaged well with garden walk with staff.",No concerns to hand over.,Routine care given.,Nil to hand over.,0,approved,,,2026-10-08 07:34:04
41,RES001,2025-10-05,Night,P. Sharma,Care Worker,Daily,Full wash at the sink,Settled,Good,1480,,Yes,,No,Hand massage,Hand massage — participated well.,Good,No,,0,"Margaret presented as her usual self this night. Full wash at the sink; no skin concerns noted, pressure areas clear. 1480 ml of fluid encouraged across the shift; appetite good. Mood settled and engaged well with hand massage.",No concerns to hand over.,Routine care given.,Nil to hand over.,0,approved,,,2026-10-08 07:34:04
42,RES001,2025-10-06,Morning,L. Ahmed,Care Worker,Daily,Full assistance with washing and dressing,Settled,Good,1407,,Yes,,No,Reminiscence group,Reminiscence group — participated well.,Good,No,,0,"A good morning for Margaret. Full assistance with washing and dressing; no skin concerns noted, pressure areas clear. Fluid intake recorded at 1407 ml. Appetite described as good. Presented as settled; joined in with reminiscence group.",Continue with the current plan of care.,Routine care given.,Nil to hand over.,0,approved,,,2026-10-08 07:34:04
43,RES001,2025-10-07,Afternoon,S. Patel,Care Worker,Daily,Strip wash in bedroom,Settled,Good,1456,,Yes,,No,Armchair exercises,Armchair exercises — participated well.,Good,No,,0,No concerns raised for Margaret during the afternoon. Strip wash in bedroom carried out; Margaret was able to assist with parts of her own care. Fluid intake recorded at 1456 ml. Appetite described as good. Presented as settled; joined in with armchair exercises.,Continue with the current plan of care.,Routine care given.,Nil to hand over.,0,approved,,,2026-10-08 07:34:04
44,RES001,2025-10-08,Night,K. Adeyemi,Care Worker,Daily,Supported wash with encouragement,Settled,Good,1274,,Yes,,No,Armchair exercises,Armchair exercises — participated well.,Good,No,,0,Margaret presented as her usual self this night. Supported wash with encouragement carried out; Margaret was able to assist with parts of her own care. Fluid intake recorded at 1274 ml. Appetite described as good. Presented as settled; joined in with armchair exercises.,No concerns to hand over.,Routine care given.,Nil to hand over.,0,approved,,,2026-10-08 07:34:04
45,RES001,2025-10-09,Afternoon,M. Nowak,Care Worker,Daily,Bed bath,Low,Fair,1238,,Yes,,No,Rested in room,Rested in room — brief participation.,Disturbed,No,,0,A more difficult afternoon for Margaret. Bed bath completed but Margaret was reluctant and needed encouragement. 1238 ml of fluid encouraged across the shift; appetite fair. Appeared low; needed reassurance on several occasions.,Monitor fluid intake and report any further decline to the senior on duty.,Fluids encouraged; senior carer made aware.,Monitor intake and mood.,0,approved,,,2026-10-08 07:34:04
46,RES001,2025-10-11,Afternoon,S. Patel,Care Worker,Daily,Full assistance with washing and dressing,Low,Fair,1375,,Yes,,No,Garden walk with staff,Garden walk with staff — brief participation.,Disturbed,No,,0,A more difficult afternoon for Margaret. Full assistance with washing and dressing with two staff as Margaret was unsteady on transfer. 1375 ml of fluid encouraged across the shift; appetite fair. Mood low at times; declined garden walk with staff and preferred to stay in her room.,Fluids to be encouraged on the next shift; keep under observation.,Fluids encouraged; senior carer made aware.,Monitor intake and mood.,0,approved,,,2026-10-08 07:34:04
47,RES001,2025-10-12,Afternoon,S. Patel,Care Worker,Daily,Supported wash with encouragement,Settled,Good,1543,,Yes,,No,One-to-one chat,One-to-one chat — participated well.,Good,Yes,,0,"Margaret presented as her usual self this afternoon. Supported wash with encouragement completed with the usual level of support. Skin checked, intact throughout. Fluids 1543 ml over the afternoon, good appetite at meals. Mood settled and engaged well with one-to-one chat.",No concerns to hand over.,Routine care given.,Nil to hand over.,0,approved,,,2026-10-08 07:34:04
48,RES001,2025-10-13,Afternoon,C. Fernandes,Care Worker,Daily,Bed bath,Low,Fair,1242,,Yes,,No,Visiting singer,Visiting singer — brief participation.,Disturbed,No,,0,Staff noted a change in Margaret over the afternoon. Bed bath with two staff as Margaret was unsteady on transfer. 1242 ml of fluid encouraged across the shift; appetite fair. Mood fluctuated and was largely low. Did not settle to visiting singer.,Monitor fluid intake and report any further decline to the senior on duty.,Fluids encouraged; senior carer made aware.,Monitor intake and mood.,0,approved,,,2026-10-08 07:34:04
49,RES001,2025-10-14,Afternoon,P. Sharma,Care Worker,Daily,Full assistance with washing and dressing,Low,Fair,1392,,Yes,,No,Newspaper reading,Newspaper reading — brief participation.,Disturbed,No,,0,"Margaret has been less settled this afternoon. Full assistance with washing and dressing completed; slight redness noted to the sacrum, repositioning chart started. 1392 ml of fluid encouraged across the shift; appetite fair. Appeared low; needed reassurance on several occasions.",Fluids to be encouraged on the next shift; keep under observation.,Fluids encouraged; senior carer made aware.,Monitor intake and mood.,0,approved,,,2026-10-08 07:34:04
50,RES001,2025-10-15,Afternoon,T. Nguyen,Care Worker,Daily,Assisted shower,Low,Fair,1422,,Yes,,No,Newspaper reading,Newspaper reading — brief participation.,Disturbed,Yes,,0,"Margaret needed more prompting than usual this afternoon. Assisted shower completed; slight redness noted to the sacrum, repositioning chart started. Fluid intake recorded at 1422 ml. Appetite described as fair. Appeared low; needed reassurance on several occasions.",Monitor fluid intake and report any further decline to the senior on duty.,Fluids encouraged; senior carer made aware.,Monitor intake and mood.,0,approved,,,2026-10-08 07:34:04
51,RES001,2025-10-16,Morning,A. Whitfield,Care Worker,Daily,Assisted shower,Low,Fair,1359,,Yes,,No,Rested in room,Rested in room — brief participation.,Disturbed,No,,0,"Staff noted a change in Margaret over the morning. Assisted shower completed; slight redness noted to the sacrum, repositioning chart started. 1359 ml of fluid encouraged across the shift; appetite fair. Mood fluctuated and was largely low. Did not settle to rested in room.",Monitor fluid intake and report any further decline to the senior on duty.,Fluids encouraged; senior carer made aware.,Monitor intake and mood.,0,approved,,,2026-10-08 07:34:04
52,RES001,2025-10-17,Afternoon,J. Okafor,Care Worker,Daily,Full assistance with washing and dressing,Low,Fair,1398,,Yes,,No,Rested in room,Rested in room — brief participation.,Disturbed,No,,0,A more difficult afternoon for Margaret. Full assistance with washing and dressing with two staff as Margaret was unsteady on transfer. Fluid intake recorded at 1398 ml. Appetite described as fair. Appeared low; needed reassurance on several occasions.,Monitor fluid intake and report any further decline to the senior on duty.,Fluids encouraged; senior carer made aware.,Monitor intake and mood.,0,approved,,,2026-10-08 07:34:04
53,RES001,2025-10-19,Night,P. Sharma,Care Worker,Daily,Supported wash with encouragement,Settled,Good,1279,,Yes,,No,Newspaper reading,Newspaper reading — participated well.,Good,No,,0,No concerns raised for Margaret during the night. Supported wash with encouragement carried out; Margaret was able to assist with parts of her own care. Fluid intake recorded at 1279 ml. Appetite described as good. Bright and settled for most of the shift; enjoyed newspaper reading.,No concerns to hand over.,Routine care given.,Nil to hand over.,0,approved,,,2026-10-08 07:34:04
54,RES001,2025-10-20,Night,P. Sharma,Care Worker,Daily,Full assistance with washing and dressing,Settled,Good,1409,,Yes,,No,Garden walk with staff,Garden walk with staff — participated well.,Good,No,,0,"No concerns raised for Margaret during the night. Full assistance with washing and dressing; no skin concerns noted, pressure areas clear. 1409 ml of fluid encouraged across the shift; appetite good. Presented as settled; joined in with garden walk with staff.",Nothing further to report.,Routine care given.,Nil to hand over.,0,approved,,,2026-10-08 07:34:04
55,RES001,2025-10-21,Morning,A. Whitfield,Care Worker,Daily,Bed bath,Settled,Good,1365,,Yes,,No,One-to-one chat,One-to-one chat — participated well.,Good,No,,0,"Margaret presented as her usual self this morning. Bed bath; no skin concerns noted, pressure areas clear. Took 1365 ml of fluids; ate good at lunch and tea. Presented as settled; joined in with one-to-one chat.",Nothing further to report.,Routine care given.,Nil to hand over.,0,approved,,,2026-10-08 07:34:04
56,RES001,2025-10-22,Afternoon,R. Kowalski,Care Worker,Daily,Full assistance with washing and dressing,Settled,Good,1341,,Yes,,No,Hand massage,Hand massage — participated well.,Good,No,,0,"Margaret presented as her usual self this afternoon. Full assistance with washing and dressing completed with the usual level of support. Skin checked, intact throughout. Fluids 1341 ml over the afternoon, good appetite at meals. Mood settled and engaged well with hand massage.",No concerns to hand over.,Routine care given.,Nil to hand over.,0,approved,,,2026-10-08 07:34:04
57,RES001,2025-10-24,Night,B. Mensah,Care Worker,Daily,Full wash at the sink,Settled,Good,1533,,Yes,,No,Reminiscence group,Reminiscence group — participated well.,Good,Yes,,0,"Margaret presented as her usual self this night. Full wash at the sink completed with the usual level of support. Skin checked, intact throughout. Fluids 1533 ml over the night, good appetite at meals. Bright and settled for most of the shift; enjoyed reminiscence group.",No concerns to hand over.,Routine care given.,Nil to hand over.,0,approved,,,2026-10-08 07:34:04
58,RES001,2025-10-25,Morning,S. Patel,Care Worker,Daily,Strip wash in bedroom,Settled,Good,1366,,Yes,,No,Craft table,Craft table — participated well.,Good,No,,0,"No concerns raised for Margaret during the morning. Strip wash in bedroom; no skin concerns noted, pressure areas clear. 1366 ml of fluid encouraged across the shift; appetite good. Mood settled and engaged well with craft table.",Continue with the current plan of care.,Routine care given.,Nil to hand over.,0,approved,,,2026-10-08 07:34:04
59,RES001,2025-10-27,Morning,C. Fernandes,Care Worker,Daily,Full wash at the sink,Settled,Good,1481,,Yes,,No,One-to-one chat,One-to-one chat — participated well.,Good,No,,0,Margaret presented as her usual self this morning. Full wash at the sink carried out; Margaret was able to assist with parts of her own care. 1481 ml of fluid encouraged across the shift; appetite good. Bright and settled for most of the shift; enjoyed one-to-one chat.,No concerns to hand over.,Routine care given.,Nil to hand over.,0,approved,,,2026-10-08 07:34:04
60,RES001,2025-10-28,Morning,R. Kowalski,Care Worker,Daily,Bed bath,Low,Fair,1451,,Yes,,No,Rested in room,Rested in room — brief participation.,Disturbed,No,,0,"Margaret needed more prompting than usual this morning. Bed bath completed; slight redness noted to the sacrum, repositioning chart started. 1451 ml of fluid encouraged across the shift; appetite fair. Appeared low; needed reassurance on several occasions.",Monitor fluid intake and report any further decline to the senior on duty.,Fluids encouraged; senior carer made aware.,Monitor intake and mood.,0,approved,,,2026-10-08 07:34:04
61,RES001,2025-10-29,Night,P. Sharma,Care Worker,Daily,Supported wash with encouragement,Low,Fair,1377,,Yes,,No,Hand massage,Hand massage — brief participation.,Disturbed,Yes,,0,Staff noted a change in Margaret over the night. Supported wash with encouragement completed but Margaret was reluctant and needed encouragement. 1377 ml of fluid encouraged across the shift; appetite fair. Appeared low; needed reassurance on several occasions.,Please continue to observe closely; senior carer informed.,Fluids encouraged; senior carer made aware.,Monitor intake and mood.,0,approved,,,2026-10-08 07:34:04
62,RES001,2025-10-30,Morning,J. Okafor,Care Worker,Daily,Full assistance with washing and dressing,Settled,Good,1475,,Yes,,No,Hand massage,Hand massage — participated well.,Good,Yes,,0,"A good morning for Margaret. Full assistance with washing and dressing completed with the usual level of support. Skin checked, intact throughout. Fluid intake recorded at 1475 ml. Appetite described as good. Mood settled and engaged well with hand massage.",No concerns to hand over.,Routine care given.,Nil to hand over.,0,approved,,,2026-10-08 07:34:04
63,RES001,2025-10-31,Night,P. Sharma,Care Worker,Daily,Assisted shower,Settled,Good,1265,,Yes,,No,Bingo in the lounge,Bingo in the lounge — participated well.,Good,No,,0,Margaret has had a settled night. Assisted shower carried out; Margaret was able to assist with parts of her own care. Fluid intake recorded at 1265 ml. Appetite described as good. Bright and settled for most of the shift; enjoyed bingo in the lounge.,Nothing further to report.,Routine care given.,Nil to hand over.,0,approved,,,2026-10-08 07:34:04
64,RES001,2025-11-02,Morning,M. Nowak,Care Worker,Daily,Strip wash in bedroom,Settled,Good,1336,,Yes,,No,Visiting singer,Visiting singer — participated well.,Good,No,,0,"No concerns raised for Margaret during the morning. Strip wash in bedroom; no skin concerns noted, pressure areas clear. 1336 ml of fluid encouraged across the shift; appetite good. Bright and settled for most of the shift; enjoyed visiting singer.",Continue with the current plan of care.,Routine care given.,Nil to hand over.,0,approved,,,2026-10-08 07:34:04
65,RES001,2025-11-03,Morning,A. Whitfield,Care Worker,Daily,Assisted shower,Settled,Good,1411,,Yes,,No,Rested in room,Rested in room — participated well.,Good,No,,0,"Margaret presented as her usual self this morning. Assisted shower; no skin concerns noted, pressure areas clear. Fluids 1411 ml over the morning, good appetite at meals. Bright and settled for most of the shift; enjoyed rested in room.",Nothing further to report.,Routine care given.,Nil to hand over.,0,approved,,,2026-10-08 07:34:04
66,RES001,2025-11-04,Morning,C. Fernandes,Care Worker,Daily,Strip wash in bedroom,Low,Fair,1482,,Yes,,No,Bingo in the lounge,Bingo in the lounge — brief participation.,Disturbed,No,,0,Staff noted a change in Margaret over the morning. Strip wash in bedroom completed but Margaret was reluctant and needed encouragement. Fluid intake recorded at 1482 ml. Appetite described as fair. Mood low at times; declined bingo in the lounge and preferred to stay in her room.,Fluids to be encouraged on the next shift; keep under observation.,Fluids encouraged; senior carer made aware.,Monitor intake and mood.,0,approved,,,2026-10-08 07:34:04
67,RES001,2025-11-05,Afternoon,A. Whitfield,Care Worker,Daily,Full wash at the sink,Low,Fair,1487,,Yes,,No,One-to-one chat,One-to-one chat — brief participation.,Disturbed,No,,0,Margaret has been less settled this afternoon. Full wash at the sink completed but Margaret was reluctant and needed encouragement. Fluid intake recorded at 1487 ml. Appetite described as fair. Appeared low; needed reassurance on several occasions.,Please continue to observe closely; senior carer informed.,Fluids encouraged; senior carer made aware.,Monitor intake and mood.,0,approved,,,2026-10-08 07:34:04
68,RES001,2025-11-07,Morning,T. Nguyen,Care Worker,Daily,Full assistance with washing and dressing,Low,Fair,1278,,Yes,,No,Newspaper reading,Newspaper reading — brief participation.,Disturbed,No,,0,"Staff noted a change in Margaret over the morning. Full assistance with washing and dressing completed but Margaret was reluctant and needed encouragement. Fluids 1278 ml over the morning, fair appetite at meals. Mood low at times; declined newspaper reading and preferred to stay in her room.",Please continue to observe closely; senior carer informed.,Fluids encouraged; senior carer made aware.,Monitor intake and mood.,0,approved,,,2026-10-08 07:34:04
69,RES001,2025-11-10,Morning,A. Whitfield,Care Worker,Daily,Strip wash in bedroom,Low,Fair,1293,,Yes,,No,Rested in room,Rested in room — brief participation.,Disturbed,No,,0,Margaret needed more prompting than usual this morning. Strip wash in bedroom completed but Margaret was reluctant and needed encouragement. Took 1293 ml of fluids; ate fair at lunch and tea. Appeared low; needed reassurance on several occasions.,Please continue to observe closely; senior carer informed.,Fluids encouraged; senior carer made aware.,Monitor intake and mood.,0,approved,,,2026-10-08 07:34:04
70,RES001,2025-11-12,Afternoon,K. Adeyemi,Care Worker,Daily,Full wash at the sink,Low,Fair,1326,,Yes,,No,Garden walk with staff,Garden walk with staff — brief participation.,Disturbed,No,,0,Margaret has been less settled this afternoon. Full wash at the sink completed but Margaret was reluctant and needed encouragement. Took 1326 ml of fluids; ate fair at lunch and tea. Appeared low; needed reassurance on several occasions.,Monitor fluid intake and report any further decline to the senior on duty.,Fluids encouraged; senior carer made aware.,Monitor intake and mood.,0,approved,,,2026-10-08 07:34:04
71,RES001,2025-11-13,Morning,C. Fernandes,Care Worker,Daily,Full assistance with washing and dressing,Low,Fair,1349,,Yes,,No,Music session,Music session — brief participation.,Disturbed,No,,0,Staff noted a change in Margaret over the morning. Full assistance with washing and dressing completed but Margaret was reluctant and needed encouragement. Took 1349 ml of fluids; ate fair at lunch and tea. Appeared low; needed reassurance on several occasions.,Fluids to be encouraged on the next shift; keep under observation.,Fluids encouraged; senior carer made aware.,Monitor intake and mood.,0,approved,,,2026-10-08 07:34:04
72,RES001,2025-11-14,Morning,S. Patel,Care Worker,Daily,Full assistance with washing and dressing,Settled,Good,1562,,Yes,,No,Armchair exercises,Armchair exercises — participated well.,Good,No,,0,"Margaret presented as her usual self this morning. Full assistance with washing and dressing; no skin concerns noted, pressure areas clear. Took 1562 ml of fluids; ate good at lunch and tea. Bright and settled for most of the shift; enjoyed armchair exercises.",Nothing further to report.,Routine care given.,Nil to hand over.,0,approved,,,2026-10-08 07:34:04
73,RES001,2025-11-15,Afternoon,A. Whitfield,Care Worker,Daily,Strip wash in bedroom,Settled,Good,1506,,Yes,,No,Newspaper reading,Newspaper reading — participated well.,Good,No,,0,"A good afternoon for Margaret. Strip wash in bedroom; no skin concerns noted, pressure areas clear. Fluid intake recorded at 1506 ml. Appetite described as good. Mood settled and engaged well with newspaper reading.",No concerns to hand over.,Routine care given.,Nil to hand over.,0,approved,,,2026-10-08 07:34:04
74,RES001,2025-11-16,Morning,A. Whitfield,Care Worker,Daily,Full wash at the sink,Settled,Good,1500,,Yes,,No,Armchair exercises,Armchair exercises — participated well.,Good,No,,0,"No concerns raised for Margaret during the morning. Full wash at the sink; no skin concerns noted, pressure areas clear. Took 1500 ml of fluids; ate good at lunch and tea. Mood settled and engaged well with armchair exercises.",Nothing further to report.,Routine care given.,Nil to hand over.,0,approved,,,2026-10-08 07:34:04
75,RES001,2025-11-17,Afternoon,P. Sharma,Care Worker,Daily,Full assistance with washing and dressing,Settled,Good,1455,,Yes,,No,Hand massage,Hand massage — participated well.,Good,No,,0,A good afternoon for Margaret. Full assistance with washing and dressing carried out; Margaret was able to assist with parts of her own care. Fluid intake recorded at 1455 ml. Appetite described as good. Bright and settled for most of the shift; enjoyed hand massage.,Nothing further to report.,Routine care given.,Nil to hand over.,0,approved,,,2026-10-08 07:34:04
76,RES001,2025-11-18,Morning,J. Okafor,Care Worker,Daily,Assisted shower,Low,Fair,1396,,Yes,,No,Visiting singer,Visiting singer — brief participation.,Disturbed,Yes,,0,Staff noted a change in Margaret over the morning. Assisted shower completed but Margaret was reluctant and needed encouragement. Fluid intake recorded at 1396 ml. Appetite described as fair. Appeared low; needed reassurance on several occasions.,Monitor fluid intake and report any further decline to the senior on duty.,Fluids encouraged; senior carer made aware.,Monitor intake and mood.,0,approved,,,2026-10-08 07:34:04
77,RES001,2025-11-19,Morning,L. Ahmed,Care Worker,Daily,Supported wash with encouragement,Low,Fair,1351,,Yes,,No,Bingo in the lounge,Bingo in the lounge — brief participation.,Disturbed,Yes,,0,Margaret needed more prompting than usual this morning. Supported wash with encouragement completed but Margaret was reluctant and needed encouragement. 1351 ml of fluid encouraged across the shift; appetite fair. Appeared low; needed reassurance on several occasions.,Fluids to be encouraged on the next shift; keep under observation.,Fluids encouraged; senior carer made aware.,Monitor intake and mood.,0,approved,,,2026-10-08 07:34:04
78,RES001,2025-11-20,Morning,M. Nowak,Care Worker,Daily,Bed bath,Low,Fair,1397,,Yes,,No,Garden walk with staff,Garden walk with staff — brief participation.,Disturbed,No,,0,Staff noted a change in Margaret over the morning. Bed bath completed but Margaret was reluctant and needed encouragement. 1397 ml of fluid encouraged across the shift; appetite fair. Appeared low; needed reassurance on several occasions.,Monitor fluid intake and report any further decline to the senior on duty.,Fluids encouraged; senior carer made aware.,Monitor intake and mood.,0,approved,,,2026-10-08 07:34:04
79,RES001,2025-11-21,Night,S. Patel,Care Worker,Daily,Full wash at the sink,Low,Fair,1336,,Yes,,No,Rested in room,Rested in room — brief participation.,Disturbed,No,,0,"A more difficult night for Margaret. Full wash at the sink with two staff as Margaret was unsteady on transfer. Fluids 1336 ml over the night, fair appetite at meals. Mood fluctuated and was largely low. Did not settle to rested in room.",Monitor fluid intake and report any further decline to the senior on duty.,Fluids encouraged; senior carer made aware.,Monitor intake and mood.,0,approved,,,2026-10-08 07:34:04
80,RES001,2025-11-22,Night,L. Ahmed,Care Worker,Daily,Supported wash with encouragement,Low,Fair,1306,,Yes,,No,Hand massage,Hand massage — brief participation.,Disturbed,Yes,,0,"Margaret has been less settled this night. Supported wash with encouragement completed; slight redness noted to the sacrum, repositioning chart started. Fluid intake recorded at 1306 ml. Appetite described as fair. Appeared low; needed reassurance on several occasions.",Monitor fluid intake and report any further decline to the senior on duty.,Fluids encouraged; senior carer made aware.,Monitor intake and mood.,0,approved,,,2026-10-08 07:34:04
81,RES001,2025-11-23,Morning,J. Okafor,Care Worker,Daily,Full assistance with washing and dressing,Low,Fair,1316,,Yes,,No,Newspaper reading,Newspaper reading — brief participation.,Disturbed,Yes,,0,"Staff noted a change in Margaret over the morning. Full assistance with washing and dressing completed; slight redness noted to the sacrum, repositioning chart started. 1316 ml of fluid encouraged across the shift; appetite fair. Mood fluctuated and was largely low. Did not settle to newspaper reading.",Fluids to be encouraged on the next shift; keep under observation.,Fluids encouraged; senior carer made aware.,Monitor intake and mood.,0,approved,,,2026-10-08 07:34:04
82,RES001,2025-11-24,Morning,D. Osei,Care Worker,Daily,Full wash at the sink,Low,Fair,1436,,Yes,,No,Garden walk with staff,Garden walk with staff — brief participation.,Disturbed,No,,0,"Margaret needed more prompting than usual this morning. Full wash at the sink completed but Margaret was reluctant and needed encouragement. Fluids 1436 ml over the morning, fair appetite at meals. Mood low at times; declined garden walk with staff and preferred to stay in her room.",Fluids to be encouraged on the next shift; keep under observation.,Fluids encouraged; senior carer made aware.,Monitor intake and mood.,0,approved,,,2026-10-08 07:34:04
83,RES001,2025-11-25,Morning,P. Sharma,Care Worker,Daily,Assisted shower,Low,Fair,1373,,Yes,,No,Newspaper reading,Newspaper reading — brief participation.,Disturbed,No,,0,"Staff noted a change in Margaret over the morning. Assisted shower completed; slight redness noted to the sacrum, repositioning chart started. Fluid intake recorded at 1373 ml. Appetite described as fair. Appeared low; needed reassurance on several occasions.",Monitor fluid intake and report any further decline to the senior on duty.,Fluids encouraged; senior carer made aware.,Monitor intake and mood.,0,approved,,,2026-10-08 07:34:04
84,RES001,2025-11-26,Night,J. Okafor,Care Worker,Daily,Full assistance with washing and dressing,Settled,Good,1331,,Yes,,No,Garden walk with staff,Garden walk with staff — participated well.,Good,No,,0,A good night for Margaret. Full assistance with washing and dressing carried out; Margaret was able to assist with parts of her own care. Fluid intake recorded at 1331 ml. Appetite described as good. Presented as settled; joined in with garden walk with staff.,Continue with the current plan of care.,Routine care given.,Nil to hand over.,0,approved,,,2026-10-08 07:34:04
85,RES001,2025-11-27,Afternoon,D. Osei,Care Worker,Daily,Supported wash with encouragement,Low,Fair,1315,,Yes,,No,Armchair exercises,Armchair exercises — brief participation.,Disturbed,No,,0,Margaret needed more prompting than usual this afternoon. Supported wash with encouragement with two staff as Margaret was unsteady on transfer. Fluid intake recorded at 1315 ml. Appetite described as fair. Mood low at times; declined armchair exercises and preferred to stay in her room.,Monitor fluid intake and report any further decline to the senior on duty.,Fluids encouraged; senior carer made aware.,Monitor intake and mood.,0,approved,,,2026-10-08 07:34:04
86,RES001,2025-11-28,Afternoon,D. Osei,Care Worker,Daily,Full assistance with washing and dressing,Low,Fair,1528,,Yes,,No,Craft table,Craft table — brief participation.,Disturbed,Yes,,0,Margaret has been less settled this afternoon. Full assistance with washing and dressing with two staff as Margaret was unsteady on transfer. Fluid intake recorded at 1528 ml. Appetite described as fair. Appeared low; needed reassurance on several occasions.,Please continue to observe closely; senior carer informed.,Fluids encouraged; senior carer made aware.,Monitor intake and mood.,0,approved,,,2026-10-08 07:34:04
87,RES001,2025-11-29,Afternoon,A. Whitfield,Care Worker,Daily,Full wash at the sink,Low,Fair,1420,,Yes,,No,Visiting singer,Visiting singer — brief participation.,Disturbed,Yes,,0,"Staff noted a change in Margaret over the afternoon. Full wash at the sink completed; slight redness noted to the sacrum, repositioning chart started. Fluids 1420 ml over the afternoon, fair appetite at meals. Mood fluctuated and was largely low. Did not settle to visiting singer.",Monitor fluid intake and report any further decline to the senior on duty.,Fluids encouraged; senior carer made aware.,Monitor intake and mood.,0,approved,,,2026-10-08 07:34:04
88,RES001,2025-11-30,Night,L. Ahmed,Care Worker,Daily,Strip wash in bedroom,Low,Fair,1528,,Yes,,No,Visiting singer,Visiting singer — brief participation.,Disturbed,No,,0,"Margaret needed more prompting than usual this night. Strip wash in bedroom completed; slight redness noted to the sacrum, repositioning chart started. Took 1528 ml of fluids; ate fair at lunch and tea. Mood fluctuated and was largely low. Did not settle to visiting singer.",Please continue to observe closely; senior carer informed.,Fluids encouraged; senior carer made aware.,Monitor intake and mood.,0,approved,,,2026-10-08 07:34:04
89,RES001,2025-12-01,Night,D. Osei,Care Worker,Daily,Full wash at the sink,Low,Fair,1471,,Yes,,No,Craft table,Craft table — brief participation.,Disturbed,No,,0,"Margaret needed more prompting than usual this night. Full wash at the sink completed; slight redness noted to the sacrum, repositioning chart started. Fluids 1471 ml over the night, fair appetite at meals. Mood low at times; declined craft table and preferred to stay in her room.",Monitor fluid intake and report any further decline to the senior on duty.,Fluids encouraged; senior carer made aware.,Monitor intake and mood.,0,approved,,,2026-10-08 07:34:04
90,RES001,2025-12-02,Afternoon,B. Mensah,Care Worker,Daily,Strip wash in bedroom,Low,Fair,1463,,Yes,,No,Hand massage,Hand massage — brief participation.,Disturbed,No,,0,Staff noted a change in Margaret over the afternoon. Strip wash in bedroom with two staff as Margaret was unsteady on transfer. Fluid intake recorded at 1463 ml. Appetite described as fair. Mood fluctuated and was largely low. Did not settle to hand massage.,Please continue to observe closely; senior carer informed.,Fluids encouraged; senior carer made aware.,Monitor intake and mood.,0,approved,,,2026-10-08 07:34:04
91,RES001,2025-12-03,Afternoon,T. Nguyen,Care Worker,Daily,Full wash at the sink,Low,Fair,1303,,Yes,,No,Garden walk with staff,Garden walk with staff — brief participation.,Disturbed,Yes,,0,"Margaret has been less settled this afternoon. Full wash at the sink completed; slight redness noted to the sacrum, repositioning chart started. Fluid intake recorded at 1303 ml. Appetite described as fair. Mood fluctuated and was largely low. Did not settle to garden walk with staff.",Please continue to observe closely; senior carer informed.,Fluids encouraged; senior carer made aware.,Monitor intake and mood.,0,approved,,,2026-10-08 07:34:04
92,RES001,2025-12-04,Morning,B. Mensah,Care Worker,Daily,Supported wash with encouragement,Low,Fair,1483,,Yes,,No,Hand massage,Hand massage — brief participation.,Disturbed,No,,0,A more difficult morning for Margaret. Supported wash with encouragement with two staff as Margaret was unsteady on transfer. Fluid intake recorded at 1483 ml. Appetite described as fair. Mood fluctuated and was largely low. Did not settle to hand massage.,Please continue to observe closely; senior carer informed.,Fluids encouraged; senior carer made aware.,Monitor intake and mood.,0,approved,,,2026-10-08 07:34:04
93,RES001,2025-12-05,Afternoon,D. Osei,Care Worker,Daily,Supported wash with encouragement,Low,Fair,1443,,Yes,,No,Rested in room,Rested in room — brief participation.,Disturbed,No,,0,Margaret needed more prompting than usual this afternoon. Supported wash with encouragement with two staff as Margaret was unsteady on transfer. 1443 ml of fluid encouraged across the shift; appetite fair. Mood fluctuated and was largely low. Did not settle to rested in room.,Fluids to be encouraged on the next shift; keep under observation.,Fluids encouraged; senior carer made aware.,Monitor intake and mood.,0,approved,,,2026-10-08 07:34:04
94,RES001,2025-12-07,Afternoon,M. Nowak,Care Worker,Daily,Assisted shower,Settled,Good,1449,,Yes,,No,One-to-one chat,One-to-one chat — participated well.,Good,No,,0,"A good afternoon for Margaret. Assisted shower; no skin concerns noted, pressure areas clear. Fluids 1449 ml over the afternoon, good appetite at meals. Mood settled and engaged well with one-to-one chat.",Nothing further to report.,Routine care given.,Nil to hand over.,0,approved,,,2026-10-08 07:34:04
95,RES001,2025-12-08,Night,L. Ahmed,Care Worker,Daily,Supported wash with encouragement,Settled,Good,1224,,Yes,,No,Reminiscence group,Reminiscence group — participated well.,Good,No,,0,"Margaret has had a settled night. Supported wash with encouragement completed with the usual level of support. Skin checked, intact throughout. Took 1224 ml of fluids; ate good at lunch and tea. Presented as settled; joined in with reminiscence group.",Nothing further to report.,Routine care given.,Nil to hand over.,0,approved,,,2026-10-08 07:34:04
96,RES001,2025-12-09,Night,R. Kowalski,Care Worker,Daily,Full assistance with washing and dressing,Settled,Good,1434,,Yes,,No,Music session,Music session — participated well.,Good,No,,0,Margaret presented as her usual self this night. Full assistance with washing and dressing carried out; Margaret was able to assist with parts of her own care. Took 1434 ml of fluids; ate good at lunch and tea. Mood settled and engaged well with music session.,Continue with the current plan of care.,Routine care given.,Nil to hand over.,0,approved,,,2026-10-08 07:34:04
97,RES001,2025-12-10,Afternoon,S. Patel,Care Worker,Daily,Supported wash with encouragement,Settled,Good,1562,,Yes,,No,Music session,Music session — participated well.,Good,No,,0,Margaret has had a settled afternoon. Supported wash with encouragement carried out; Margaret was able to assist with parts of her own care. 1562 ml of fluid encouraged across the shift; appetite good. Mood settled and engaged well with music session.,Continue with the current plan of care.,Routine care given.,Nil to hand over.,0,approved,,,2026-10-08 07:34:04
98,RES001,2025-12-11,Morning,L. Ahmed,Care Worker,Daily,Assisted shower,Settled,Good,1372,,Yes,,No,Craft table,Craft table — participated well.,Good,No,,0,"Margaret has had a settled morning. Assisted shower completed with the usual level of support. Skin checked, intact throughout. 1372 ml of fluid encouraged across the shift; appetite good. Presented as settled; joined in with craft table.",Nothing further to report.,Routine care given.,Nil to hand over.,0,approved,,,2026-10-08 07:34:04
99,RES001,2025-12-12,Morning,T. Nguyen,Care Worker,Daily,Bed bath,Settled,Good,1530,,Yes,,No,One-to-one chat,One-to-one chat — participated well.,Good,No,,0,A good morning for Margaret. Bed bath carried out; Margaret was able to assist with parts of her own care. Took 1530 ml of fluids; ate good at lunch and tea. Mood settled and engaged well with one-to-one chat.,Nothing further to report.,Routine care given.,Nil to hand over.,0,approved,,,2026-10-08 07:34:04
100,RES001,2025-12-13,Night,S. Patel,Care Worker,Daily,Supported wash with encouragement,Settled,Good,1436,,Yes,,No,Garden walk with staff,Garden walk with staff — participated well.,Good,No,,0,"No concerns raised for Margaret during the night. Supported wash with encouragement completed with the usual level of support. Skin checked, intact throughout. Fluid intake recorded at 1436 ml. Appetite described as good. Presented as settled; joined in with garden walk with staff.",Nothing further to report.,Routine care given.,Nil to hand over.,0,approved,,,2026-10-08 07:34:04
101,RES001,2025-12-14,Afternoon,M. Nowak,Care Worker,Daily,Full assistance with washing and dressing,Settled,Good,1523,,Yes,,No,Reminiscence group,Reminiscence group — participated well.,Good,No,,0,A good afternoon for Margaret. Full assistance with washing and dressing carried out; Margaret was able to assist with parts of her own care. Fluid intake recorded at 1523 ml. Appetite described as good. Presented as settled; joined in with reminiscence group.,Nothing further to report.,Routine care given.,Nil to hand over.,0,approved,,,2026-10-08 07:34:04
102,RES001,2025-12-15,Afternoon,J. Okafor,Care Worker,Daily,Assisted shower,Settled,Good,1249,,Yes,,No,Rested in room,Rested in room — participated well.,Good,No,,0,Margaret presented as her usual self this afternoon. Assisted shower carried out; Margaret was able to assist with parts of her own care. Fluid intake recorded at 1249 ml. Appetite described as good. Presented as settled; joined in with rested in room.,No concerns to hand over.,Routine care given.,Nil to hand over.,0,approved,,,2026-10-08 07:34:04
103,RES001,2025-12-16,Afternoon,T. Nguyen,Care Worker,Daily,Bed bath,Settled,Good,1415,,Yes,,No,Bingo in the lounge,Bingo in the lounge — participated well.,Good,No,,0,"Margaret has had a settled afternoon. Bed bath completed with the usual level of support. Skin checked, intact throughout. 1415 ml of fluid encouraged across the shift; appetite good. Bright and settled for most of the shift; enjoyed bingo in the lounge.",No concerns to hand over.,Routine care given.,Nil to hand over.,0,approved,,,2026-10-08 07:34:04
104,RES001,2025-12-17,Night,K. Adeyemi,Care Worker,Daily,Bed bath,Settled,Good,1596,,Yes,,No,Garden walk with staff,Garden walk with staff — participated well.,Good,No,,0,"No concerns raised for Margaret during the night. Bed bath completed with the usual level of support. Skin checked, intact throughout. Fluids 1596 ml over the night, good appetite at meals. Bright and settled for most of the shift; enjoyed garden walk with staff.",No concerns to hand over.,Routine care given.,Nil to hand over.,0,approved,,,2026-10-08 07:34:04
105,RES001,2025-12-18,Night,M. Nowak,Care Worker,Daily,Assisted shower,Settled,Good,1469,,Yes,,No,Music session,Music session — participated well.,Good,No,,0,Margaret presented as her usual self this night. Assisted shower carried out; Margaret was able to assist with parts of her own care. Fluid intake recorded at 1469 ml. Appetite described as good. Mood settled and engaged well with music session.,Nothing further to report.,Routine care given.,Nil to hand over.,0,approved,,,2026-10-08 07:34:04
106,RES001,2025-12-19,Night,B. Mensah,Care Worker,Daily,Assisted shower,Settled,Good,1336,,Yes,,No,Craft table,Craft table — participated well.,Good,Yes,,0,"Margaret has had a settled night. Assisted shower completed with the usual level of support. Skin checked, intact throughout. Fluid intake recorded at 1336 ml. Appetite described as good. Mood settled and engaged well with craft table.",Continue with the current plan of care.,Routine care given.,Nil to hand over.,0,approved,,,2026-10-08 07:34:04
107,RES001,2025-12-20,Night,J. Okafor,Care Worker,Daily,Supported wash with encouragement,Settled,Good,1448,,Yes,,No,Hand massage,Hand massage — participated well.,Good,No,,0,"A good night for Margaret. Supported wash with encouragement completed with the usual level of support. Skin checked, intact throughout. Fluids 1448 ml over the night, good appetite at meals. Bright and settled for most of the shift; enjoyed hand massage.",Nothing further to report.,Routine care given.,Nil to hand over.,0,approved,,,2026-10-08 07:34:04
108,RES001,2025-12-21,Afternoon,M. Nowak,Care Worker,Daily,Full wash at the sink,Settled,Good,1496,,Yes,,No,Hand massage,Hand massage — participated well.,Good,No,,0,"A good afternoon for Margaret. Full wash at the sink; no skin concerns noted, pressure areas clear. 1496 ml of fluid encouraged across the shift; appetite good. Bright and settled for most of the shift; enjoyed hand massage.",Nothing further to report.,Routine care given.,Nil to hand over.,0,approved,,,2026-10-08 07:34:04
109,RES001,2025-12-22,Night,T. Nguyen,Care Worker,Daily,Bed bath,Settled,Good,1395,,Yes,,No,Armchair exercises,Armchair exercises — participated well.,Good,No,,0,Margaret has had a settled night. Bed bath carried out; Margaret was able to assist with parts of her own care. Fluid intake recorded at 1395 ml. Appetite described as good. Bright and settled for most of the shift; enjoyed armchair exercises.,Nothing further to report.,Routine care given.,Nil to hand over.,0,approved,,,2026-10-08 07:34:04
110,RES001,2025-12-24,Morning,L. Ahmed,Care Worker,Daily,Bed bath,Low,Fair,1385,,Yes,,No,Reminiscence group,Reminiscence group — brief participation.,Disturbed,No,,0,A more difficult morning for Margaret. Bed bath with two staff as Margaret was unsteady on transfer. Took 1385 ml of fluids; ate fair at lunch and tea. Mood fluctuated and was largely low. Did not settle to reminiscence group.,Please continue to observe closely; senior carer informed.,Fluids encouraged; senior carer made aware.,Monitor intake and mood.,0,approved,,,2026-10-08 07:34:04
111,RES001,2025-12-25,Night,S. Patel,Care Worker,Daily,Full wash at the sink,Low,Fair,1607,,Yes,,No,Music session,Music session — brief participation.,Disturbed,No,,0,"A more difficult night for Margaret. Full wash at the sink completed; slight redness noted to the sacrum, repositioning chart started. Fluids 1607 ml over the night, fair appetite at meals. Mood fluctuated and was largely low. Did not settle to music session.",Monitor fluid intake and report any further decline to the senior on duty.,Fluids encouraged; senior carer made aware.,Monitor intake and mood.,0,approved,,,2026-10-08 07:34:04
112,RES001,2025-12-26,Night,A. Whitfield,Care Worker,Daily,Full assistance with washing and dressing,Low,Fair,1399,,Yes,,No,Visiting singer,Visiting singer — brief participation.,Disturbed,No,,0,Staff noted a change in Margaret over the night. Full assistance with washing and dressing with two staff as Margaret was unsteady on transfer. Took 1399 ml of fluids; ate fair at lunch and tea. Mood fluctuated and was largely low. Did not settle to visiting singer.,Please continue to observe closely; senior carer informed.,Fluids encouraged; senior carer made aware.,Monitor intake and mood.,0,approved,,,2026-10-08 07:34:04
113,RES001,2025-12-27,Night,T. Nguyen,Care Worker,Daily,Bed bath,Low,Fair,1477,,Yes,,No,One-to-one chat,One-to-one chat — brief participation.,Disturbed,No,,0,A more difficult night for Margaret. Bed bath with two staff as Margaret was unsteady on transfer. Took 1477 ml of fluids; ate fair at lunch and tea. Appeared low; needed reassurance on several occasions.,Fluids to be encouraged on the next shift; keep under observation.,Fluids encouraged; senior carer made aware.,Monitor intake and mood.,0,approved,,,2026-10-08 07:34:04
114,RES001,2025-12-28,Afternoon,T. Nguyen,Care Worker,Daily,Full wash at the sink,Low,Fair,1500,,Yes,,No,Music session,Music session — brief participation.,Disturbed,No,,0,Margaret has been less settled this afternoon. Full wash at the sink completed but Margaret was reluctant and needed encouragement. Took 1500 ml of fluids; ate fair at lunch and tea. Mood fluctuated and was largely low. Did not settle to music session.,Monitor fluid intake and report any further decline to the senior on duty.,Fluids encouraged; senior carer made aware.,Monitor intake and mood.,0,approved,,,2026-10-08 07:34:04
115,RES001,2025-12-29,Morning,C. Fernandes,Care Worker,Daily,Assisted shower,Low,Fair,1413,,Yes,,No,Rested in room,Rested in room — brief participation.,Disturbed,No,,0,"Margaret has been less settled this morning. Assisted shower completed; slight redness noted to the sacrum, repositioning chart started. Took 1413 ml of fluids; ate fair at lunch and tea. Appeared low; needed reassurance on several occasions.",Monitor fluid intake and report any further decline to the senior on duty.,Fluids encouraged; senior carer made aware.,Monitor intake and mood.,0,approved,,,2026-10-08 07:34:04
116,RES001,2025-12-30,Morning,S. Patel,Care Worker,Daily,Full assistance with washing and dressing,Low,Fair,1511,,Yes,,No,Armchair exercises,Armchair exercises — brief participation.,Disturbed,Yes,,0,"Staff noted a change in Margaret over the morning. Full assistance with washing and dressing with two staff as Margaret was unsteady on transfer. Fluids 1511 ml over the morning, fair appetite at meals. Mood low at times; declined armchair exercises and preferred to stay in her room.",Fluids to be encouraged on the next shift; keep under observation.,Fluids encouraged; senior carer made aware.,Monitor intake and mood.,0,approved,,,2026-10-08 07:34:04
117,RES001,2025-12-31,Morning,T. Nguyen,Care Worker,Daily,Supported wash with encouragement,Low,Fair,1519,,Yes,,No,Armchair exercises,Armchair exercises — brief participation.,Disturbed,Yes,,0,"Margaret needed more prompting than usual this morning. Supported wash with encouragement with two staff as Margaret was unsteady on transfer. Fluids 1519 ml over the morning, fair appetite at meals. Mood low at times; declined armchair exercises and preferred to stay in her room.",Please continue to observe closely; senior carer informed.,Fluids encouraged; senior carer made aware.,Monitor intake and mood.,0,approved,,,2026-10-08 07:34:04
118,RES001,2026-01-01,Afternoon,B. Mensah,Care Worker,Daily,Bed bath,Low,Fair,1456,,Yes,,No,Rested in room,Rested in room — brief participation.,Disturbed,No,,0,A more difficult afternoon for Margaret. Bed bath completed but Margaret was reluctant and needed encouragement. Fluid intake recorded at 1456 ml. Appetite described as fair. Appeared low; needed reassurance on several occasions.,Monitor fluid intake and report any further decline to the senior on duty.,Fluids encouraged; senior carer made aware.,Monitor intake and mood.,0,approved,,,2026-10-08 07:34:04
119,RES001,2026-01-02,Afternoon,C. Fernandes,Care Worker,Daily,Strip wash in bedroom,Low,Fair,1359,,Yes,,No,Newspaper reading,Newspaper reading — brief participation.,Disturbed,No,,0,Staff noted a change in Margaret over the afternoon. Strip wash in bedroom completed but Margaret was reluctant and needed encouragement. Fluid intake recorded at 1359 ml. Appetite described as fair. Mood fluctuated and was largely low. Did not settle to newspaper reading.,Fluids to be encouraged on the next shift; keep under observation.,Fluids encouraged; senior carer made aware.,Monitor intake and mood.,0,approved,,,2026-10-08 07:34:04
120,RES001,2026-01-03,Afternoon,P. Sharma,Care Worker,Daily,Bed bath,Low,Fair,1309,,Yes,,No,Rested in room,Rested in room — brief participation.,Disturbed,No,,0,"A more difficult afternoon for Margaret. Bed bath completed; slight redness noted to the sacrum, repositioning chart started. Fluids 1309 ml over the afternoon, fair appetite at meals. Appeared low; needed reassurance on several occasions.",Please continue to observe closely; senior carer informed.,Fluids encouraged; senior carer made aware.,Monitor intake and mood.,0,approved,,,2026-10-08 07:34:04
121,RES001,2026-01-04,Afternoon,R. Kowalski,Care Worker,Daily,Full assistance with washing and dressing,Low,Fair,1151,,Yes,,No,Visiting singer,Visiting singer — brief participation.,Disturbed,No,,0,"Margaret has been less settled this afternoon. Full assistance with washing and dressing completed; slight redness noted to the sacrum, repositioning chart started. 1151 ml of fluid encouraged across the shift; appetite fair. Mood fluctuated and was largely low. Did not settle to visiting singer.",Fluids to be encouraged on the next shift; keep under observation.,Fluids encouraged; senior carer made aware.,Monitor intake and mood.,0,approved,,,2026-10-08 07:34:04
122,RES001,2026-01-05,Night,B. Mensah,Care Worker,Daily,Supported wash with encouragement,Low,Fair,1522,,Yes,,No,Music session,Music session — brief participation.,Disturbed,Yes,,0,Margaret has been less settled this night. Supported wash with encouragement completed but Margaret was reluctant and needed encouragement. Fluid intake recorded at 1522 ml. Appetite described as fair. Appeared low; needed reassurance on several occasions.,Please continue to observe closely; senior carer informed.,Fluids encouraged; senior carer made aware.,Monitor intake and mood.,0,approved,,,2026-10-08 07:34:04
123,RES001,2026-01-06,Night,J. Okafor,Care Worker,Daily,Assisted shower,Low,Fair,1345,,Yes,,No,Visiting singer,Visiting singer — brief participation.,Disturbed,Yes,,0,"Staff noted a change in Margaret over the night. Assisted shower completed; slight redness noted to the sacrum, repositioning chart started. 1345 ml of fluid encouraged across the shift; appetite fair. Mood low at times; declined visiting singer and preferred to stay in her room.",Please continue to observe closely; senior carer informed.,Fluids encouraged; senior carer made aware.,Monitor intake and mood.,0,approved,,,2026-10-08 07:34:04
124,RES001,2026-01-08,Afternoon,T. Nguyen,Care Worker,Daily,Bed bath,Low,Fair,1508,,Yes,,No,Bingo in the lounge,Bingo in the lounge — brief participation.,Disturbed,No,,0,Margaret needed more prompting than usual this afternoon. Bed bath completed but Margaret was reluctant and needed encouragement. Fluid intake recorded at 1508 ml. Appetite described as fair. Appeared low; needed reassurance on several occasions.,Please continue to observe closely; senior carer informed.,Fluids encouraged; senior carer made aware.,Monitor intake and mood.,0,approved,,,2026-10-08 07:34:04
125,RES001,2026-01-09,Afternoon,K. Adeyemi,Care Worker,Daily,Full assistance with washing and dressing,Low,Fair,1390,,Yes,,No,Armchair exercises,Armchair exercises — brief participation.,Disturbed,No,,0,A more difficult afternoon for Margaret. Full assistance with washing and dressing completed but Margaret was reluctant and needed encouragement. 1390 ml of fluid encouraged across the shift; appetite fair. Appeared low; needed reassurance on several occasions.,Fluids to be encouraged on the next shift; keep under observation.,Fluids encouraged; senior carer made aware.,Monitor intake and mood.,0,approved,,,2026-10-08 07:34:04
126,RES001,2026-01-11,Afternoon,R. Kowalski,Care Worker,Daily,Full wash at the sink,Low,Fair,1428,,Yes,,No,Music session,Music session — brief participation.,Disturbed,Yes,,0,A more difficult afternoon for Margaret. Full wash at the sink completed but Margaret was reluctant and needed encouragement. 1428 ml of fluid encouraged across the shift; appetite fair. Appeared low; needed reassurance on several occasions.,Monitor fluid intake and report any further decline to the senior on duty.,Fluids encouraged; senior carer made aware.,Monitor intake and mood.,0,approved,,,2026-10-08 07:34:04
127,RES001,2026-01-12,Night,C. Fernandes,Care Worker,Daily,Full wash at the sink,Low,Fair,1437,,Yes,,No,Reminiscence group,Reminiscence group — brief participation.,Disturbed,No,,0,"A more difficult night for Margaret. Full wash at the sink completed but Margaret was reluctant and needed encouragement. Fluids 1437 ml over the night, fair appetite at meals. Appeared low; needed reassurance on several occasions.",Fluids to be encouraged on the next shift; keep under observation.,Fluids encouraged; senior carer made aware.,Monitor intake and mood.,0,approved,,,2026-10-08 07:34:04
128,RES001,2026-01-13,Morning,B. Mensah,Care Worker,Daily,Assisted shower,Low,Fair,1604,,Yes,,No,Hand massage,Hand massage — brief participation.,Disturbed,No,,0,Margaret needed more prompting than usual this morning. Assisted shower with two staff as Margaret was unsteady on transfer. 1604 ml of fluid encouraged across the shift; appetite fair. Mood low at times; declined hand massage and preferred to stay in her room.,Monitor fluid intake and report any further decline to the senior on duty.,Fluids encouraged; senior carer made aware.,Monitor intake and mood.,0,approved,,,2026-10-08 07:34:04
129,RES001,2026-01-14,Morning,L. Ahmed,Care Worker,Daily,Full assistance with washing and dressing,Low,Fair,1433,,Yes,,No,Bingo in the lounge,Bingo in the lounge — brief participation.,Disturbed,No,,0,Margaret has been less settled this morning. Full assistance with washing and dressing completed but Margaret was reluctant and needed encouragement. 1433 ml of fluid encouraged across the shift; appetite fair. Mood fluctuated and was largely low. Did not settle to bingo in the lounge.,Please continue to observe closely; senior carer informed.,Fluids encouraged; senior carer made aware.,Monitor intake and mood.,0,approved,,,2026-10-08 07:34:04
130,RES001,2026-01-15,Morning,B. Mensah,Care Worker,Daily,Full assistance with washing and dressing,Low,Fair,1230,,Yes,,No,One-to-one chat,One-to-one chat — brief participation.,Disturbed,No,,0,Staff noted a change in Margaret over the morning. Full assistance with washing and dressing completed but Margaret was reluctant and needed encouragement. 1230 ml of fluid encouraged across the shift; appetite fair. Mood fluctuated and was largely low. Did not settle to one-to-one chat.,Monitor fluid intake and report any further decline to the senior on duty.,Fluids encouraged; senior carer made aware.,Monitor intake and mood.,0,approved,,,2026-10-08 07:34:04
131,RES001,2026-01-16,Night,R. Kowalski,Care Worker,Daily,Full assistance with washing and dressing,Low,Fair,1373,,Yes,,No,Visiting singer,Visiting singer — brief participation.,Disturbed,No,,0,Margaret needed more prompting than usual this night. Full assistance with washing and dressing completed but Margaret was reluctant and needed encouragement. Took 1373 ml of fluids; ate fair at lunch and tea. Mood low at times; declined visiting singer and preferred to stay in her room.,Please continue to observe closely; senior carer informed.,Fluids encouraged; senior carer made aware.,Monitor intake and mood.,0,approved,,,2026-10-08 07:34:04
132,RES001,2026-01-17,Morning,D. Osei,Care Worker,Daily,Strip wash in bedroom,Low,Fair,1204,,Yes,,No,Armchair exercises,Armchair exercises — brief participation.,Disturbed,Yes,,0,A more difficult morning for Margaret. Strip wash in bedroom completed but Margaret was reluctant and needed encouragement. 1204 ml of fluid encouraged across the shift; appetite fair. Mood low at times; declined armchair exercises and preferred to stay in her room.,Monitor fluid intake and report any further decline to the senior on duty.,Fluids encouraged; senior carer made aware.,Monitor intake and mood.,0,approved,,,2026-10-08 07:34:04
133,RES001,2026-01-19,Night,J. Okafor,Care Worker,Daily,Bed bath,Low,Fair,1324,,Yes,,No,Hand massage,Hand massage — brief participation.,Disturbed,No,,0,Margaret needed more prompting than usual this night. Bed bath completed but Margaret was reluctant and needed encouragement. 1324 ml of fluid encouraged across the shift; appetite fair. Appeared low; needed reassurance on several occasions.,Monitor fluid intake and report any further decline to the senior on duty.,Fluids encouraged; senior carer made aware.,Monitor intake and mood.,0,approved,,,2026-10-08 07:34:04
134,RES001,2026-01-20,Night,S. Patel,Care Worker,Daily,Supported wash with encouragement,Low,Fair,1278,,Yes,,No,Craft table,Craft table — brief participation.,Disturbed,Yes,,0,"Margaret needed more prompting than usual this night. Supported wash with encouragement completed; slight redness noted to the sacrum, repositioning chart started. 1278 ml of fluid encouraged across the shift; appetite fair. Mood low at times; declined craft table and preferred to stay in her room.",Please continue to observe closely; senior carer informed.,Fluids encouraged; senior carer made aware.,Monitor intake and mood.,0,approved,,,2026-10-08 07:34:04
135,RES001,2026-01-21,Morning,S. Patel,Care Worker,Daily,Strip wash in bedroom,Low,Fair,1407,,Yes,,No,Armchair exercises,Armchair exercises — brief participation.,Disturbed,Yes,,0,"Margaret needed more prompting than usual this morning. Strip wash in bedroom with two staff as Margaret was unsteady on transfer. Fluids 1407 ml over the morning, fair appetite at meals. Mood fluctuated and was largely low. Did not settle to armchair exercises.",Fluids to be encouraged on the next shift; keep under observation.,Fluids encouraged; senior carer made aware.,Monitor intake and mood.,0,approved,,,2026-10-08 07:34:04
136,RES001,2026-01-22,Night,C. Fernandes,Care Worker,Daily,Supported wash with encouragement,Low,Fair,1291,,Yes,,No,Reminiscence group,Reminiscence group — brief participation.,Disturbed,No,,0,"A more difficult night for Margaret. Supported wash with encouragement completed; slight redness noted to the sacrum, repositioning chart started. Fluids 1291 ml over the night, fair appetite at meals. Mood low at times; declined reminiscence group and preferred to stay in her room.",Please continue to observe closely; senior carer informed.,Fluids encouraged; senior carer made aware.,Monitor intake and mood.,0,approved,,,2026-10-08 07:34:04
137,RES001,2026-01-23,Afternoon,A. Whitfield,Care Worker,Daily,Full wash at the sink,Low,Fair,1248,,Yes,,No,Bingo in the lounge,Bingo in the lounge — brief participation.,Disturbed,Yes,,0,"A more difficult afternoon for Margaret. Full wash at the sink completed; slight redness noted to the sacrum, repositioning chart started. Fluid intake recorded at 1248 ml. Appetite described as fair. Mood low at times; declined bingo in the lounge and preferred to stay in her room.",Please continue to observe closely; senior carer informed.,Fluids encouraged; senior carer made aware.,Monitor intake and mood.,0,approved,,,2026-10-08 07:34:04
138,RES001,2026-01-24,Afternoon,M. Nowak,Care Worker,Daily,Bed bath,Low,Fair,1312,,Yes,,No,Reminiscence group,Reminiscence group — brief participation.,Disturbed,No,,0,Margaret needed more prompting than usual this afternoon. Bed bath with two staff as Margaret was unsteady on transfer. Fluid intake recorded at 1312 ml. Appetite described as fair. Mood fluctuated and was largely low. Did not settle to reminiscence group.,Please continue to observe closely; senior carer informed.,Fluids encouraged; senior carer made aware.,Monitor intake and mood.,0,approved,,,2026-10-08 07:34:04
139,RES001,2026-01-25,Morning,A. Whitfield,Care Worker,Daily,Supported wash with encouragement,Low,Fair,1284,,Yes,,No,One-to-one chat,One-to-one chat — brief participation.,Disturbed,Yes,,0,Staff noted a change in Margaret over the morning. Supported wash with encouragement completed but Margaret was reluctant and needed encouragement. 1284 ml of fluid encouraged across the shift; appetite fair. Mood fluctuated and was largely low. Did not settle to one-to-one chat.,Fluids to be encouraged on the next shift; keep under observation.,Fluids encouraged; senior carer made aware.,Monitor intake and mood.,0,approved,,,2026-10-08 07:34:04
140,RES001,2026-01-26,Morning,P. Sharma,Care Worker,Daily,Bed bath,Low,Fair,1352,,Yes,,No,Craft table,Craft table — brief participation.,Disturbed,No,,0,Margaret needed more prompting than usual this morning. Bed bath with two staff as Margaret was unsteady on transfer. 1352 ml of fluid encouraged across the shift; appetite fair. Mood low at times; declined craft table and preferred to stay in her room.,Monitor fluid intake and report any further decline to the senior on duty.,Fluids encouraged; senior carer made aware.,Monitor intake and mood.,0,approved,,,2026-10-08 07:34:04
141,RES001,2026-01-27,Night,P. Sharma,Care Worker,Daily,Strip wash in bedroom,Low,Fair,1258,,Yes,,No,Reminiscence group,Reminiscence group — brief participation.,Disturbed,No,,0,"Staff noted a change in Margaret over the night. Strip wash in bedroom completed; slight redness noted to the sacrum, repositioning chart started. Fluid intake recorded at 1258 ml. Appetite described as fair. Mood low at times; declined reminiscence group and preferred to stay in her room.",Fluids to be encouraged on the next shift; keep under observation.,Fluids encouraged; senior carer made aware.,Monitor intake and mood.,0,approved,,,2026-10-08 07:34:04
142,RES001,2026-01-28,Afternoon,M. Nowak,Care Worker,Daily,Full wash at the sink,Low,Fair,1239,,Yes,,No,Bingo in the lounge,Bingo in the lounge — brief participation.,Disturbed,No,,0,Margaret has been less settled this afternoon. Full wash at the sink with two staff as Margaret was unsteady on transfer. Took 1239 ml of fluids; ate fair at lunch and tea. Mood low at times; declined bingo in the lounge and preferred to stay in her room.,Please continue to observe closely; senior carer informed.,Fluids encouraged; senior carer made aware.,Monitor intake and mood.,0,approved,,,2026-10-08 07:34:04
143,RES001,2026-01-30,Afternoon,R. Kowalski,Care Worker,Daily,Full wash at the sink,Low,Fair,1304,,Yes,,No,Hand massage,Hand massage — brief participation.,Disturbed,No,,0,"A more difficult afternoon for Margaret. Full wash at the sink completed; slight redness noted to the sacrum, repositioning chart started. Took 1304 ml of fluids; ate fair at lunch and tea. Mood low at times; declined hand massage and preferred to stay in her room.",Please continue to observe closely; senior carer informed.,Fluids encouraged; senior carer made aware.,Monitor intake and mood.,0,approved,,,2026-10-08 07:34:04
144,RES001,2026-02-01,Afternoon,J. Okafor,Care Worker,Daily,Supported wash with encouragement,Low,Fair,1299,,Yes,,No,Craft table,Craft table — brief participation.,Disturbed,No,,0,Margaret needed more prompting than usual this afternoon. Supported wash with encouragement completed but Margaret was reluctant and needed encouragement. 1299 ml of fluid encouraged across the shift; appetite fair. Mood low at times; declined craft table and preferred to stay in her room.,Monitor fluid intake and report any further decline to the senior on duty.,Fluids encouraged; senior carer made aware.,Monitor intake and mood.,0,approved,,,2026-10-08 07:34:04
145,RES001,2026-02-02,Morning,B. Mensah,Care Worker,Daily,Assisted shower,Low,Fair,1368,,Yes,,No,Visiting singer,Visiting singer — brief participation.,Disturbed,Yes,,0,"Margaret has been less settled this morning. Assisted shower completed but Margaret was reluctant and needed encouragement. Fluids 1368 ml over the morning, fair appetite at meals. Mood fluctuated and was largely low. Did not settle to visiting singer.",Monitor fluid intake and report any further decline to the senior on duty.,Fluids encouraged; senior carer made aware.,Monitor intake and mood.,0,approved,,,2026-10-08 07:34:04
146,RES001,2026-02-04,Morning,P. Sharma,Care Worker,Daily,Supported wash with encouragement,Low,Fair,1338,,Yes,,No,Newspaper reading,Newspaper reading — brief participation.,Disturbed,No,,0,"A more difficult morning for Margaret. Supported wash with encouragement completed; slight redness noted to the sacrum, repositioning chart started. Fluid intake recorded at 1338 ml. Appetite described as fair. Appeared low; needed reassurance on several occasions.",Monitor fluid intake and report any further decline to the senior on duty.,Fluids encouraged; senior carer made aware.,Monitor intake and mood.,0,approved,,,2026-10-08 07:34:04
147,RES001,2026-02-05,Night,J. Okafor,Care Worker,Daily,Full assistance with washing and dressing,Low,Fair,1145,,Yes,,No,Visiting singer,Visiting singer — brief participation.,Disturbed,Yes,,0,"Staff noted a change in Margaret over the night. Full assistance with washing and dressing completed but Margaret was reluctant and needed encouragement. Fluids 1145 ml over the night, fair appetite at meals. Mood fluctuated and was largely low. Did not settle to visiting singer.",Please continue to observe closely; senior carer informed.,Fluids encouraged; senior carer made aware.,Monitor intake and mood.,0,approved,,,2026-10-08 07:34:04
148,RES001,2026-02-06,Night,L. Ahmed,Care Worker,Daily,Assisted shower,Low,Fair,1322,,Yes,,No,Rested in room,Rested in room — brief participation.,Disturbed,No,,0,"A more difficult night for Margaret. Assisted shower completed; slight redness noted to the sacrum, repositioning chart started. 1322 ml of fluid encouraged across the shift; appetite fair. Mood fluctuated and was largely low. Did not settle to rested in room.",Monitor fluid intake and report any further decline to the senior on duty.,Fluids encouraged; senior carer made aware.,Monitor intake and mood.,0,approved,,,2026-10-08 07:34:04
149,RES001,2026-02-07,Night,M. Nowak,Care Worker,Daily,Full wash at the sink,Low,Fair,1245,,Yes,,No,Garden walk with staff,Garden walk with staff — brief participation.,Disturbed,Yes,,0,Margaret needed more prompting than usual this night. Full wash at the sink with two staff as Margaret was unsteady on transfer. 1245 ml of fluid encouraged across the shift; appetite fair. Mood low at times; declined garden walk with staff and preferred to stay in her room.,Monitor fluid intake and report any further decline to the senior on duty.,Fluids encouraged; senior carer made aware.,Monitor intake and mood.,0,approved,,,2026-10-08 07:34:04
150,RES001,2026-02-08,Night,B. Mensah,Care Worker,Daily,Assisted shower,Low,Fair,1464,,Yes,,No,Armchair exercises,Armchair exercises — brief participation.,Disturbed,No,,0,Margaret has been less settled this night. Assisted shower with two staff as Margaret was unsteady on transfer. Fluid intake recorded at 1464 ml. Appetite described as fair. Appeared low; needed reassurance on several occasions.,Please continue to observe closely; senior carer informed.,Fluids encouraged; senior carer made aware.,Monitor intake and mood.,0,approved,,,2026-10-08 07:34:04
151,RES001,2026-02-09,Afternoon,D. Osei,Care Worker,Daily,Supported wash with encouragement,Low,Fair,1154,,Yes,,No,Rested in room,Rested in room — brief participation.,Disturbed,Yes,,0,"Staff noted a change in Margaret over the afternoon. Supported wash with encouragement with two staff as Margaret was unsteady on transfer. Fluids 1154 ml over the afternoon, fair appetite at meals. Mood fluctuated and was largely low. Did not settle to rested in room.",Monitor fluid intake and report any further decline to the senior on duty.,Fluids encouraged; senior carer made aware.,Monitor intake and mood.,0,approved,,,2026-10-08 07:34:04
152,RES001,2026-02-10,Afternoon,C. Fernandes,Care Worker,Daily,Supported wash with encouragement,Low,Fair,1353,,Yes,,No,Rested in room,Rested in room — brief participation.,Disturbed,No,,0,"A more difficult afternoon for Margaret. Supported wash with encouragement completed; slight redness noted to the sacrum, repositioning chart started. Fluid intake recorded at 1353 ml. Appetite described as fair. Appeared low; needed reassurance on several occasions.",Monitor fluid intake and report any further decline to the senior on duty.,Fluids encouraged; senior carer made aware.,Monitor intake and mood.,0,approved,,,2026-10-08 07:34:04
153,RES001,2026-02-11,Night,C. Fernandes,Care Worker,Daily,Strip wash in bedroom,Low,Fair,1323,,Yes,,No,Newspaper reading,Newspaper reading — brief participation.,Disturbed,Yes,,0,"Margaret needed more prompting than usual this night. Strip wash in bedroom with two staff as Margaret was unsteady on transfer. Fluids 1323 ml over the night, fair appetite at meals. Mood low at times; declined newspaper reading and preferred to stay in her room.",Monitor fluid intake and report any further decline to the senior on duty.,Fluids encouraged; senior carer made aware.,Monitor intake and mood.,0,approved,,,2026-10-08 07:34:04
154,RES001,2026-02-12,Night,L. Ahmed,Care Worker,Daily,Supported wash with encouragement,Low,Fair,1368,,Yes,,No,Bingo in the lounge,Bingo in the lounge — brief participation.,Disturbed,No,,0,Staff noted a change in Margaret over the night. Supported wash with encouragement completed but Margaret was reluctant and needed encouragement. Took 1368 ml of fluids; ate fair at lunch and tea. Mood fluctuated and was largely low. Did not settle to bingo in the lounge.,Please continue to observe closely; senior carer informed.,Fluids encouraged; senior carer made aware.,Monitor intake and mood.,0,approved,,,2026-10-08 07:34:04
155,RES001,2026-02-13,Afternoon,D. Osei,Care Worker,Daily,Bed bath,Low,Fair,1363,,Yes,,No,Armchair exercises,Armchair exercises — brief participation.,Disturbed,No,,0,"Margaret needed more prompting than usual this afternoon. Bed bath with two staff as Margaret was unsteady on transfer. Fluids 1363 ml over the afternoon, fair appetite at meals. Mood fluctuated and was largely low. Did not settle to armchair exercises.",Monitor fluid intake and report any further decline to the senior on duty.,Fluids encouraged; senior carer made aware.,Monitor intake and mood.,0,approved,,,2026-10-08 07:34:04
156,RES001,2026-02-14,Afternoon,K. Adeyemi,Care Worker,Daily,Full assistance with washing and dressing,Low,Fair,1298,,Yes,,No,Music session,Music session — brief participation.,Disturbed,No,,0,"Margaret needed more prompting than usual this afternoon. Full assistance with washing and dressing with two staff as Margaret was unsteady on transfer. Fluids 1298 ml over the afternoon, fair appetite at meals. Appeared low; needed reassurance on several occasions.",Monitor fluid intake and report any further decline to the senior on duty.,Fluids encouraged; senior carer made aware.,Monitor intake and mood.,0,approved,,,2026-10-08 07:34:04
157,RES001,2026-02-17,Afternoon,J. Okafor,Care Worker,Daily,Assisted shower,Low,Fair,1331,,Yes,,No,Bingo in the lounge,Bingo in the lounge — brief participation.,Disturbed,Yes,,0,A more difficult afternoon for Margaret. Assisted shower with two staff as Margaret was unsteady on transfer. Fluid intake recorded at 1331 ml. Appetite described as fair. Mood fluctuated and was largely low. Did not settle to bingo in the lounge.,Fluids to be encouraged on the next shift; keep under observation.,Fluids encouraged; senior carer made aware.,Monitor intake and mood.,0,approved,,,2026-10-08 07:34:04
158,RES001,2026-02-18,Morning,K. Adeyemi,Care Worker,Daily,Strip wash in bedroom,Low,Fair,1452,,Yes,,No,Bingo in the lounge,Bingo in the lounge — brief participation.,Disturbed,No,,0,"Staff noted a change in Margaret over the morning. Strip wash in bedroom completed; slight redness noted to the sacrum, repositioning chart started. Took 1452 ml of fluids; ate fair at lunch and tea. Mood fluctuated and was largely low. Did not settle to bingo in the lounge.",Monitor fluid intake and report any further decline to the senior on duty.,Fluids encouraged; senior carer made aware.,Monitor intake and mood.,0,approved,,,2026-10-08 07:34:04
159,RES001,2026-02-19,Morning,J. Okafor,Care Worker,Daily,Assisted shower,Low,Fair,1289,,Yes,,No,Visiting singer,Visiting singer — brief participation.,Disturbed,No,,0,"A more difficult morning for Margaret. Assisted shower completed but Margaret was reluctant and needed encouragement. Fluids 1289 ml over the morning, fair appetite at meals. Appeared low; needed reassurance on several occasions.",Please continue to observe closely; senior carer informed.,Fluids encouraged; senior carer made aware.,Monitor intake and mood.,0,approved,,,2026-10-08 07:34:04
160,RES001,2026-02-20,Afternoon,M. Nowak,Care Worker,Daily,Supported wash with encouragement,Low,Fair,1390,,Yes,,No,Garden walk with staff,Garden walk with staff — brief participation.,Disturbed,No,,0,Margaret has been less settled this afternoon. Supported wash with encouragement completed but Margaret was reluctant and needed encouragement. Fluid intake recorded at 1390 ml. Appetite described as fair. Appeared low; needed reassurance on several occasions.,Please continue to observe closely; senior carer informed.,Fluids encouraged; senior carer made aware.,Monitor intake and mood.,0,approved,,,2026-10-08 07:34:04
161,RES001,2026-02-21,Morning,J. Okafor,Care Worker,Daily,Full wash at the sink,Low,Fair,1295,,Yes,,No,Newspaper reading,Newspaper reading — brief participation.,Disturbed,Yes,,0,A more difficult morning for Margaret. Full wash at the sink completed but Margaret was reluctant and needed encouragement. 1295 ml of fluid encouraged across the shift; appetite fair. Appeared low; needed reassurance on several occasions.,Please continue to observe closely; senior carer informed.,Fluids encouraged; senior carer made aware.,Monitor intake and mood.,0,approved,,,2026-10-08 07:34:04
162,RES001,2026-02-23,Afternoon,P. Sharma,Care Worker,Daily,Bed bath,Low,Fair,1259,,Yes,,No,Rested in room,Rested in room — brief participation.,Disturbed,Yes,,0,"A more difficult afternoon for Margaret. Bed bath completed; slight redness noted to the sacrum, repositioning chart started. Fluid intake recorded at 1259 ml. Appetite described as fair. Appeared low; needed reassurance on several occasions.",Fluids to be encouraged on the next shift; keep under observation.,Fluids encouraged; senior carer made aware.,Monitor intake and mood.,0,approved,,,2026-10-08 07:34:04
163,RES001,2026-02-24,Afternoon,S. Patel,Care Worker,Daily,Bed bath,Low,Fair,1251,,Yes,,No,Rested in room,Rested in room — brief participation.,Disturbed,Yes,,0,A more difficult afternoon for Margaret. Bed bath completed but Margaret was reluctant and needed encouragement. Fluid intake recorded at 1251 ml. Appetite described as fair. Appeared low; needed reassurance on several occasions.,Fluids to be encouraged on the next shift; keep under observation.,Fluids encouraged; senior carer made aware.,Monitor intake and mood.,0,approved,,,2026-10-08 07:34:04
164,RES001,2026-02-26,Night,K. Adeyemi,Care Worker,Daily,Assisted shower,Low,Fair,1274,,Yes,,No,Newspaper reading,Newspaper reading — brief participation.,Disturbed,No,,0,"Margaret has been less settled this night. Assisted shower completed; slight redness noted to the sacrum, repositioning chart started. Fluid intake recorded at 1274 ml. Appetite described as fair. Mood low at times; declined newspaper reading and preferred to stay in her room.",Please continue to observe closely; senior carer informed.,Fluids encouraged; senior carer made aware.,Monitor intake and mood.,0,approved,,,2026-10-08 07:34:04
165,RES001,2026-02-27,Afternoon,K. Adeyemi,Care Worker,Daily,Full assistance with washing and dressing,Low,Fair,1312,,Yes,,No,Rested in room,Rested in room — brief participation.,Disturbed,No,,0,Margaret needed more prompting than usual this afternoon. Full assistance with washing and dressing with two staff as Margaret was unsteady on transfer. Fluid intake recorded at 1312 ml. Appetite described as fair. Mood fluctuated and was largely low. Did not settle to rested in room.,Monitor fluid intake and report any further decline to the senior on duty.,Fluids encouraged; senior carer made aware.,Monitor intake and mood.,0,approved,,,2026-10-08 07:34:04
166,RES001,2026-02-28,Night,P. Sharma,Care Worker,Daily,Assisted shower,Low,Fair,1056,,Yes,,No,Craft table,Craft table — brief participation.,Disturbed,No,,0,A more difficult night for Margaret. Assisted shower completed but Margaret was reluctant and needed encouragement. 1056 ml of fluid encouraged across the shift; appetite fair. Mood low at times; declined craft table and preferred to stay in her room.,Please continue to observe closely; senior carer informed.,Fluids encouraged; senior carer made aware.,Monitor intake and mood.,0,approved,,,2026-10-08 07:34:04
167,RES001,2026-03-01,Night,D. Osei,Care Worker,Daily,Assisted shower,Low,Fair,1409,,Yes,,No,Craft table,Craft table — brief participation.,Disturbed,No,,0,Margaret needed more prompting than usual this night. Assisted shower with two staff as Margaret was unsteady on transfer. Took 1409 ml of fluids; ate fair at lunch and tea. Mood low at times; declined craft table and preferred to stay in her room.,Please continue to observe closely; senior carer informed.,Fluids encouraged; senior carer made aware.,Monitor intake and mood.,0,approved,,,2026-10-08 07:34:04
168,RES001,2026-03-02,Morning,S. Patel,Care Worker,Daily,Supported wash with encouragement,Low,Fair,1331,,Yes,,No,Reminiscence group,Reminiscence group — brief participation.,Disturbed,No,,0,"Staff noted a change in Margaret over the morning. Supported wash with encouragement completed; slight redness noted to the sacrum, repositioning chart started. 1331 ml of fluid encouraged across the shift; appetite fair. Mood fluctuated and was largely low. Did not settle to reminiscence group.",Monitor fluid intake and report any further decline to the senior on duty.,Fluids encouraged; senior carer made aware.,Monitor intake and mood.,0,approved,,,2026-10-08 07:34:04
169,RES001,2026-03-03,Night,C. Fernandes,Care Worker,Daily,Full wash at the sink,Low,Fair,1109,,Yes,,No,Newspaper reading,Newspaper reading — brief participation.,Disturbed,No,,0,Staff noted a change in Margaret over the night. Full wash at the sink with two staff as Margaret was unsteady on transfer. 1109 ml of fluid encouraged across the shift; appetite fair. Appeared low; needed reassurance on several occasions.,Please continue to observe closely; senior carer informed.,Fluids encouraged; senior carer made aware.,Monitor intake and mood.,0,approved,,,2026-10-08 07:34:04
170,RES001,2026-03-04,Afternoon,M. Nowak,Care Worker,Daily,Supported wash with encouragement,Low,Fair,1208,,Yes,,No,Rested in room,Rested in room — brief participation.,Disturbed,No,,0,"A more difficult afternoon for Margaret. Supported wash with encouragement completed; slight redness noted to the sacrum, repositioning chart started. 1208 ml of fluid encouraged across the shift; appetite fair. Appeared low; needed reassurance on several occasions.",Fluids to be encouraged on the next shift; keep under observation.,Fluids encouraged; senior carer made aware.,Monitor intake and mood.,0,approved,,,2026-10-08 07:34:04
171,RES001,2026-03-05,Night,K. Adeyemi,Care Worker,Daily,Supported wash with encouragement,Low,Fair,1250,,Yes,,No,Hand massage,Hand massage — brief participation.,Disturbed,No,,0,"A more difficult night for Margaret. Supported wash with encouragement completed but Margaret was reluctant and needed encouragement. Fluids 1250 ml over the night, fair appetite at meals. Mood low at times; declined hand massage and preferred to stay in her room.",Please continue to observe closely; senior carer informed.,Fluids encouraged; senior carer made aware.,Monitor intake and mood.,0,approved,,,2026-10-08 07:34:04
172,RES001,2026-03-06,Night,P. Sharma,Care Worker,Daily,Assisted shower,Low,Fair,1135,,Yes,,No,Armchair exercises,Armchair exercises — brief participation.,Disturbed,Yes,,0,Margaret has been less settled this night. Assisted shower with two staff as Margaret was unsteady on transfer. 1135 ml of fluid encouraged across the shift; appetite fair. Appeared low; needed reassurance on several occasions.,Fluids to be encouraged on the next shift; keep under observation.,Fluids encouraged; senior carer made aware.,Monitor intake and mood.,0,approved,,,2026-10-08 07:34:04
173,RES001,2026-03-07,Morning,S. Patel,Care Worker,Daily,Full assistance with washing and dressing,Low,Fair,1374,,Yes,,No,Craft table,Craft table — brief participation.,Disturbed,No,,0,A more difficult morning for Margaret. Full assistance with washing and dressing completed but Margaret was reluctant and needed encouragement. 1374 ml of fluid encouraged across the shift; appetite fair. Mood fluctuated and was largely low. Did not settle to craft table.,Please continue to observe closely; senior carer informed.,Fluids encouraged; senior carer made aware.,Monitor intake and mood.,0,approved,,,2026-10-08 07:34:04
174,RES001,2026-03-08,Night,M. Nowak,Care Worker,Daily,Full assistance with washing and dressing,Low,Fair,1375,,Yes,,No,Newspaper reading,Newspaper reading — brief participation.,Disturbed,Yes,,0,"Margaret has been less settled this night. Full assistance with washing and dressing completed; slight redness noted to the sacrum, repositioning chart started. Fluid intake recorded at 1375 ml. Appetite described as fair. Mood fluctuated and was largely low. Did not settle to newspaper reading.",Fluids to be encouraged on the next shift; keep under observation.,Fluids encouraged; senior carer made aware.,Monitor intake and mood.,0,approved,,,2026-10-08 07:34:04
175,RES001,2026-03-09,Afternoon,T. Nguyen,Care Worker,Daily,Bed bath,Low,Fair,1299,,Yes,,No,Garden walk with staff,Garden walk with staff — brief participation.,Disturbed,Yes,,0,"Margaret needed more prompting than usual this afternoon. Bed bath completed; slight redness noted to the sacrum, repositioning chart started. Took 1299 ml of fluids; ate fair at lunch and tea. Mood low at times; declined garden walk with staff and preferred to stay in her room.",Monitor fluid intake and report any further decline to the senior on duty.,Fluids encouraged; senior carer made aware.,Monitor intake and mood.,0,approved,,,2026-10-08 07:34:04
176,RES001,2026-03-10,Night,B. Mensah,Care Worker,Daily,Full assistance with washing and dressing,Low,Fair,1190,,Yes,,No,Newspaper reading,Newspaper reading — brief participation.,Disturbed,No,,0,A more difficult night for Margaret. Full assistance with washing and dressing completed but Margaret was reluctant and needed encouragement. 1190 ml of fluid encouraged across the shift; appetite fair. Mood fluctuated and was largely low. Did not settle to newspaper reading.,Fluids to be encouraged on the next shift; keep under observation.,Fluids encouraged; senior carer made aware.,Monitor intake and mood.,0,approved,,,2026-10-08 07:34:04
177,RES001,2026-03-11,Afternoon,K. Adeyemi,Care Worker,Daily,Bed bath,Low,Fair,1218,,Yes,,No,Newspaper reading,Newspaper reading — brief participation.,Disturbed,No,,0,Margaret needed more prompting than usual this afternoon. Bed bath with two staff as Margaret was unsteady on transfer. 1218 ml of fluid encouraged across the shift; appetite fair. Mood low at times; declined newspaper reading and preferred to stay in her room.,Monitor fluid intake and report any further decline to the senior on duty.,Fluids encouraged; senior carer made aware.,Monitor intake and mood.,0,approved,,,2026-10-08 07:34:04
178,RES001,2026-03-12,Night,T. Nguyen,Care Worker,Daily,Bed bath,Low,Fair,1341,,Yes,,No,Hand massage,Hand massage — brief participation.,Disturbed,No,,0,Margaret needed more prompting than usual this night. Bed bath with two staff as Margaret was unsteady on transfer. 1341 ml of fluid encouraged across the shift; appetite fair. Mood fluctuated and was largely low. Did not settle to hand massage.,Please continue to observe closely; senior carer informed.,Fluids encouraged; senior carer made aware.,Monitor intake and mood.,0,approved,,,2026-10-08 07:34:04
179,RES001,2026-03-13,Night,T. Nguyen,Care Worker,Daily,Strip wash in bedroom,Low,Fair,1272,,Yes,,No,Music session,Music session — brief participation.,Disturbed,No,,0,"Margaret has been less settled this night. Strip wash in bedroom completed; slight redness noted to the sacrum, repositioning chart started. Fluids 1272 ml over the night, fair appetite at meals. Appeared low; needed reassurance on several occasions.",Monitor fluid intake and report any further decline to the senior on duty.,Fluids encouraged; senior carer made aware.,Monitor intake and mood.,0,approved,,,2026-10-08 07:34:04
180,RES001,2026-03-14,Morning,P. Sharma,Care Worker,Daily,Full assistance with washing and dressing,Low,Fair,1325,,Yes,,No,Hand massage,Hand massage — brief participation.,Disturbed,No,,0,Margaret has been less settled this morning. Full assistance with washing and dressing completed but Margaret was reluctant and needed encouragement. 1325 ml of fluid encouraged across the shift; appetite fair. Appeared low; needed reassurance on several occasions.,Please continue to observe closely; senior carer informed.,Fluids encouraged; senior carer made aware.,Monitor intake and mood.,0,approved,,,2026-10-08 07:34:04
181,RES001,2026-03-15,Morning,D. Osei,Care Worker,Daily,Supported wash with encouragement,Low,Fair,1386,,Yes,,No,Reminiscence group,Reminiscence group — brief participation.,Disturbed,Yes,,0,"Margaret has been less settled this morning. Supported wash with encouragement completed but Margaret was reluctant and needed encouragement. Fluids 1386 ml over the morning, fair appetite at meals. Mood low at times; declined reminiscence group and preferred to stay in her room.",Fluids to be encouraged on the next shift; keep under observation.,Fluids encouraged; senior carer made aware.,Monitor intake and mood.,0,approved,,,2026-10-08 07:34:04
182,RES001,2026-03-17,Morning,B. Mensah,Care Worker,Daily,Full assistance with washing and dressing,Low,Fair,1450,,Yes,,No,Music session,Music session — brief participation.,Disturbed,Yes,,0,"Margaret has been less settled this morning. Full assistance with washing and dressing completed; slight redness noted to the sacrum, repositioning chart started. Took 1450 ml of fluids; ate fair at lunch and tea. Mood low at times; declined music session and preferred to stay in her room.",Fluids to be encouraged on the next shift; keep under observation.,Fluids encouraged; senior carer made aware.,Monitor intake and mood.,0,approved,,,2026-10-08 07:34:04
183,RES001,2026-03-18,Morning,R. Kowalski,Care Worker,Daily,Full assistance with washing and dressing,Low,Fair,1360,,Yes,,No,Rested in room,Rested in room — brief participation.,Disturbed,Yes,,0,Margaret needed more prompting than usual this morning. Full assistance with washing and dressing with two staff as Margaret was unsteady on transfer. 1360 ml of fluid encouraged across the shift; appetite fair. Mood low at times; declined rested in room and preferred to stay in her room.,Monitor fluid intake and report any further decline to the senior on duty.,Fluids encouraged; senior carer made aware.,Monitor intake and mood.,0,approved,,,2026-10-08 07:34:04
184,RES001,2026-03-19,Afternoon,C. Fernandes,Care Worker,Daily,Supported wash with encouragement,Low,Fair,1184,,Yes,,No,Armchair exercises,Armchair exercises — brief participation.,Disturbed,No,,0,A more difficult afternoon for Margaret. Supported wash with encouragement completed but Margaret was reluctant and needed encouragement. Fluid intake recorded at 1184 ml. Appetite described as fair. Mood low at times; declined armchair exercises and preferred to stay in her room.,Please continue to observe closely; senior carer informed.,Fluids encouraged; senior carer made aware.,Monitor intake and mood.,0,approved,,,2026-10-08 07:34:04
185,RES001,2026-03-20,Morning,C. Fernandes,Care Worker,Daily,Supported wash with encouragement,Low,Fair,1413,,Yes,,No,Hand massage,Hand massage — brief participation.,Disturbed,No,,0,Margaret needed more prompting than usual this morning. Supported wash with encouragement with two staff as Margaret was unsteady on transfer. 1413 ml of fluid encouraged across the shift; appetite fair. Mood low at times; declined hand massage and preferred to stay in her room.,Please continue to observe closely; senior carer informed.,Fluids encouraged; senior carer made aware.,Monitor intake and mood.,0,approved,,,2026-10-08 07:34:04
186,RES001,2026-03-21,Night,C. Fernandes,Care Worker,Daily,Full wash at the sink,Low,Fair,1146,,Yes,,No,Craft table,Craft table — brief participation.,Disturbed,No,,0,"Margaret has been less settled this night. Full wash at the sink completed; slight redness noted to the sacrum, repositioning chart started. Fluids 1146 ml over the night, fair appetite at meals. Mood fluctuated and was largely low. Did not settle to craft table.",Monitor fluid intake and report any further decline to the senior on duty.,Fluids encouraged; senior carer made aware.,Monitor intake and mood.,0,approved,,,2026-10-08 07:34:04
187,RES001,2026-03-22,Morning,M. Nowak,Care Worker,Daily,Full wash at the sink,Low,Fair,1270,,Yes,,No,Garden walk with staff,Garden walk with staff — brief participation.,Disturbed,Yes,,0,"A more difficult morning for Margaret. Full wash at the sink completed but Margaret was reluctant and needed encouragement. Fluids 1270 ml over the morning, fair appetite at meals. Appeared low; needed reassurance on several occasions.",Fluids to be encouraged on the next shift; keep under observation.,Fluids encouraged; senior carer made aware.,Monitor intake and mood.,0,approved,,,2026-10-08 07:34:04
188,RES001,2026-03-26,Morning,A. Whitfield,Care Worker,Daily,Full assistance with washing and dressing,Low,Fair,1208,,Yes,,No,Armchair exercises,Armchair exercises — brief participation.,Disturbed,No,,0,Margaret needed more prompting than usual this morning. Full assistance with washing and dressing with two staff as Margaret was unsteady on transfer. 1208 ml of fluid encouraged across the shift; appetite fair. Appeared low; needed reassurance on several occasions.,Please continue to observe closely; senior carer informed.,Fluids encouraged; senior carer made aware.,Monitor intake and mood.,0,approved,,,2026-10-08 07:34:04
189,RES001,2026-03-27,Night,L. Ahmed,Care Worker,Daily,Supported wash with encouragement,Low,Fair,1346,,Yes,,No,Music session,Music session — brief participation.,Disturbed,Yes,,0,"Staff noted a change in Margaret over the night. Supported wash with encouragement completed; slight redness noted to the sacrum, repositioning chart started. 1346 ml of fluid encouraged across the shift; appetite fair. Mood low at times; declined music session and preferred to stay in her room.",Fluids to be encouraged on the next shift; keep under observation.,Fluids encouraged; senior carer made aware.,Monitor intake and mood.,0,approved,,,2026-10-08 07:34:04
190,RES001,2026-03-28,Morning,B. Mensah,Care Worker,Daily,Supported wash with encouragement,Low,Fair,1196,,Yes,,No,One-to-one chat,One-to-one chat — brief participation.,Disturbed,Yes,,0,"A more difficult morning for Margaret. Supported wash with encouragement completed; slight redness noted to the sacrum, repositioning chart started. 1196 ml of fluid encouraged across the shift; appetite fair. Mood fluctuated and was largely low. Did not settle to one-to-one chat.",Fluids to be encouraged on the next shift; keep under observation.,Fluids encouraged; senior carer made aware.,Monitor intake and mood.,0,approved,,,2026-10-08 07:34:04
191,RES001,2026-03-29,Afternoon,C. Fernandes,Care Worker,Daily,Assisted shower,Low,Fair,1303,,Yes,,No,Visiting singer,Visiting singer — brief participation.,Disturbed,No,,0,"Staff noted a change in Margaret over the afternoon. Assisted shower completed; slight redness noted to the sacrum, repositioning chart started. 1303 ml of fluid encouraged across the shift; appetite fair. Mood fluctuated and was largely low. Did not settle to visiting singer.",Fluids to be encouraged on the next shift; keep under observation.,Fluids encouraged; senior carer made aware.,Monitor intake and mood.,0,approved,,,2026-10-08 07:34:04
192,RES001,2026-03-30,Morning,P. Sharma,Care Worker,Daily,Assisted shower,Low,Fair,1096,,Yes,,No,Rested in room,Rested in room — brief participation.,Disturbed,No,,0,"A more difficult morning for Margaret. Assisted shower completed but Margaret was reluctant and needed encouragement. Fluids 1096 ml over the morning, fair appetite at meals. Appeared low; needed reassurance on several occasions.",Monitor fluid intake and report any further decline to the senior on duty.,Fluids encouraged; senior carer made aware.,Monitor intake and mood.,0,approved,,,2026-10-08 07:34:04
193,RES001,2026-04-01,Morning,L. Ahmed,Care Worker,Daily,Strip wash in bedroom,Low,Fair,1174,,Yes,,No,Armchair exercises,Armchair exercises — brief participation.,Disturbed,Yes,,0,Staff noted a change in Margaret over the morning. Strip wash in bedroom completed but Margaret was reluctant and needed encouragement. 1174 ml of fluid encouraged across the shift; appetite fair. Appeared low; needed reassurance on several occasions.,Monitor fluid intake and report any further decline to the senior on duty.,Fluids encouraged; senior carer made aware.,Monitor intake and mood.,0,approved,,,2026-10-08 07:34:04
194,RES001,2026-04-02,Morning,S. Patel,Care Worker,Daily,Strip wash in bedroom,Low,Fair,1254,,Yes,,No,Hand massage,Hand massage — brief participation.,Disturbed,No,,0,"Margaret has been less settled this morning. Strip wash in bedroom completed but Margaret was reluctant and needed encouragement. Fluids 1254 ml over the morning, fair appetite at meals. Mood fluctuated and was largely low. Did not settle to hand massage.",Please continue to observe closely; senior carer informed.,Fluids encouraged; senior carer made aware.,Monitor intake and mood.,0,approved,,,2026-10-08 07:34:04
195,RES001,2026-04-04,Afternoon,S. Patel,Care Worker,Daily,Supported wash with encouragement,Low,Fair,1210,,Yes,,No,Reminiscence group,Reminiscence group — brief participation.,Disturbed,Yes,,0,"Margaret has been less settled this afternoon. Supported wash with encouragement completed; slight redness noted to the sacrum, repositioning chart started. Fluid intake recorded at 1210 ml. Appetite described as fair. Appeared low; needed reassurance on several occasions.",Please continue to observe closely; senior carer informed.,Fluids encouraged; senior carer made aware.,Monitor intake and mood.,0,approved,,,2026-10-08 07:34:04
196,RES001,2026-04-05,Afternoon,C. Fernandes,Care Worker,Daily,Bed bath,Low,Fair,1374,,Yes,,No,Garden walk with staff,Garden walk with staff — brief participation.,Disturbed,Yes,,0,Margaret has been less settled this afternoon. Bed bath completed but Margaret was reluctant and needed encouragement. Took 1374 ml of fluids; ate fair at lunch and tea. Appeared low; needed reassurance on several occasions.,Please continue to observe closely; senior carer informed.,Fluids encouraged; senior carer made aware.,Monitor intake and mood.,0,approved,,,2026-10-08 07:34:04
197,RES001,2026-04-06,Morning,J. Okafor,Care Worker,Daily,Supported wash with encouragement,Low,Fair,1230,,Yes,,No,Hand massage,Hand massage — brief participation.,Disturbed,Yes,,0,"Staff noted a change in Margaret over the morning. Supported wash with encouragement completed; slight redness noted to the sacrum, repositioning chart started. Took 1230 ml of fluids; ate fair at lunch and tea. Mood low at times; declined hand massage and preferred to stay in her room.",Please continue to observe closely; senior carer informed.,Fluids encouraged; senior carer made aware.,Monitor intake and mood.,0,approved,,,2026-10-08 07:34:04
198,RES001,2026-04-08,Morning,B. Mensah,Care Worker,Daily,Bed bath,Low,Fair,1268,,Yes,,No,Reminiscence group,Reminiscence group — brief participation.,Disturbed,Yes,,0,"A more difficult morning for Margaret. Bed bath completed; slight redness noted to the sacrum, repositioning chart started. Took 1268 ml of fluids; ate fair at lunch and tea. Mood low at times; declined reminiscence group and preferred to stay in her room.",Monitor fluid intake and report any further decline to the senior on duty.,Fluids encouraged; senior carer made aware.,Monitor intake and mood.,0,approved,,,2026-10-08 07:34:04
199,RES001,2026-04-09,Night,S. Patel,Care Worker,Daily,Strip wash in bedroom,Low,Fair,1243,,Yes,,No,Bingo in the lounge,Bingo in the lounge — brief participation.,Disturbed,No,,0,"A more difficult night for Margaret. Strip wash in bedroom completed but Margaret was reluctant and needed encouragement. Fluids 1243 ml over the night, fair appetite at meals. Mood low at times; declined bingo in the lounge and preferred to stay in her room.",Please continue to observe closely; senior carer informed.,Fluids encouraged; senior carer made aware.,Monitor intake and mood.,0,approved,,,2026-10-08 07:34:04
200,RES001,2026-04-10,Morning,L. Ahmed,Care Worker,Daily,Bed bath,Low,Fair,1333,,Yes,,No,Bingo in the lounge,Bingo in the lounge — brief participation.,Disturbed,Yes,,0,Staff noted a change in Margaret over the morning. Bed bath completed but Margaret was reluctant and needed encouragement. Took 1333 ml of fluids; ate fair at lunch and tea. Appeared low; needed reassurance on several occasions.,Monitor fluid intake and report any further decline to the senior on duty.,Fluids encouraged; senior carer made aware.,Monitor intake and mood.,0,approved,,,2026-10-08 07:34:04
201,RES001,2026-04-11,Night,S. Patel,Care Worker,Daily,Full assistance with washing and dressing,Low,Fair,1301,,Yes,,No,Rested in room,Rested in room — brief participation.,Disturbed,Yes,,0,Margaret has been less settled this night. Full assistance with washing and dressing completed but Margaret was reluctant and needed encouragement. Fluid intake recorded at 1301 ml. Appetite described as fair. Mood low at times; declined rested in room and preferred to stay in her room.,Please continue to observe closely; senior carer informed.,Fluids encouraged; senior carer made aware.,Monitor intake and mood.,0,approved,,,2026-10-08 07:34:04
202,RES001,2026-04-13,Morning,B. Mensah,Care Worker,Daily,Strip wash in bedroom,Low,Fair,1336,,Yes,,No,Music session,Music session — brief participation.,Disturbed,No,,0,"A more difficult morning for Margaret. Strip wash in bedroom with two staff as Margaret was unsteady on transfer. Fluids 1336 ml over the morning, fair appetite at meals. Appeared low; needed reassurance on several occasions.",Monitor fluid intake and report any further decline to the senior on duty.,Fluids encouraged; senior carer made aware.,Monitor intake and mood.,0,approved,,,2026-10-08 07:34:04
203,RES001,2026-04-14,Afternoon,C. Fernandes,Care Worker,Daily,Full assistance with washing and dressing,Low,Fair,1315,,Yes,,No,Hand massage,Hand massage — brief participation.,Disturbed,No,,0,"Margaret needed more prompting than usual this afternoon. Full assistance with washing and dressing with two staff as Margaret was unsteady on transfer. Fluids 1315 ml over the afternoon, fair appetite at meals. Mood low at times; declined hand massage and preferred to stay in her room.",Monitor fluid intake and report any further decline to the senior on duty.,Fluids encouraged; senior carer made aware.,Monitor intake and mood.,0,approved,,,2026-10-08 07:34:04
204,RES001,2026-04-15,Night,M. Nowak,Care Worker,Daily,Bed bath,Low,Fair,1127,,Yes,,No,Reminiscence group,Reminiscence group — brief participation.,Disturbed,No,,0,"Margaret has been less settled this night. Bed bath completed; slight redness noted to the sacrum, repositioning chart started. 1127 ml of fluid encouraged across the shift; appetite fair. Appeared low; needed reassurance on several occasions.",Please continue to observe closely; senior carer informed.,Fluids encouraged; senior carer made aware.,Monitor intake and mood.,0,approved,,,2026-10-08 07:34:04
205,RES001,2026-04-16,Afternoon,B. Mensah,Care Worker,Daily,Full wash at the sink,Low,Fair,1279,,Yes,,No,Craft table,Craft table — brief participation.,Disturbed,No,,0,Margaret needed more prompting than usual this afternoon. Full wash at the sink completed but Margaret was reluctant and needed encouragement. Fluid intake recorded at 1279 ml. Appetite described as fair. Mood low at times; declined craft table and preferred to stay in her room.,Please continue to observe closely; senior carer informed.,Fluids encouraged; senior carer made aware.,Monitor intake and mood.,0,approved,,,2026-10-08 07:34:04
206,RES001,2026-04-18,Night,P. Sharma,Care Worker,Daily,Full assistance with washing and dressing,Low,Fair,1357,,Yes,,No,Rested in room,Rested in room — brief participation.,Disturbed,Yes,,0,"Staff noted a change in Margaret over the night. Full assistance with washing and dressing completed; slight redness noted to the sacrum, repositioning chart started. 1357 ml of fluid encouraged across the shift; appetite fair. Mood low at times; declined rested in room and preferred to stay in her room.",Please continue to observe closely; senior carer informed.,Fluids encouraged; senior carer made aware.,Monitor intake and mood.,0,approved,,,2026-10-08 07:34:04
207,RES001,2026-04-19,Night,C. Fernandes,Care Worker,Daily,Strip wash in bedroom,Low,Fair,1147,,Yes,,No,Reminiscence group,Reminiscence group — brief participation.,Disturbed,Yes,,0,"Margaret needed more prompting than usual this night. Strip wash in bedroom completed; slight redness noted to the sacrum, repositioning chart started. Fluid intake recorded at 1147 ml. Appetite described as fair. Mood low at times; declined reminiscence group and preferred to stay in her room.",Monitor fluid intake and report any further decline to the senior on duty.,Fluids encouraged; senior carer made aware.,Monitor intake and mood.,0,approved,,,2026-10-08 07:34:04
208,RES001,2026-04-20,Afternoon,K. Adeyemi,Care Worker,Daily,Full wash at the sink,Low,Fair,1195,,Yes,,No,Hand massage,Hand massage — brief participation.,Disturbed,No,,0,"Margaret has been less settled this afternoon. Full wash at the sink completed; slight redness noted to the sacrum, repositioning chart started. 1195 ml of fluid encouraged across the shift; appetite fair. Mood fluctuated and was largely low. Did not settle to hand massage.",Monitor fluid intake and report any further decline to the senior on duty.,Fluids encouraged; senior carer made aware.,Monitor intake and mood.,0,approved,,,2026-10-08 07:34:04
209,RES001,2026-04-21,Night,L. Ahmed,Care Worker,Daily,Supported wash with encouragement,Low,Fair,1043,,Yes,,No,Garden walk with staff,Garden walk with staff — brief participation.,Disturbed,No,,0,"Margaret needed more prompting than usual this night. Supported wash with encouragement completed; slight redness noted to the sacrum, repositioning chart started. 1043 ml of fluid encouraged across the shift; appetite fair. Mood low at times; declined garden walk with staff and preferred to stay in her room.",Fluids to be encouraged on the next shift; keep under observation.,Fluids encouraged; senior carer made aware.,Monitor intake and mood.,0,approved,,,2026-10-08 07:34:04
210,RES001,2026-04-22,Afternoon,C. Fernandes,Care Worker,Daily,Supported wash with encouragement,Low,Fair,1212,,Yes,,No,Armchair exercises,Armchair exercises — brief participation.,Disturbed,No,,0,"Margaret needed more prompting than usual this afternoon. Supported wash with encouragement completed; slight redness noted to the sacrum, repositioning chart started. Took 1212 ml of fluids; ate fair at lunch and tea. Mood fluctuated and was largely low. Did not settle to armchair exercises.",Monitor fluid intake and report any further decline to the senior on duty.,Fluids encouraged; senior carer made aware.,Monitor intake and mood.,0,approved,,,2026-10-08 07:34:04
211,RES001,2026-04-23,Morning,R. Kowalski,Care Worker,Daily,Bed bath,Low,Fair,1246,,Yes,,No,Music session,Music session — brief participation.,Disturbed,Yes,,0,Margaret needed more prompting than usual this morning. Bed bath with two staff as Margaret was unsteady on transfer. Fluid intake recorded at 1246 ml. Appetite described as fair. Appeared low; needed reassurance on several occasions.,Fluids to be encouraged on the next shift; keep under observation.,Fluids encouraged; senior carer made aware.,Monitor intake and mood.,0,approved,,,2026-10-08 07:34:04
212,RES001,2026-04-24,Night,B. Mensah,Care Worker,Daily,Full assistance with washing and dressing,Low,Fair,1155,,Yes,,No,Craft table,Craft table — brief participation.,Disturbed,No,,0,"Margaret needed more prompting than usual this night. Full assistance with washing and dressing completed; slight redness noted to the sacrum, repositioning chart started. Fluids 1155 ml over the night, fair appetite at meals. Mood low at times; declined craft table and preferred to stay in her room.",Please continue to observe closely; senior carer informed.,Fluids encouraged; senior carer made aware.,Monitor intake and mood.,0,approved,,,2026-10-08 07:34:04
213,RES001,2026-04-25,Night,L. Ahmed,Care Worker,Daily,Full wash at the sink,Low,Fair,1217,,Yes,,No,Music session,Music session — brief participation.,Disturbed,No,,0,"Staff noted a change in Margaret over the night. Full wash at the sink completed; slight redness noted to the sacrum, repositioning chart started. 1217 ml of fluid encouraged across the shift; appetite fair. Appeared low; needed reassurance on several occasions.",Please continue to observe closely; senior carer informed.,Fluids encouraged; senior carer made aware.,Monitor intake and mood.,0,approved,,,2026-10-08 07:34:04
214,RES001,2026-04-26,Morning,K. Adeyemi,Care Worker,Daily,Supported wash with encouragement,Low,Fair,1167,,Yes,,No,Music session,Music session — brief participation.,Disturbed,No,,0,A more difficult morning for Margaret. Supported wash with encouragement completed but Margaret was reluctant and needed encouragement. 1167 ml of fluid encouraged across the shift; appetite fair. Appeared low; needed reassurance on several occasions.,Fluids to be encouraged on the next shift; keep under observation.,Fluids encouraged; senior carer made aware.,Monitor intake and mood.,0,approved,,,2026-10-08 07:34:04
215,RES001,2026-04-27,Morning,P. Sharma,Care Worker,Daily,Full assistance with washing and dressing,Low,Fair,1273,,Yes,,No,Garden walk with staff,Garden walk with staff — brief participation.,Disturbed,No,,0,"Staff noted a change in Margaret over the morning. Full assistance with washing and dressing completed but Margaret was reluctant and needed encouragement. Fluids 1273 ml over the morning, fair appetite at meals. Appeared low; needed reassurance on several occasions.",Monitor fluid intake and report any further decline to the senior on duty.,Fluids encouraged; senior carer made aware.,Monitor intake and mood.,0,approved,,,2026-10-08 07:34:04
216,RES001,2026-04-28,Night,K. Adeyemi,Care Worker,Daily,Strip wash in bedroom,Low,Fair,1064,,Yes,,No,One-to-one chat,One-to-one chat — brief participation.,Disturbed,Yes,,0,Margaret has been less settled this night. Strip wash in bedroom completed but Margaret was reluctant and needed encouragement. Fluid intake recorded at 1064 ml. Appetite described as fair. Appeared low; needed reassurance on several occasions.,Please continue to observe closely; senior carer informed.,Fluids encouraged; senior carer made aware.,Monitor intake and mood.,0,approved,,,2026-10-08 07:34:04
217,RES001,2026-04-29,Morning,J. Okafor,Care Worker,Daily,Full wash at the sink,Low,Fair,1244,,Yes,,No,Music session,Music session — brief participation.,Disturbed,No,,0,"A more difficult morning for Margaret. Full wash at the sink completed; slight redness noted to the sacrum, repositioning chart started. Took 1244 ml of fluids; ate fair at lunch and tea. Appeared low; needed reassurance on several occasions.",Please continue to observe closely; senior carer informed.,Fluids encouraged; senior carer made aware.,Monitor intake and mood.,0,approved,,,2026-10-08 07:34:04
218,RES001,2026-05-01,Afternoon,B. Mensah,Care Worker,Daily,Full assistance with washing and dressing,Low,Fair,1149,,Yes,,No,Armchair exercises,Armchair exercises — brief participation.,Disturbed,No,,0,Margaret needed more prompting than usual this afternoon. Full assistance with washing and dressing with two staff as Margaret was unsteady on transfer. Fluid intake recorded at 1149 ml. Appetite described as fair. Mood low at times; declined armchair exercises and preferred to stay in her room.,Fluids to be encouraged on the next shift; keep under observation.,Fluids encouraged; senior carer made aware.,Monitor intake and mood.,0,approved,,,2026-10-08 07:34:04
219,RES001,2026-05-03,Morning,S. Patel,Care Worker,Daily,Full assistance with washing and dressing,Low,Fair,1226,,Yes,,No,One-to-one chat,One-to-one chat — brief participation.,Disturbed,No,,0,"Margaret needed more prompting than usual this morning. Full assistance with washing and dressing with two staff as Margaret was unsteady on transfer. Fluids 1226 ml over the morning, fair appetite at meals. Appeared low; needed reassurance on several occasions.",Fluids to be encouraged on the next shift; keep under observation.,Fluids encouraged; senior carer made aware.,Monitor intake and mood.,0,approved,,,2026-10-08 07:34:04
220,RES001,2026-05-04,Night,T. Nguyen,Care Worker,Daily,Full wash at the sink,Low,Fair,1197,,Yes,,No,One-to-one chat,One-to-one chat — brief participation.,Disturbed,No,,0,"A more difficult night for Margaret. Full wash at the sink completed; slight redness noted to the sacrum, repositioning chart started. Took 1197 ml of fluids; ate fair at lunch and tea. Mood low at times; declined one-to-one chat and preferred to stay in her room.",Fluids to be encouraged on the next shift; keep under observation.,Fluids encouraged; senior carer made aware.,Monitor intake and mood.,0,approved,,,2026-10-08 07:34:04
221,RES001,2026-05-05,Morning,S. Patel,Care Worker,Daily,Full assistance with washing and dressing,Low,Fair,1166,,Yes,,No,Newspaper reading,Newspaper reading — brief participation.,Disturbed,No,,0,"Margaret needed more prompting than usual this morning. Full assistance with washing and dressing completed; slight redness noted to the sacrum, repositioning chart started. Fluid intake recorded at 1166 ml. Appetite described as fair. Appeared low; needed reassurance on several occasions.",Fluids to be encouraged on the next shift; keep under observation.,Fluids encouraged; senior carer made aware.,Monitor intake and mood.,0,approved,,,2026-10-08 07:34:04
222,RES001,2026-05-06,Morning,C. Fernandes,Care Worker,Daily,Bed bath,Low,Fair,1166,,Yes,,No,Armchair exercises,Armchair exercises — brief participation.,Disturbed,No,,0,"Margaret needed more prompting than usual this morning. Bed bath completed; slight redness noted to the sacrum, repositioning chart started. Took 1166 ml of fluids; ate fair at lunch and tea. Mood low at times; declined armchair exercises and preferred to stay in her room.",Monitor fluid intake and report any further decline to the senior on duty.,Fluids encouraged; senior carer made aware.,Monitor intake and mood.,0,approved,,,2026-10-08 07:34:04
223,RES001,2026-05-07,Afternoon,D. Osei,Care Worker,Daily,Strip wash in bedroom,Low,Fair,1085,,Yes,,No,Garden walk with staff,Garden walk with staff — brief participation.,Disturbed,No,,0,A more difficult afternoon for Margaret. Strip wash in bedroom with two staff as Margaret was unsteady on transfer. Fluid intake recorded at 1085 ml. Appetite described as fair. Mood low at times; declined garden walk with staff and preferred to stay in her room.,Fluids to be encouraged on the next shift; keep under observation.,Fluids encouraged; senior carer made aware.,Monitor intake and mood.,0,approved,,,2026-10-08 07:34:04
224,RES001,2026-05-08,Afternoon,K. Adeyemi,Care Worker,Daily,Assisted shower,Low,Fair,1050,,Yes,,No,Garden walk with staff,Garden walk with staff — brief participation.,Disturbed,Yes,,0,"Margaret needed more prompting than usual this afternoon. Assisted shower completed but Margaret was reluctant and needed encouragement. Fluids 1050 ml over the afternoon, fair appetite at meals. Appeared low; needed reassurance on several occasions.",Please continue to observe closely; senior carer informed.,Fluids encouraged; senior carer made aware.,Monitor intake and mood.,0,approved,,,2026-10-08 07:34:04
225,RES001,2026-05-09,Morning,L. Ahmed,Care Worker,Daily,Full assistance with washing and dressing,Low,Fair,1331,,Yes,,No,Visiting singer,Visiting singer — brief participation.,Disturbed,No,,0,"Margaret needed more prompting than usual this morning. Full assistance with washing and dressing with two staff as Margaret was unsteady on transfer. Fluids 1331 ml over the morning, fair appetite at meals. Appeared low; needed reassurance on several occasions.",Monitor fluid intake and report any further decline to the senior on duty.,Fluids encouraged; senior carer made aware.,Monitor intake and mood.,0,approved,,,2026-10-08 07:34:04
226,RES001,2026-05-10,Afternoon,M. Nowak,Care Worker,Daily,Bed bath,Low,Fair,1214,,Yes,,No,Garden walk with staff,Garden walk with staff — brief participation.,Disturbed,No,,0,Staff noted a change in Margaret over the afternoon. Bed bath completed but Margaret was reluctant and needed encouragement. 1214 ml of fluid encouraged across the shift; appetite fair. Appeared low; needed reassurance on several occasions.,Monitor fluid intake and report any further decline to the senior on duty.,Fluids encouraged; senior carer made aware.,Monitor intake and mood.,0,approved,,,2026-10-08 07:34:04
227,RES001,2026-05-11,Night,L. Ahmed,Care Worker,Daily,Supported wash with encouragement,Low,Fair,1071,,Yes,,No,Garden walk with staff,Garden walk with staff — brief participation.,Disturbed,Yes,,0,"Margaret has been less settled this night. Supported wash with encouragement completed but Margaret was reluctant and needed encouragement. Fluids 1071 ml over the night, fair appetite at meals. Appeared low; needed reassurance on several occasions.",Monitor fluid intake and report any further decline to the senior on duty.,Fluids encouraged; senior carer made aware.,Monitor intake and mood.,0,approved,,,2026-10-08 07:34:04
228,RES001,2026-05-12,Afternoon,A. Whitfield,Care Worker,Daily,Full wash at the sink,Low,Fair,1166,,Yes,,No,Music session,Music session — brief participation.,Disturbed,Yes,,0,Margaret has been less settled this afternoon. Full wash at the sink with two staff as Margaret was unsteady on transfer. Fluid intake recorded at 1166 ml. Appetite described as fair. Appeared low; needed reassurance on several occasions.,Please continue to observe closely; senior carer informed.,Fluids encouraged; senior carer made aware.,Monitor intake and mood.,0,approved,,,2026-10-08 07:34:04
229,RES001,2026-05-13,Morning,K. Adeyemi,Care Worker,Daily,Assisted shower,Low,Fair,1190,,Yes,,No,Hand massage,Hand massage — brief participation.,Disturbed,No,,0,"Margaret needed more prompting than usual this morning. Assisted shower completed; slight redness noted to the sacrum, repositioning chart started. 1190 ml of fluid encouraged across the shift; appetite fair. Mood fluctuated and was largely low. Did not settle to hand massage.",Monitor fluid intake and report any further decline to the senior on duty.,Fluids encouraged; senior carer made aware.,Monitor intake and mood.,0,approved,,,2026-10-08 07:34:04
230,RES001,2026-05-14,Night,A. Whitfield,Care Worker,Daily,Strip wash in bedroom,Low,Fair,1146,,Yes,,No,Visiting singer,Visiting singer — brief participation.,Disturbed,No,,0,"A more difficult night for Margaret. Strip wash in bedroom completed; slight redness noted to the sacrum, repositioning chart started. Fluid intake recorded at 1146 ml. Appetite described as fair. Mood fluctuated and was largely low. Did not settle to visiting singer.",Please continue to observe closely; senior carer informed.,Fluids encouraged; senior carer made aware.,Monitor intake and mood.,0,approved,,,2026-10-08 07:34:04
231,RES001,2026-05-15,Afternoon,T. Nguyen,Care Worker,Daily,Strip wash in bedroom,Low,Fair,1217,,Yes,,No,Newspaper reading,Newspaper reading — brief participation.,Disturbed,No,,0,A more difficult afternoon for Margaret. Strip wash in bedroom completed but Margaret was reluctant and needed encouragement. Fluid intake recorded at 1217 ml. Appetite described as fair. Mood low at times; declined newspaper reading and preferred to stay in her room.,Fluids to be encouraged on the next shift; keep under observation.,Fluids encouraged; senior carer made aware.,Monitor intake and mood.,0,approved,,,2026-10-08 07:34:04
232,RES001,2026-05-16,Afternoon,K. Adeyemi,Care Worker,Daily,Full wash at the sink,Low,Fair,1199,,Yes,,No,Hand massage,Hand massage — brief participation.,Disturbed,Yes,,0,"Staff noted a change in Margaret over the afternoon. Full wash at the sink completed; slight redness noted to the sacrum, repositioning chart started. 1199 ml of fluid encouraged across the shift; appetite fair. Appeared low; needed reassurance on several occasions.",Please continue to observe closely; senior carer informed.,Fluids encouraged; senior carer made aware.,Monitor intake and mood.,0,approved,,,2026-10-08 07:34:04
233,RES001,2026-05-17,Morning,D. Osei,Care Worker,Daily,Supported wash with encouragement,Low,Fair,1071,,Yes,,No,Armchair exercises,Armchair exercises — brief participation.,Disturbed,No,,0,"Margaret needed more prompting than usual this morning. Supported wash with encouragement with two staff as Margaret was unsteady on transfer. Fluids 1071 ml over the morning, fair appetite at meals. Mood fluctuated and was largely low. Did not settle to armchair exercises.",Please continue to observe closely; senior carer informed.,Fluids encouraged; senior carer made aware.,Monitor intake and mood.,0,approved,,,2026-10-08 07:34:04
234,RES001,2026-05-18,Afternoon,L. Ahmed,Care Worker,Daily,Strip wash in bedroom,Low,Fair,1284,,Yes,,No,Hand massage,Hand massage — brief participation.,Disturbed,No,,0,Staff noted a change in Margaret over the afternoon. Strip wash in bedroom with two staff as Margaret was unsteady on transfer. 1284 ml of fluid encouraged across the shift; appetite fair. Mood fluctuated and was largely low. Did not settle to hand massage.,Monitor fluid intake and report any further decline to the senior on duty.,Fluids encouraged; senior carer made aware.,Monitor intake and mood.,0,approved,,,2026-10-08 07:34:04
235,RES001,2026-05-19,Morning,M. Nowak,Care Worker,Daily,Full assistance with washing and dressing,Low,Fair,1186,,Yes,,No,Armchair exercises,Armchair exercises — brief participation.,Disturbed,No,,0,A more difficult morning for Margaret. Full assistance with washing and dressing completed but Margaret was reluctant and needed encouragement. Fluid intake recorded at 1186 ml. Appetite described as fair. Mood fluctuated and was largely low. Did not settle to armchair exercises.,Monitor fluid intake and report any further decline to the senior on duty.,Fluids encouraged; senior carer made aware.,Monitor intake and mood.,0,approved,,,2026-10-08 07:34:04
236,RES001,2026-05-20,Afternoon,K. Adeyemi,Care Worker,Daily,Full wash at the sink,Low,Fair,1219,,Yes,,No,Reminiscence group,Reminiscence group — brief participation.,Disturbed,Yes,,0,"Margaret needed more prompting than usual this afternoon. Full wash at the sink completed; slight redness noted to the sacrum, repositioning chart started. Took 1219 ml of fluids; ate fair at lunch and tea. Mood low at times; declined reminiscence group and preferred to stay in her room.",Please continue to observe closely; senior carer informed.,Fluids encouraged; senior carer made aware.,Monitor intake and mood.,0,approved,,,2026-10-08 07:34:04
237,RES001,2026-05-21,Night,T. Nguyen,Care Worker,Daily,Full assistance with washing and dressing,Low,Fair,1246,,Yes,,No,Armchair exercises,Armchair exercises — brief participation.,Disturbed,No,,0,Margaret has been less settled this night. Full assistance with washing and dressing with two staff as Margaret was unsteady on transfer. 1246 ml of fluid encouraged across the shift; appetite fair. Appeared low; needed reassurance on several occasions.,Please continue to observe closely; senior carer informed.,Fluids encouraged; senior carer made aware.,Monitor intake and mood.,0,approved,,,2026-10-08 07:34:04
238,RES001,2026-05-22,Afternoon,S. Patel,Care Worker,Daily,Full assistance with washing and dressing,Low,Fair,1157,,Yes,,No,Armchair exercises,Armchair exercises — brief participation.,Disturbed,No,,0,Staff noted a change in Margaret over the afternoon. Full assistance with washing and dressing completed but Margaret was reluctant and needed encouragement. Took 1157 ml of fluids; ate fair at lunch and tea. Mood low at times; declined armchair exercises and preferred to stay in her room.,Fluids to be encouraged on the next shift; keep under observation.,Fluids encouraged; senior carer made aware.,Monitor intake and mood.,0,approved,,,2026-10-08 07:34:04
239,RES001,2026-05-24,Morning,J. Okafor,Care Worker,Daily,Assisted shower,Low,Fair,1262,,Yes,,No,Craft table,Craft table — brief participation.,Disturbed,Yes,,0,Margaret has been less settled this morning. Assisted shower with two staff as Margaret was unsteady on transfer. Fluid intake recorded at 1262 ml. Appetite described as fair. Mood low at times; declined craft table and preferred to stay in her room.,Fluids to be encouraged on the next shift; keep under observation.,Fluids encouraged; senior carer made aware.,Monitor intake and mood.,0,approved,,,2026-10-08 07:34:04
240,RES001,2026-05-25,Night,A. Whitfield,Care Worker,Daily,Bed bath,Low,Fair,1211,,Yes,,No,Newspaper reading,Newspaper reading — brief participation.,Disturbed,No,,0,Margaret needed more prompting than usual this night. Bed bath with two staff as Margaret was unsteady on transfer. Took 1211 ml of fluids; ate fair at lunch and tea. Mood fluctuated and was largely low. Did not settle to newspaper reading.,Fluids to be encouraged on the next shift; keep under observation.,Fluids encouraged; senior carer made aware.,Monitor intake and mood.,0,approved,,,2026-10-08 07:34:04
241,RES001,2026-05-26,Morning,C. Fernandes,Care Worker,Daily,Assisted shower,Low,Fair,1302,,Yes,,No,Music session,Music session — brief participation.,Disturbed,Yes,,0,"Margaret has been less settled this morning. Assisted shower completed but Margaret was reluctant and needed encouragement. Fluids 1302 ml over the morning, fair appetite at meals. Mood low at times; declined music session and preferred to stay in her room.",Monitor fluid intake and report any further decline to the senior on duty.,Fluids encouraged; senior carer made aware.,Monitor intake and mood.,0,approved,,,2026-10-08 07:34:04
242,RES001,2026-05-29,Morning,R. Kowalski,Care Worker,Daily,Assisted shower,Low,Fair,1218,,Yes,,No,Visiting singer,Visiting singer — brief participation.,Disturbed,No,,0,Margaret needed more prompting than usual this morning. Assisted shower with two staff as Margaret was unsteady on transfer. Fluid intake recorded at 1218 ml. Appetite described as fair. Mood fluctuated and was largely low. Did not settle to visiting singer.,Monitor fluid intake and report any further decline to the senior on duty.,Fluids encouraged; senior carer made aware.,Monitor intake and mood.,0,approved,,,2026-10-08 07:34:04
243,RES001,2026-05-30,Night,C. Fernandes,Care Worker,Daily,Full wash at the sink,Low,Fair,1166,,Yes,,No,One-to-one chat,One-to-one chat — brief participation.,Disturbed,No,,0,Margaret has been less settled this night. Full wash at the sink with two staff as Margaret was unsteady on transfer. 1166 ml of fluid encouraged across the shift; appetite fair. Mood low at times; declined one-to-one chat and preferred to stay in her room.,Please continue to observe closely; senior carer informed.,Fluids encouraged; senior carer made aware.,Monitor intake and mood.,0,approved,,,2026-10-08 07:34:04
244,RES001,2026-05-31,Morning,C. Fernandes,Care Worker,Daily,Full assistance with washing and dressing,Low,Fair,1258,,Yes,,No,Armchair exercises,Armchair exercises — brief participation.,Disturbed,No,,0,"Margaret needed more prompting than usual this morning. Full assistance with washing and dressing completed; slight redness noted to the sacrum, repositioning chart started. Took 1258 ml of fluids; ate fair at lunch and tea. Appeared low; needed reassurance on several occasions.",Monitor fluid intake and report any further decline to the senior on duty.,Fluids encouraged; senior carer made aware.,Monitor intake and mood.,0,approved,,,2026-10-08 07:34:04
245,RES001,2026-06-03,Night,S. Patel,Care Worker,Daily,Assisted shower,Low,Fair,1149,,Yes,,No,Garden walk with staff,Garden walk with staff — brief participation.,Disturbed,Yes,,0,"A more difficult night for Margaret. Assisted shower with two staff as Margaret was unsteady on transfer. Fluids 1149 ml over the night, fair appetite at meals. Mood fluctuated and was largely low. Did not settle to garden walk with staff.",Monitor fluid intake and report any further decline to the senior on duty.,Fluids encouraged; senior carer made aware.,Monitor intake and mood.,0,approved,,,2026-10-08 07:34:04
246,RES001,2026-06-04,Afternoon,R. Kowalski,Care Worker,Daily,Assisted shower,Low,Fair,1205,,Yes,,No,Armchair exercises,Armchair exercises — brief participation.,Disturbed,Yes,,0,Staff noted a change in Margaret over the afternoon. Assisted shower with two staff as Margaret was unsteady on transfer. Fluid intake recorded at 1205 ml. Appetite described as fair. Mood fluctuated and was largely low. Did not settle to armchair exercises.,Monitor fluid intake and report any further decline to the senior on duty.,Fluids encouraged; senior carer made aware.,Monitor intake and mood.,0,approved,,,2026-10-08 07:34:04
247,RES001,2026-06-06,Afternoon,S. Patel,Care Worker,Daily,Assisted shower,Low,Fair,1173,,Yes,,No,Armchair exercises,Armchair exercises — brief participation.,Disturbed,No,,0,Margaret needed more prompting than usual this afternoon. Assisted shower with two staff as Margaret was unsteady on transfer. Fluid intake recorded at 1173 ml. Appetite described as fair. Mood fluctuated and was largely low. Did not settle to armchair exercises.,Fluids to be encouraged on the next shift; keep under observation.,Fluids encouraged; senior carer made aware.,Monitor intake and mood.,0,approved,,,2026-10-08 07:34:04
248,RES001,2026-06-07,Night,J. Okafor,Care Worker,Daily,Full assistance with washing and dressing,Low,Fair,1241,,Yes,,No,Garden walk with staff,Garden walk with staff — brief participation.,Disturbed,No,,0,Margaret has been less settled this night. Full assistance with washing and dressing with two staff as Margaret was unsteady on transfer. Took 1241 ml of fluids; ate fair at lunch and tea. Mood fluctuated and was largely low. Did not settle to garden walk with staff.,Fluids to be encouraged on the next shift; keep under observation.,Fluids encouraged; senior carer made aware.,Monitor intake and mood.,0,approved,,,2026-10-08 07:34:04
249,RES001,2026-06-08,Morning,S. Patel,Care Worker,Daily,Strip wash in bedroom,Low,Fair,1217,,Yes,,No,Newspaper reading,Newspaper reading — brief participation.,Disturbed,No,,0,"Margaret has been less settled this morning. Strip wash in bedroom completed; slight redness noted to the sacrum, repositioning chart started. Fluid intake recorded at 1217 ml. Appetite described as fair. Mood fluctuated and was largely low. Did not settle to newspaper reading.",Fluids to be encouraged on the next shift; keep under observation.,Fluids encouraged; senior carer made aware.,Monitor intake and mood.,0,approved,,,2026-10-08 07:34:04
250,RES001,2026-06-09,Morning,R. Kowalski,Care Worker,Daily,Full wash at the sink,Low,Fair,1338,,Yes,,No,Hand massage,Hand massage — brief participation.,Disturbed,Yes,,0,Margaret has been less settled this morning. Full wash at the sink with two staff as Margaret was unsteady on transfer. 1338 ml of fluid encouraged across the shift; appetite fair. Mood fluctuated and was largely low. Did not settle to hand massage.,Please continue to observe closely; senior carer informed.,Fluids encouraged; senior carer made aware.,Monitor intake and mood.,0,approved,,,2026-10-08 07:34:04
251,RES001,2026-06-10,Morning,S. Patel,Care Worker,Daily,Assisted shower,Low,Fair,1134,,Yes,,No,Garden walk with staff,Garden walk with staff — brief participation.,Disturbed,No,,0,"Staff noted a change in Margaret over the morning. Assisted shower completed but Margaret was reluctant and needed encouragement. Fluids 1134 ml over the morning, fair appetite at meals. Appeared low; needed reassurance on several occasions.",Please continue to observe closely; senior carer informed.,Fluids encouraged; senior carer made aware.,Monitor intake and mood.,0,approved,,,2026-10-08 07:34:04
252,RES001,2026-06-11,Night,D. Osei,Care Worker,Daily,Bed bath,Low,Fair,1066,,Yes,,No,Craft table,Craft table — brief participation.,Disturbed,No,,0,A more difficult night for Margaret. Bed bath with two staff as Margaret was unsteady on transfer. 1066 ml of fluid encouraged across the shift; appetite fair. Mood low at times; declined craft table and preferred to stay in her room.,Please continue to observe closely; senior carer informed.,Fluids encouraged; senior carer made aware.,Monitor intake and mood.,0,approved,,,2026-10-08 07:34:04
253,RES001,2026-06-12,Morning,B. Mensah,Care Worker,Daily,Supported wash with encouragement,Low,Fair,1042,,Yes,,No,Garden walk with staff,Garden walk with staff — brief participation.,Disturbed,Yes,,0,"Margaret has been less settled this morning. Supported wash with encouragement completed but Margaret was reluctant and needed encouragement. Fluids 1042 ml over the morning, fair appetite at meals. Mood fluctuated and was largely low. Did not settle to garden walk with staff.",Please continue to observe closely; senior carer informed.,Fluids encouraged; senior carer made aware.,Monitor intake and mood.,0,approved,,,2026-10-08 07:34:04
254,RES001,2026-06-13,Morning,C. Fernandes,Care Worker,Daily,Full assistance with washing and dressing,Low,Fair,1244,,Yes,,No,Bingo in the lounge,Bingo in the lounge — brief participation.,Disturbed,Yes,,0,Margaret has been less settled this morning. Full assistance with washing and dressing completed but Margaret was reluctant and needed encouragement. Took 1244 ml of fluids; ate fair at lunch and tea. Appeared low; needed reassurance on several occasions.,Monitor fluid intake and report any further decline to the senior on duty.,Fluids encouraged; senior carer made aware.,Monitor intake and mood.,0,approved,,,2026-10-08 07:34:04
255,RES001,2026-06-14,Morning,T. Nguyen,Care Worker,Daily,Bed bath,Low,Fair,1310,,Yes,,No,Armchair exercises,Armchair exercises — brief participation.,Disturbed,No,,0,"Margaret has been less settled this morning. Bed bath completed; slight redness noted to the sacrum, repositioning chart started. Fluid intake recorded at 1310 ml. Appetite described as fair. Mood fluctuated and was largely low. Did not settle to armchair exercises.",Please continue to observe closely; senior carer informed.,Fluids encouraged; senior carer made aware.,Monitor intake and mood.,0,approved,,,2026-10-08 07:34:04
256,RES001,2026-06-15,Morning,M. Nowak,Care Worker,Daily,Assisted shower,Low,Fair,1036,,Yes,,No,Craft table,Craft table — brief participation.,Disturbed,Yes,,0,Staff noted a change in Margaret over the morning. Assisted shower completed but Margaret was reluctant and needed encouragement. 1036 ml of fluid encouraged across the shift; appetite fair. Appeared low; needed reassurance on several occasions.,Monitor fluid intake and report any further decline to the senior on duty.,Fluids encouraged; senior carer made aware.,Monitor intake and mood.,0,approved,,,2026-10-08 07:34:04
257,RES001,2026-06-16,Night,C. Fernandes,Care Worker,Daily,Bed bath,Low,Fair,1010,,Yes,,No,Newspaper reading,Newspaper reading — brief participation.,Disturbed,No,,0,A more difficult night for Margaret. Bed bath with two staff as Margaret was unsteady on transfer. Fluid intake recorded at 1010 ml. Appetite described as fair. Appeared low; needed reassurance on several occasions.,Monitor fluid intake and report any further decline to the senior on duty.,Fluids encouraged; senior carer made aware.,Monitor intake and mood.,0,approved,,,2026-10-08 07:34:04
258,RES001,2026-06-17,Morning,B. Mensah,Care Worker,Daily,Supported wash with encouragement,Low,Fair,1210,,Yes,,No,Reminiscence group,Reminiscence group — brief participation.,Disturbed,Yes,,0,Margaret needed more prompting than usual this morning. Supported wash with encouragement with two staff as Margaret was unsteady on transfer. 1210 ml of fluid encouraged across the shift; appetite fair. Mood low at times; declined reminiscence group and preferred to stay in her room.,Fluids to be encouraged on the next shift; keep under observation.,Fluids encouraged; senior carer made aware.,Monitor intake and mood.,0,approved,,,2026-10-08 07:34:04
259,RES001,2026-06-18,Morning,B. Mensah,Care Worker,Daily,Strip wash in bedroom,Low,Fair,1247,,Yes,,No,Rested in room,Rested in room — brief participation.,Disturbed,Yes,,0,"A more difficult morning for Margaret. Strip wash in bedroom completed; slight redness noted to the sacrum, repositioning chart started. 1247 ml of fluid encouraged across the shift; appetite fair. Appeared low; needed reassurance on several occasions.",Monitor fluid intake and report any further decline to the senior on duty.,Fluids encouraged; senior carer made aware.,Monitor intake and mood.,0,approved,,,2026-10-08 07:34:04
260,RES001,2026-06-19,Afternoon,T. Nguyen,Care Worker,Daily,Full wash at the sink,Low,Fair,1066,,Yes,,No,Visiting singer,Visiting singer — brief participation.,Disturbed,No,,0,"Margaret has been less settled this afternoon. Full wash at the sink completed; slight redness noted to the sacrum, repositioning chart started. Fluids 1066 ml over the afternoon, fair appetite at meals. Mood fluctuated and was largely low. Did not settle to visiting singer.",Monitor fluid intake and report any further decline to the senior on duty.,Fluids encouraged; senior carer made aware.,Monitor intake and mood.,0,approved,,,2026-10-08 07:34:04
261,RES001,2026-06-20,Night,C. Fernandes,Care Worker,Daily,Assisted shower,Low,Fair,1151,,Yes,,No,One-to-one chat,One-to-one chat — brief participation.,Disturbed,No,,0,"Margaret needed more prompting than usual this night. Assisted shower completed; slight redness noted to the sacrum, repositioning chart started. Fluids 1151 ml over the night, fair appetite at meals. Appeared low; needed reassurance on several occasions.",Fluids to be encouraged on the next shift; keep under observation.,Fluids encouraged; senior carer made aware.,Monitor intake and mood.,0,approved,,,2026-10-08 07:34:04
262,RES001,2026-06-21,Night,P. Sharma,Care Worker,Daily,Supported wash with encouragement,Low,Fair,1289,,Yes,,No,Newspaper reading,Newspaper reading — brief participation.,Disturbed,No,,0,Staff noted a change in Margaret over the night. Supported wash with encouragement with two staff as Margaret was unsteady on transfer. 1289 ml of fluid encouraged across the shift; appetite fair. Appeared low; needed reassurance on several occasions.,Fluids to be encouraged on the next shift; keep under observation.,Fluids encouraged; senior carer made aware.,Monitor intake and mood.,0,approved,,,2026-10-08 07:34:04
263,RES001,2026-06-22,Night,A. Whitfield,Care Worker,Daily,Assisted shower,Low,Fair,1310,,Yes,,No,Reminiscence group,Reminiscence group — brief participation.,Disturbed,No,,0,"Margaret needed more prompting than usual this night. Assisted shower completed; slight redness noted to the sacrum, repositioning chart started. 1310 ml of fluid encouraged across the shift; appetite fair. Mood fluctuated and was largely low. Did not settle to reminiscence group.",Fluids to be encouraged on the next shift; keep under observation.,Fluids encouraged; senior carer made aware.,Monitor intake and mood.,0,approved,,,2026-10-08 07:34:04
264,RES001,2026-06-24,Morning,K. Adeyemi,Care Worker,Daily,Full assistance with washing and dressing,Low,Fair,1215,,Yes,,No,Garden walk with staff,Garden walk with staff — brief participation.,Disturbed,No,,0,Margaret has been less settled this morning. Full assistance with washing and dressing with two staff as Margaret was unsteady on transfer. Fluid intake recorded at 1215 ml. Appetite described as fair. Appeared low; needed reassurance on several occasions.,Fluids to be encouraged on the next shift; keep under observation.,Fluids encouraged; senior carer made aware.,Monitor intake and mood.,0,approved,,,2026-10-08 07:34:04
265,RES001,2026-06-26,Night,R. Kowalski,Care Worker,Daily,Full wash at the sink,Low,Fair,1145,,Yes,,No,Bingo in the lounge,Bingo in the lounge — brief participation.,Disturbed,No,,0,"A more difficult night for Margaret. Full wash at the sink completed; slight redness noted to the sacrum, repositioning chart started. Fluids 1145 ml over the night, fair appetite at meals. Mood low at times; declined bingo in the lounge and preferred to stay in her room.",Monitor fluid intake and report any further decline to the senior on duty.,Fluids encouraged; senior carer made aware.,Monitor intake and mood.,0,approved,,,2026-10-08 07:34:04
266,RES001,2026-06-27,Afternoon,J. Okafor,Care Worker,Daily,Strip wash in bedroom,Low,Fair,1120,,Yes,,No,Music session,Music session — brief participation.,Disturbed,No,,0,Margaret has been less settled this afternoon. Strip wash in bedroom with two staff as Margaret was unsteady on transfer. Took 1120 ml of fluids; ate fair at lunch and tea. Appeared low; needed reassurance on several occasions.,Monitor fluid intake and report any further decline to the senior on duty.,Fluids encouraged; senior carer made aware.,Monitor intake and mood.,0,approved,,,2026-10-08 07:34:04
267,RES001,2026-06-28,Morning,S. Patel,Care Worker,Daily,Full assistance with washing and dressing,Low,Fair,1353,,Yes,,No,One-to-one chat,One-to-one chat — brief participation.,Disturbed,Yes,,0,Staff noted a change in Margaret over the morning. Full assistance with washing and dressing with two staff as Margaret was unsteady on transfer. Fluid intake recorded at 1353 ml. Appetite described as fair. Appeared low; needed reassurance on several occasions.,Monitor fluid intake and report any further decline to the senior on duty.,Fluids encouraged; senior carer made aware.,Monitor intake and mood.,0,approved,,,2026-10-08 07:34:04
268,RES001,2026-06-29,Morning,L. Ahmed,Care Worker,Daily,Bed bath,Low,Fair,1367,,Yes,,No,Hand massage,Hand massage — brief participation.,Disturbed,No,,0,"A more difficult morning for Margaret. Bed bath completed; slight redness noted to the sacrum, repositioning chart started. Fluids 1367 ml over the morning, fair appetite at meals. Mood fluctuated and was largely low. Did not settle to hand massage.",Fluids to be encouraged on the next shift; keep under observation.,Fluids encouraged; senior carer made aware.,Monitor intake and mood.,0,approved,,,2026-10-08 07:34:04
269,RES001,2026-07-02,Night,K. Adeyemi,Care Worker,Daily,Assisted shower,Low,Fair,1261,,Yes,,No,One-to-one chat,One-to-one chat — brief participation.,Disturbed,No,,0,"A more difficult night for Margaret. Assisted shower completed but Margaret was reluctant and needed encouragement. Fluids 1261 ml over the night, fair appetite at meals. Mood fluctuated and was largely low. Did not settle to one-to-one chat.",Monitor fluid intake and report any further decline to the senior on duty.,Fluids encouraged; senior carer made aware.,Monitor intake and mood.,0,approved,,,2026-10-08 07:34:04
270,RES001,2026-07-03,Afternoon,B. Mensah,Care Worker,Daily,Bed bath,Low,Fair,1076,,Yes,,No,Reminiscence group,Reminiscence group — brief participation.,Disturbed,No,,0,Margaret has been less settled this afternoon. Bed bath completed but Margaret was reluctant and needed encouragement. Fluid intake recorded at 1076 ml. Appetite described as fair. Mood fluctuated and was largely low. Did not settle to reminiscence group.,Fluids to be encouraged on the next shift; keep under observation.,Fluids encouraged; senior carer made aware.,Monitor intake and mood.,0,approved,,,2026-10-08 07:34:04
271,RES001,2026-07-04,Morning,K. Adeyemi,Care Worker,Daily,Assisted shower,Low,Fair,1172,,Yes,,No,Rested in room,Rested in room — brief participation.,Disturbed,Yes,,0,"Margaret needed more prompting than usual this morning. Assisted shower completed; slight redness noted to the sacrum, repositioning chart started. Took 1172 ml of fluids; ate fair at lunch and tea. Appeared low; needed reassurance on several occasions.",Monitor fluid intake and report any further decline to the senior on duty.,Fluids encouraged; senior carer made aware.,Monitor intake and mood.,0,approved,,,2026-10-08 07:34:04
272,RES001,2026-07-05,Night,M. Nowak,Care Worker,Daily,Assisted shower,Low,Fair,1221,,Yes,,No,Bingo in the lounge,Bingo in the lounge — brief participation.,Disturbed,Yes,,0,"Margaret has been less settled this night. Assisted shower with two staff as Margaret was unsteady on transfer. Fluids 1221 ml over the night, fair appetite at meals. Appeared low; needed reassurance on several occasions.",Please continue to observe closely; senior carer informed.,Fluids encouraged; senior carer made aware.,Monitor intake and mood.,0,approved,,,2026-10-08 07:34:04
273,RES001,2026-07-06,Afternoon,A. Whitfield,Care Worker,Daily,Full assistance with washing and dressing,Low,Fair,1232,,Yes,,No,Craft table,Craft table — brief participation.,Disturbed,Yes,,0,Staff noted a change in Margaret over the afternoon. Full assistance with washing and dressing completed but Margaret was reluctant and needed encouragement. Took 1232 ml of fluids; ate fair at lunch and tea. Appeared low; needed reassurance on several occasions.,Monitor fluid intake and report any further decline to the senior on duty.,Fluids encouraged; senior carer made aware.,Monitor intake and mood.,0,approved,,,2026-10-08 07:34:04
274,RES001,2026-07-07,Night,C. Fernandes,Care Worker,Daily,Full wash at the sink,Low,Fair,1256,,Yes,,No,Hand massage,Hand massage — brief participation.,Disturbed,No,,0,"Margaret needed more prompting than usual this night. Full wash at the sink completed but Margaret was reluctant and needed encouragement. Fluids 1256 ml over the night, fair appetite at meals. Mood low at times; declined hand massage and preferred to stay in her room.",Please continue to observe closely; senior carer informed.,Fluids encouraged; senior carer made aware.,Monitor intake and mood.,0,approved,,,2026-10-08 07:34:04
275,RES001,2026-07-08,Afternoon,L. Ahmed,Care Worker,Daily,Assisted shower,Low,Fair,1190,,Yes,,No,Visiting singer,Visiting singer — brief participation.,Disturbed,No,,0,"Margaret has been less settled this afternoon. Assisted shower completed; slight redness noted to the sacrum, repositioning chart started. Fluids 1190 ml over the afternoon, fair appetite at meals. Mood low at times; declined visiting singer and preferred to stay in her room.",Monitor fluid intake and report any further decline to the senior on duty.,Fluids encouraged; senior carer made aware.,Monitor intake and mood.,0,approved,,,2026-10-08 07:34:04
276,RES001,2026-07-09,Afternoon,M. Nowak,Care Worker,Daily,Bed bath,Low,Fair,1453,,Yes,,No,Hand massage,Hand massage — brief participation.,Disturbed,No,,0,"Margaret has been less settled this afternoon. Bed bath completed; slight redness noted to the sacrum, repositioning chart started. 1453 ml of fluid encouraged across the shift; appetite fair. Mood low at times; declined hand massage and preferred to stay in her room.",Please continue to observe closely; senior carer informed.,Fluids encouraged; senior carer made aware.,Monitor intake and mood.,0,approved,,,2026-10-08 07:34:04
277,RES001,2026-07-10,Afternoon,K. Adeyemi,Care Worker,Daily,Assisted shower,Low,Fair,1208,,Yes,,No,Rested in room,Rested in room — brief participation.,Disturbed,No,,0,"A more difficult afternoon for Margaret. Assisted shower completed; slight redness noted to the sacrum, repositioning chart started. 1208 ml of fluid encouraged across the shift; appetite fair. Mood low at times; declined rested in room and preferred to stay in her room.",Fluids to be encouraged on the next shift; keep under observation.,Fluids encouraged; senior carer made aware.,Monitor intake and mood.,0,approved,,,2026-10-08 07:34:04
278,RES001,2026-07-11,Afternoon,P. Sharma,Care Worker,Daily,Full wash at the sink,Low,Fair,1282,,Yes,,No,Armchair exercises,Armchair exercises — brief participation.,Disturbed,No,,0,"A more difficult afternoon for Margaret. Full wash at the sink completed; slight redness noted to the sacrum, repositioning chart started. Took 1282 ml of fluids; ate fair at lunch and tea. Mood low at times; declined armchair exercises and preferred to stay in her room.",Fluids to be encouraged on the next shift; keep under observation.,Fluids encouraged; senior carer made aware.,Monitor intake and mood.,0,approved,,,2026-10-08 07:34:04
279,RES001,2026-07-12,Morning,B. Mensah,Care Worker,Daily,Bed bath,Low,Fair,1239,,Yes,,No,Armchair exercises,Armchair exercises — brief participation.,Disturbed,No,,0,"A more difficult morning for Margaret. Bed bath completed; slight redness noted to the sacrum, repositioning chart started. Took 1239 ml of fluids; ate fair at lunch and tea. Mood low at times; declined armchair exercises and preferred to stay in her room.",Fluids to be encouraged on the next shift; keep under observation.,Fluids encouraged; senior carer made aware.,Monitor intake and mood.,0,approved,,,2026-10-08 07:34:04
280,RES001,2026-07-13,Morning,J. Okafor,Care Worker,Daily,Supported wash with encouragement,Low,Fair,1118,,Yes,,No,Visiting singer,Visiting singer — brief participation.,Disturbed,Yes,,0,Margaret needed more prompting than usual this morning. Supported wash with encouragement with two staff as Margaret was unsteady on transfer. Took 1118 ml of fluids; ate fair at lunch and tea. Appeared low; needed reassurance on several occasions.,Fluids to be encouraged on the next shift; keep under observation.,Fluids encouraged; senior carer made aware.,Monitor intake and mood.,0,approved,,,2026-10-08 07:34:04
281,RES001,2026-07-14,Morning,K. Adeyemi,Care Worker,Daily,Bed bath,Low,Fair,1355,,Yes,,No,Music session,Music session — brief participation.,Disturbed,No,,0,"Margaret has been less settled this morning. Bed bath completed; slight redness noted to the sacrum, repositioning chart started. 1355 ml of fluid encouraged across the shift; appetite fair. Appeared low; needed reassurance on several occasions.",Please continue to observe closely; senior carer informed.,Fluids encouraged; senior carer made aware.,Monitor intake and mood.,0,approved,,,2026-10-08 07:34:04
282,RES001,2026-07-15,Afternoon,D. Osei,Care Worker,Daily,Bed bath,Low,Fair,1292,,Yes,,No,Garden walk with staff,Garden walk with staff — brief participation.,Disturbed,No,,0,A more difficult afternoon for Margaret. Bed bath completed but Margaret was reluctant and needed encouragement. Fluid intake recorded at 1292 ml. Appetite described as fair. Mood low at times; declined garden walk with staff and preferred to stay in her room.,Monitor fluid intake and report any further decline to the senior on duty.,Fluids encouraged; senior carer made aware.,Monitor intake and mood.,0,approved,,,2026-10-08 07:34:04
283,RES001,2026-07-16,Morning,J. Okafor,Care Worker,Daily,Strip wash in bedroom,Low,Fair,1167,,Yes,,No,Craft table,Craft table — brief participation.,Disturbed,No,,0,Staff noted a change in Margaret over the morning. Strip wash in bedroom with two staff as Margaret was unsteady on transfer. Took 1167 ml of fluids; ate fair at lunch and tea. Mood low at times; declined craft table and preferred to stay in her room.,Monitor fluid intake and report any further decline to the senior on duty.,Fluids encouraged; senior carer made aware.,Monitor intake and mood.,0,approved,,,2026-10-08 07:34:04
284,RES001,2026-07-17,Morning,K. Adeyemi,Care Worker,Daily,Full assistance with washing and dressing,Low,Fair,1138,,Yes,,No,One-to-one chat,One-to-one chat — brief participation.,Disturbed,No,,0,A more difficult morning for Margaret. Full assistance with washing and dressing with two staff as Margaret was unsteady on transfer. 1138 ml of fluid encouraged across the shift; appetite fair. Appeared low; needed reassurance on several occasions.,Please continue to observe closely; senior carer informed.,Fluids encouraged; senior carer made aware.,Monitor intake and mood.,0,approved,,,2026-10-08 07:34:04
285,RES001,2026-07-18,Night,D. Osei,Care Worker,Daily,Supported wash with encouragement,Low,Fair,1267,,Yes,,No,Craft table,Craft table — brief participation.,Disturbed,No,,0,"Margaret needed more prompting than usual this night. Supported wash with encouragement completed; slight redness noted to the sacrum, repositioning chart started. Took 1267 ml of fluids; ate fair at lunch and tea. Mood low at times; declined craft table and preferred to stay in her room.",Please continue to observe closely; senior carer informed.,Fluids encouraged; senior carer made aware.,Monitor intake and mood.,0,approved,,,2026-10-08 07:34:04
286,RES001,2026-07-19,Afternoon,S. Patel,Care Worker,Daily,Bed bath,Low,Fair,1036,,Yes,,No,Music session,Music session — brief participation.,Disturbed,No,,0,Margaret needed more prompting than usual this afternoon. Bed bath with two staff as Margaret was unsteady on transfer. Fluid intake recorded at 1036 ml. Appetite described as fair. Mood fluctuated and was largely low. Did not settle to music session.,Please continue to observe closely; senior carer informed.,Fluids encouraged; senior carer made aware.,Monitor intake and mood.,0,approved,,,2026-10-08 07:34:04
287,RES001,2026-07-21,Morning,T. Nguyen,Care Worker,Daily,Full assistance with washing and dressing,Low,Fair,1275,,Yes,,No,Armchair exercises,Armchair exercises — brief participation.,Disturbed,No,,0,Margaret needed more prompting than usual this morning. Full assistance with washing and dressing with two staff as Margaret was unsteady on transfer. 1275 ml of fluid encouraged across the shift; appetite fair. Appeared low; needed reassurance on several occasions.,Fluids to be encouraged on the next shift; keep under observation.,Fluids encouraged; senior carer made aware.,Monitor intake and mood.,0,approved,,,2026-10-08 07:34:04
288,RES001,2026-07-22,Morning,J. Okafor,Care Worker,Daily,Full assistance with washing and dressing,Low,Fair,1233,,Yes,,No,Rested in room,Rested in room — brief participation.,Disturbed,No,,0,Margaret needed more prompting than usual this morning. Full assistance with washing and dressing completed but Margaret was reluctant and needed encouragement. 1233 ml of fluid encouraged across the shift; appetite fair. Mood low at times; declined rested in room and preferred to stay in her room.,Please continue to observe closely; senior carer informed.,Fluids encouraged; senior carer made aware.,Monitor intake and mood.,0,approved,,,2026-10-08 07:34:04
289,RES001,2026-07-23,Morning,S. Patel,Care Worker,Daily,Full assistance with washing and dressing,Low,Fair,1354,,Yes,,No,Bingo in the lounge,Bingo in the lounge — brief participation.,Disturbed,No,,0,"Staff noted a change in Margaret over the morning. Full assistance with washing and dressing completed; slight redness noted to the sacrum, repositioning chart started. 1354 ml of fluid encouraged across the shift; appetite fair. Mood low at times; declined bingo in the lounge and preferred to stay in her room.",Monitor fluid intake and report any further decline to the senior on duty.,Fluids encouraged; senior carer made aware.,Monitor intake and mood.,0,approved,,,2026-10-08 07:34:04
290,RES001,2026-07-24,Night,K. Adeyemi,Care Worker,Daily,Assisted shower,Low,Fair,1145,,Yes,,No,Armchair exercises,Armchair exercises — brief participation.,Disturbed,Yes,,0,"Margaret has been less settled this night. Assisted shower completed; slight redness noted to the sacrum, repositioning chart started. 1145 ml of fluid encouraged across the shift; appetite fair. Mood low at times; declined armchair exercises and preferred to stay in her room.",Monitor fluid intake and report any further decline to the senior on duty.,Fluids encouraged; senior carer made aware.,Monitor intake and mood.,0,approved,,,2026-10-08 07:34:04
291,RES001,2026-07-25,Afternoon,L. Ahmed,Care Worker,Daily,Supported wash with encouragement,Low,Fair,1333,,Yes,,No,Newspaper reading,Newspaper reading — brief participation.,Disturbed,No,,0,Margaret needed more prompting than usual this afternoon. Supported wash with encouragement completed but Margaret was reluctant and needed encouragement. Fluid intake recorded at 1333 ml. Appetite described as fair. Mood low at times; declined newspaper reading and preferred to stay in her room.,Monitor fluid intake and report any further decline to the senior on duty.,Fluids encouraged; senior carer made aware.,Monitor intake and mood.,0,approved,,,2026-10-08 07:34:04
292,RES001,2026-07-26,Afternoon,J. Okafor,Care Worker,Daily,Full wash at the sink,Low,Fair,1293,,Yes,,No,Garden walk with staff,Garden walk with staff — brief participation.,Disturbed,Yes,,0,Margaret needed more prompting than usual this afternoon. Full wash at the sink completed but Margaret was reluctant and needed encouragement. Took 1293 ml of fluids; ate fair at lunch and tea. Mood fluctuated and was largely low. Did not settle to garden walk with staff.,Monitor fluid intake and report any further decline to the senior on duty.,Fluids encouraged; senior carer made aware.,Monitor intake and mood.,0,approved,,,2026-10-08 07:34:04
293,RES001,2026-07-27,Night,R. Kowalski,Care Worker,Daily,Full wash at the sink,Low,Fair,989,,Yes,,No,Garden walk with staff,Garden walk with staff — brief participation.,Disturbed,Yes,,0,Staff noted a change in Margaret over the night. Full wash at the sink with two staff as Margaret was unsteady on transfer. Fluid intake recorded at 989 ml. Appetite described as fair. Mood fluctuated and was largely low. Did not settle to garden walk with staff.,Fluids to be encouraged on the next shift; keep under observation.,Fluids encouraged; senior carer made aware.,Monitor intake and mood.,0,approved,,,2026-10-08 07:34:04
294,RES001,2026-07-28,Morning,K. Adeyemi,Care Worker,Daily,Full wash at the sink,Low,Fair,1098,,Yes,,No,One-to-one chat,One-to-one chat — brief participation.,Disturbed,No,,0,Margaret needed more prompting than usual this morning. Full wash at the sink completed but Margaret was reluctant and needed encouragement. Fluid intake recorded at 1098 ml. Appetite described as fair. Mood low at times; declined one-to-one chat and preferred to stay in her room.,Fluids to be encouraged on the next shift; keep under observation.,Fluids encouraged; senior carer made aware.,Monitor intake and mood.,0,approved,,,2026-10-08 07:34:04
295,RES001,2026-07-29,Morning,T. Nguyen,Care Worker,Daily,Full wash at the sink,Low,Fair,1189,,Yes,,No,Reminiscence group,Reminiscence group — brief participation.,Disturbed,No,,0,Margaret has been less settled this morning. Full wash at the sink with two staff as Margaret was unsteady on transfer. Took 1189 ml of fluids; ate fair at lunch and tea. Mood low at times; declined reminiscence group and preferred to stay in her room.,Fluids to be encouraged on the next shift; keep under observation.,Fluids encouraged; senior carer made aware.,Monitor intake and mood.,0,approved,,,2026-10-08 07:34:04
296,RES001,2026-07-30,Morning,T. Nguyen,Care Worker,Daily,Assisted shower,Low,Fair,1396,,Yes,,No,Bingo in the lounge,Bingo in the lounge — brief participation.,Disturbed,No,,0,Margaret needed more prompting than usual this morning. Assisted shower with two staff as Margaret was unsteady on transfer. Took 1396 ml of fluids; ate fair at lunch and tea. Mood low at times; declined bingo in the lounge and preferred to stay in her room.,Monitor fluid intake and report any further decline to the senior on duty.,Fluids encouraged; senior carer made aware.,Monitor intake and mood.,0,approved,,,2026-10-08 07:34:04
297,RES001,2026-07-31,Night,S. Patel,Care Worker,Daily,Assisted shower,Low,Fair,1231,,Yes,,No,Rested in room,Rested in room — brief participation.,Disturbed,Yes,,0,"A more difficult night for Margaret. Assisted shower completed; slight redness noted to the sacrum, repositioning chart started. Fluid intake recorded at 1231 ml. Appetite described as fair. Mood low at times; declined rested in room and preferred to stay in her room.",Fluids to be encouraged on the next shift; keep under observation.,Fluids encouraged; senior carer made aware.,Monitor intake and mood.,0,approved,,,2026-10-08 07:34:04
298,RES001,2026-08-01,Morning,L. Ahmed,Care Worker,Daily,Supported wash with encouragement,Low,Fair,1301,,Yes,,No,Craft table,Craft table — brief participation.,Disturbed,Yes,,0,Margaret has been less settled this morning. Supported wash with encouragement with two staff as Margaret was unsteady on transfer. 1301 ml of fluid encouraged across the shift; appetite fair. Mood fluctuated and was largely low. Did not settle to craft table.,Monitor fluid intake and report any further decline to the senior on duty.,Fluids encouraged; senior carer made aware.,Monitor intake and mood.,0,approved,,,2026-10-08 07:34:04
299,RES001,2026-08-02,Morning,D. Osei,Care Worker,Daily,Assisted shower,Low,Fair,1219,,Yes,,No,Music session,Music session — brief participation.,Disturbed,No,,0,Margaret needed more prompting than usual this morning. Assisted shower completed but Margaret was reluctant and needed encouragement. Took 1219 ml of fluids; ate fair at lunch and tea. Mood low at times; declined music session and preferred to stay in her room.,Fluids to be encouraged on the next shift; keep under observation.,Fluids encouraged; senior carer made aware.,Monitor intake and mood.,0,approved,,,2026-10-08 07:34:04
300,RES001,2026-08-03,Morning,P. Sharma,Care Worker,Daily,Bed bath,Low,Fair,1303,,Yes,,No,Hand massage,Hand massage — brief participation.,Disturbed,No,,0,"A more difficult morning for Margaret. Bed bath with two staff as Margaret was unsteady on transfer. Fluids 1303 ml over the morning, fair appetite at meals. Mood fluctuated and was largely low. Did not settle to hand massage.",Fluids to be encouraged on the next shift; keep under observation.,Fluids encouraged; senior carer made aware.,Monitor intake and mood.,0,approved,,,2026-10-08 07:34:04
301,RES001,2026-08-04,Night,R. Kowalski,Care Worker,Daily,Full wash at the sink,Low,Fair,1174,,Yes,,No,Hand massage,Hand massage — brief participation.,Disturbed,No,,0,"Margaret needed more prompting than usual this night. Full wash at the sink completed; slight redness noted to the sacrum, repositioning chart started. 1174 ml of fluid encouraged across the shift; appetite fair. Mood fluctuated and was largely low. Did not settle to hand massage.",Please continue to observe closely; senior carer informed.,Fluids encouraged; senior carer made aware.,Monitor intake and mood.,0,approved,,,2026-10-08 07:34:04
302,RES001,2026-08-05,Night,S. Patel,Care Worker,Daily,Strip wash in bedroom,Low,Fair,1299,,Yes,,No,Armchair exercises,Armchair exercises — brief participation.,Disturbed,Yes,,0,"Staff noted a change in Margaret over the night. Strip wash in bedroom completed; slight redness noted to the sacrum, repositioning chart started. 1299 ml of fluid encouraged across the shift; appetite fair. Mood fluctuated and was largely low. Did not settle to armchair exercises.",Please continue to observe closely; senior carer informed.,Fluids encouraged; senior carer made aware.,Monitor intake and mood.,0,approved,,,2026-10-08 07:34:04
303,RES001,2026-08-07,Morning,L. Ahmed,Care Worker,Daily,Bed bath,Low,Fair,1201,,Yes,,No,Music session,Music session — brief participation.,Disturbed,No,,0,Margaret needed more prompting than usual this morning. Bed bath with two staff as Margaret was unsteady on transfer. 1201 ml of fluid encouraged across the shift; appetite fair. Appeared low; needed reassurance on several occasions.,Monitor fluid intake and report any further decline to the senior on duty.,Fluids encouraged; senior carer made aware.,Monitor intake and mood.,0,approved,,,2026-10-08 07:34:04
304,RES001,2026-08-08,Morning,L. Ahmed,Care Worker,Daily,Full assistance with washing and dressing,Low,Fair,1262,,Yes,,No,One-to-one chat,One-to-one chat — brief participation.,Disturbed,No,,0,Margaret needed more prompting than usual this morning. Full assistance with washing and dressing with two staff as Margaret was unsteady on transfer. Took 1262 ml of fluids; ate fair at lunch and tea. Mood low at times; declined one-to-one chat and preferred to stay in her room.,Monitor fluid intake and report any further decline to the senior on duty.,Fluids encouraged; senior carer made aware.,Monitor intake and mood.,0,approved,,,2026-10-08 07:34:04
305,RES001,2026-08-09,Morning,D. Osei,Care Worker,Daily,Full wash at the sink,Low,Fair,1328,,Yes,,No,Visiting singer,Visiting singer — brief participation.,Disturbed,No,,0,"Margaret needed more prompting than usual this morning. Full wash at the sink completed but Margaret was reluctant and needed encouragement. Fluids 1328 ml over the morning, fair appetite at meals. Appeared low; needed reassurance on several occasions.",Please continue to observe closely; senior carer informed.,Fluids encouraged; senior carer made aware.,Monitor intake and mood.,0,approved,,,2026-10-08 07:34:04
306,RES001,2026-08-10,Morning,M. Nowak,Care Worker,Daily,Full wash at the sink,Low,Fair,1277,,Yes,,No,Visiting singer,Visiting singer — brief participation.,Disturbed,Yes,,0,Margaret has been less settled this morning. Full wash at the sink completed but Margaret was reluctant and needed encouragement. 1277 ml of fluid encouraged across the shift; appetite fair. Mood low at times; declined visiting singer and preferred to stay in her room.,Fluids to be encouraged on the next shift; keep under observation.,Fluids encouraged; senior carer made aware.,Monitor intake and mood.,0,approved,,,2026-10-08 07:34:04
307,RES001,2026-08-11,Afternoon,P. Sharma,Care Worker,Daily,Full wash at the sink,Low,Fair,1368,,Yes,,No,Visiting singer,Visiting singer — brief participation.,Disturbed,Yes,,0,Margaret has been less settled this afternoon. Full wash at the sink with two staff as Margaret was unsteady on transfer. Fluid intake recorded at 1368 ml. Appetite described as fair. Appeared low; needed reassurance on several occasions.,Fluids to be encouraged on the next shift; keep under observation.,Fluids encouraged; senior carer made aware.,Monitor intake and mood.,0,approved,,,2026-10-08 07:34:04
308,RES001,2026-08-12,Morning,R. Kowalski,Care Worker,Daily,Supported wash with encouragement,Low,Fair,1300,,Yes,,No,Reminiscence group,Reminiscence group — brief participation.,Disturbed,No,,0,A more difficult morning for Margaret. Supported wash with encouragement completed but Margaret was reluctant and needed encouragement. Took 1300 ml of fluids; ate fair at lunch and tea. Mood fluctuated and was largely low. Did not settle to reminiscence group.,Monitor fluid intake and report any further decline to the senior on duty.,Fluids encouraged; senior carer made aware.,Monitor intake and mood.,0,approved,,,2026-10-08 07:34:04
309,RES001,2026-08-13,Morning,B. Mensah,Care Worker,Daily,Bed bath,Low,Fair,1421,,Yes,,No,Visiting singer,Visiting singer — brief participation.,Disturbed,Yes,,0,A more difficult morning for Margaret. Bed bath completed but Margaret was reluctant and needed encouragement. Took 1421 ml of fluids; ate fair at lunch and tea. Mood low at times; declined visiting singer and preferred to stay in her room.,Monitor fluid intake and report any further decline to the senior on duty.,Fluids encouraged; senior carer made aware.,Monitor intake and mood.,0,approved,,,2026-10-08 07:34:04
310,RES001,2026-08-14,Afternoon,P. Sharma,Care Worker,Daily,Assisted shower,Low,Fair,1356,,Yes,,No,One-to-one chat,One-to-one chat — brief participation.,Disturbed,No,,0,Margaret has been less settled this afternoon. Assisted shower with two staff as Margaret was unsteady on transfer. Fluid intake recorded at 1356 ml. Appetite described as fair. Appeared low; needed reassurance on several occasions.,Please continue to observe closely; senior carer informed.,Fluids encouraged; senior carer made aware.,Monitor intake and mood.,0,approved,,,2026-10-08 07:34:04
311,RES001,2026-08-15,Night,K. Adeyemi,Care Worker,Daily,Full assistance with washing and dressing,Low,Fair,1334,,Yes,,No,Rested in room,Rested in room — brief participation.,Disturbed,No,,0,"Staff noted a change in Margaret over the night. Full assistance with washing and dressing with two staff as Margaret was unsteady on transfer. Fluids 1334 ml over the night, fair appetite at meals. Appeared low; needed reassurance on several occasions.",Please continue to observe closely; senior carer informed.,Fluids encouraged; senior carer made aware.,Monitor intake and mood.,0,approved,,,2026-10-08 07:34:04
312,RES001,2026-08-17,Morning,T. Nguyen,Care Worker,Daily,Full assistance with washing and dressing,Low,Fair,1375,,Yes,,No,Bingo in the lounge,Bingo in the lounge — brief participation.,Disturbed,No,,0,"Staff noted a change in Margaret over the morning. Full assistance with washing and dressing completed; slight redness noted to the sacrum, repositioning chart started. 1375 ml of fluid encouraged across the shift; appetite fair. Mood low at times; declined bingo in the lounge and preferred to stay in her room.",Monitor fluid intake and report any further decline to the senior on duty.,Fluids encouraged; senior carer made aware.,Monitor intake and mood.,0,approved,,,2026-10-08 07:34:04
313,RES001,2026-08-18,Morning,A. Whitfield,Care Worker,Daily,Assisted shower,Low,Fair,1344,,Yes,,No,Armchair exercises,Armchair exercises — brief participation.,Disturbed,Yes,,0,A more difficult morning for Margaret. Assisted shower completed but Margaret was reluctant and needed encouragement. Fluid intake recorded at 1344 ml. Appetite described as fair. Mood low at times; declined armchair exercises and preferred to stay in her room.,Please continue to observe closely; senior carer informed.,Fluids encouraged; senior carer made aware.,Monitor intake and mood.,0,approved,,,2026-10-08 07:34:04
314,RES001,2026-08-19,Night,R. Kowalski,Care Worker,Daily,Supported wash with encouragement,Low,Fair,1268,,Yes,,No,Garden walk with staff,Garden walk with staff — brief participation.,Disturbed,No,,0,Margaret needed more prompting than usual this night. Supported wash with encouragement with two staff as Margaret was unsteady on transfer. Fluid intake recorded at 1268 ml. Appetite described as fair. Mood low at times; declined garden walk with staff and preferred to stay in her room.,Fluids to be encouraged on the next shift; keep under observation.,Fluids encouraged; senior carer made aware.,Monitor intake and mood.,0,approved,,,2026-10-08 07:34:04
315,RES001,2026-08-20,Morning,A. Whitfield,Care Worker,Daily,Full assistance with washing and dressing,Low,Fair,1298,,Yes,,No,Reminiscence group,Reminiscence group — brief participation.,Disturbed,Yes,,0,"A more difficult morning for Margaret. Full assistance with washing and dressing completed; slight redness noted to the sacrum, repositioning chart started. Fluid intake recorded at 1298 ml. Appetite described as fair. Mood fluctuated and was largely low. Did not settle to reminiscence group.",Fluids to be encouraged on the next shift; keep under observation.,Fluids encouraged; senior carer made aware.,Monitor intake and mood.,0,approved,,,2026-10-08 07:34:04
316,RES002,2025-08-21,Night,A. Whitfield,Care Worker,Daily,Full assistance with washing and dressing,Settled,Good,1480,,Yes,,No,Armchair exercises,Armchair exercises — participated well.,Good,Yes,,0,"Doris has had a settled night. Full assistance with washing and dressing completed with the usual level of support. Skin checked, intact throughout. 1480 ml of fluid encouraged across the shift; appetite good. Mood settled and engaged well with armchair exercises.",Continue with the current plan of care.,Routine care given.,Nil to hand over.,0,approved,,,2026-10-08 07:34:04
317,RES002,2025-08-22,Night,K. Adeyemi,Care Worker,Daily,Bed bath,Settled,Good,1556,,Yes,,No,Garden walk with staff,Garden walk with staff — participated well.,Good,Yes,,0,"A good night for Doris. Bed bath completed with the usual level of support. Skin checked, intact throughout. Fluid intake recorded at 1556 ml. Appetite described as good. Bright and settled for most of the shift; enjoyed garden walk with staff.",No concerns to hand over.,Routine care given.,Nil to hand over.,0,approved,,,2026-10-08 07:34:04
318,RES002,2025-08-23,Afternoon,A. Whitfield,Care Worker,Daily,Full wash at the sink,Settled,Good,1400,,Yes,,No,Garden walk with staff,Garden walk with staff — participated well.,Good,Yes,,0,"Doris has had a settled afternoon. Full wash at the sink completed with the usual level of support. Skin checked, intact throughout. Fluid intake recorded at 1400 ml. Appetite described as good. Mood settled and engaged well with garden walk with staff.",No concerns to hand over.,Routine care given.,Nil to hand over.,0,approved,,,2026-10-08 07:34:04
319,RES002,2025-08-24,Afternoon,R. Kowalski,Care Worker,Daily,Full assistance with washing and dressing,Settled,Good,1345,,Yes,,No,Rested in room,Rested in room — participated well.,Good,Yes,,0,"Doris presented as her usual self this afternoon. Full assistance with washing and dressing; no skin concerns noted, pressure areas clear. Fluids 1345 ml over the afternoon, good appetite at meals. Bright and settled for most of the shift; enjoyed rested in room.",No concerns to hand over.,Routine care given.,Nil to hand over.,0,approved,,,2026-10-08 07:34:04
320,RES002,2025-08-25,Night,K. Adeyemi,Care Worker,Daily,Supported wash with encouragement,Settled,Good,1450,,Yes,,No,Craft table,Craft table — participated well.,Good,Yes,,0,"No concerns raised for Doris during the night. Supported wash with encouragement completed with the usual level of support. Skin checked, intact throughout. Took 1450 ml of fluids; ate good at lunch and tea. Mood settled and engaged well with craft table.",Nothing further to report.,Routine care given.,Nil to hand over.,0,approved,,,2026-10-08 07:34:04
321,RES002,2025-08-27,Night,P. Sharma,Care Worker,Daily,Bed bath,Settled,Good,1321,,Yes,,No,Bingo in the lounge,Bingo in the lounge — participated well.,Good,No,,0,"No concerns raised for Doris during the night. Bed bath carried out; Doris was able to assist with parts of her own care. Fluids 1321 ml over the night, good appetite at meals. Presented as settled; joined in with bingo in the lounge.",Continue with the current plan of care.,Routine care given.,Nil to hand over.,0,approved,,,2026-10-08 07:34:04
322,RES002,2025-08-28,Afternoon,T. Nguyen,Care Worker,Daily,Bed bath,Settled,Good,1406,,Yes,,No,Rested in room,Rested in room — participated well.,Good,No,,0,"A good afternoon for Doris. Bed bath completed with the usual level of support. Skin checked, intact throughout. Took 1406 ml of fluids; ate good at lunch and tea. Presented as settled; joined in with rested in room.",No concerns to hand over.,Routine care given.,Nil to hand over.,0,approved,,,2026-10-08 07:34:04
323,RES002,2025-08-29,Morning,R. Kowalski,Care Worker,Daily,Full assistance with washing and dressing,Low,Fair,1349,,Yes,,No,Rested in room,Rested in room — brief participation.,Disturbed,Yes,,0,"Staff noted a change in Doris over the morning. Full assistance with washing and dressing with two staff as Doris was unsteady on transfer. Fluids 1349 ml over the morning, fair appetite at meals. Mood low at times; declined rested in room and preferred to stay in her room.",Monitor fluid intake and report any further decline to the senior on duty.,Fluids encouraged; senior carer made aware.,Monitor intake and mood.,0,approved,,,2026-10-08 07:34:04
324,RES002,2025-08-30,Afternoon,T. Nguyen,Care Worker,Daily,Strip wash in bedroom,Low,Fair,1344,,Yes,,No,Reminiscence group,Reminiscence group — brief participation.,Disturbed,Yes,,0,"Staff noted a change in Doris over the afternoon. Strip wash in bedroom with two staff as Doris was unsteady on transfer. Fluids 1344 ml over the afternoon, fair appetite at meals. Mood low at times; declined reminiscence group and preferred to stay in her room.",Monitor fluid intake and report any further decline to the senior on duty.,Fluids encouraged; senior carer made aware.,Monitor intake and mood.,0,approved,,,2026-10-08 07:34:04
325,RES002,2025-08-31,Afternoon,T. Nguyen,Care Worker,Daily,Supported wash with encouragement,Low,Fair,1275,,Yes,,No,Hand massage,Hand massage — brief participation.,Disturbed,No,,0,"Doris has been less settled this afternoon. Supported wash with encouragement with two staff as Doris was unsteady on transfer. Fluids 1275 ml over the afternoon, fair appetite at meals. Appeared low; needed reassurance on several occasions.",Please continue to observe closely; senior carer informed.,Fluids encouraged; senior carer made aware.,Monitor intake and mood.,0,approved,,,2026-10-08 07:34:04
326,RES002,2025-09-01,Morning,D. Osei,Care Worker,Daily,Bed bath,Low,Fair,1279,,Yes,,No,Music session,Music session — brief participation.,Disturbed,Yes,,0,"Doris has been less settled this morning. Bed bath completed but Doris was reluctant and needed encouragement. Fluids 1279 ml over the morning, fair appetite at meals. Mood low at times; declined music session and preferred to stay in her room.",Fluids to be encouraged on the next shift; keep under observation.,Fluids encouraged; senior carer made aware.,Monitor intake and mood.,0,approved,,,2026-10-08 07:34:04
327,RES002,2025-09-02,Night,L. Ahmed,Care Worker,Daily,Full wash at the sink,Low,Fair,1249,,Yes,,No,Visiting singer,Visiting singer — brief participation.,Disturbed,No,,0,Staff noted a change in Doris over the night. Full wash at the sink completed but Doris was reluctant and needed encouragement. Took 1249 ml of fluids; ate fair at lunch and tea. Mood fluctuated and was largely low. Did not settle to visiting singer.,Fluids to be encouraged on the next shift; keep under observation.,Fluids encouraged; senior carer made aware.,Monitor intake and mood.,0,approved,,,2026-10-08 07:34:04
328,RES002,2025-09-03,Afternoon,D. Osei,Care Worker,Daily,Supported wash with encouragement,Low,Fair,1249,,Yes,,No,Garden walk with staff,Garden walk with staff — brief participation.,Disturbed,No,,0,"A more difficult afternoon for Doris. Supported wash with encouragement completed; slight redness noted to the sacrum, repositioning chart started. 1249 ml of fluid encouraged across the shift; appetite fair. Mood low at times; declined garden walk with staff and preferred to stay in her room.",Please continue to observe closely; senior carer informed.,Fluids encouraged; senior carer made aware.,Monitor intake and mood.,0,approved,,,2026-10-08 07:34:04
329,RES002,2025-09-04,Morning,J. Okafor,Care Worker,Daily,Assisted shower,Low,Fair,1502,,Yes,,No,Reminiscence group,Reminiscence group — brief participation.,Disturbed,Yes,,0,"Doris needed more prompting than usual this morning. Assisted shower completed but Doris was reluctant and needed encouragement. Fluids 1502 ml over the morning, fair appetite at meals. Mood low at times; declined reminiscence group and preferred to stay in her room.",Please continue to observe closely; senior carer informed.,Fluids encouraged; senior carer made aware.,Monitor intake and mood.,0,approved,,,2026-10-08 07:34:04
330,RES002,2025-09-05,Morning,S. Patel,Care Worker,Daily,Assisted shower,Low,Fair,1224,,Yes,,No,Rested in room,Rested in room — brief participation.,Disturbed,No,,0,"Doris has been less settled this morning. Assisted shower completed but Doris was reluctant and needed encouragement. Fluids 1224 ml over the morning, fair appetite at meals. Mood fluctuated and was largely low. Did not settle to rested in room.",Monitor fluid intake and report any further decline to the senior on duty.,Fluids encouraged; senior carer made aware.,Monitor intake and mood.,0,approved,,,2026-10-08 07:34:04
331,RES002,2025-09-06,Afternoon,B. Mensah,Care Worker,Daily,Assisted shower,Low,Fair,1353,,Yes,,No,Craft table,Craft table — brief participation.,Disturbed,Yes,,0,"Staff noted a change in Doris over the afternoon. Assisted shower completed; slight redness noted to the sacrum, repositioning chart started. 1353 ml of fluid encouraged across the shift; appetite fair. Mood low at times; declined craft table and preferred to stay in her room.",Fluids to be encouraged on the next shift; keep under observation.,Fluids encouraged; senior carer made aware.,Monitor intake and mood.,0,approved,,,2026-10-08 07:34:04
332,RES002,2025-09-07,Night,J. Okafor,Care Worker,Daily,Bed bath,Low,Fair,1345,,Yes,,No,Bingo in the lounge,Bingo in the lounge — brief participation.,Disturbed,No,,0,"Doris needed more prompting than usual this night. Bed bath completed; slight redness noted to the sacrum, repositioning chart started. Fluids 1345 ml over the night, fair appetite at meals. Mood low at times; declined bingo in the lounge and preferred to stay in her room.",Fluids to be encouraged on the next shift; keep under observation.,Fluids encouraged; senior carer made aware.,Monitor intake and mood.,0,approved,,,2026-10-08 07:34:04
333,RES002,2025-09-08,Night,P. Sharma,Care Worker,Daily,Full wash at the sink,Low,Fair,1282,,Yes,,No,Armchair exercises,Armchair exercises — brief participation.,Disturbed,No,,0,Doris needed more prompting than usual this night. Full wash at the sink completed but Doris was reluctant and needed encouragement. Fluid intake recorded at 1282 ml. Appetite described as fair. Mood low at times; declined armchair exercises and preferred to stay in her room.,Monitor fluid intake and report any further decline to the senior on duty.,Fluids encouraged; senior carer made aware.,Monitor intake and mood.,0,approved,,,2026-10-08 07:34:04
334,RES002,2025-09-10,Night,D. Osei,Care Worker,Daily,Full wash at the sink,Low,Fair,1263,,Yes,,No,Rested in room,Rested in room — brief participation.,Disturbed,Yes,,0,Staff noted a change in Doris over the night. Full wash at the sink with two staff as Doris was unsteady on transfer. Took 1263 ml of fluids; ate fair at lunch and tea. Mood low at times; declined rested in room and preferred to stay in her room.,Monitor fluid intake and report any further decline to the senior on duty.,Fluids encouraged; senior carer made aware.,Monitor intake and mood.,0,approved,,,2026-10-08 07:34:04
335,RES002,2025-09-12,Afternoon,R. Kowalski,Care Worker,Daily,Supported wash with encouragement,Low,Fair,1399,,Yes,,No,Hand massage,Hand massage — brief participation.,Disturbed,No,,0,A more difficult afternoon for Doris. Supported wash with encouragement completed but Doris was reluctant and needed encouragement. 1399 ml of fluid encouraged across the shift; appetite fair. Mood fluctuated and was largely low. Did not settle to hand massage.,Fluids to be encouraged on the next shift; keep under observation.,Fluids encouraged; senior carer made aware.,Monitor intake and mood.,0,approved,,,2026-10-08 07:34:04
336,RES002,2025-09-13,Night,D. Osei,Care Worker,Daily,Supported wash with encouragement,Low,Fair,1396,,Yes,,No,Rested in room,Rested in room — brief participation.,Disturbed,Yes,,0,"Doris needed more prompting than usual this night. Supported wash with encouragement completed but Doris was reluctant and needed encouragement. Fluids 1396 ml over the night, fair appetite at meals. Mood low at times; declined rested in room and preferred to stay in her room.",Please continue to observe closely; senior carer informed.,Fluids encouraged; senior carer made aware.,Monitor intake and mood.,0,approved,,,2026-10-08 07:34:04
337,RES002,2025-09-15,Night,K. Adeyemi,Care Worker,Daily,Supported wash with encouragement,Low,Fair,1343,,Yes,,No,Rested in room,Rested in room — brief participation.,Disturbed,No,,0,A more difficult night for Doris. Supported wash with encouragement completed but Doris was reluctant and needed encouragement. Took 1343 ml of fluids; ate fair at lunch and tea. Mood low at times; declined rested in room and preferred to stay in her room.,Please continue to observe closely; senior carer informed.,Fluids encouraged; senior carer made aware.,Monitor intake and mood.,0,approved,,,2026-10-08 07:34:04
338,RES002,2025-09-16,Morning,C. Fernandes,Care Worker,Daily,Full assistance with washing and dressing,Low,Fair,1271,,Yes,,No,Music session,Music session — brief participation.,Disturbed,No,,0,"Doris has been less settled this morning. Full assistance with washing and dressing completed but Doris was reluctant and needed encouragement. Fluids 1271 ml over the morning, fair appetite at meals. Mood fluctuated and was largely low. Did not settle to music session.",Please continue to observe closely; senior carer informed.,Fluids encouraged; senior carer made aware.,Monitor intake and mood.,0,approved,,,2026-10-08 07:34:04
339,RES002,2025-09-17,Night,S. Patel,Care Worker,Daily,Assisted shower,Low,Fair,1399,,Yes,,No,Music session,Music session — brief participation.,Disturbed,Yes,,0,Staff noted a change in Doris over the night. Assisted shower completed but Doris was reluctant and needed encouragement. Took 1399 ml of fluids; ate fair at lunch and tea. Appeared low; needed reassurance on several occasions.,Please continue to observe closely; senior carer informed.,Fluids encouraged; senior carer made aware.,Monitor intake and mood.,0,approved,,,2026-10-08 07:34:04
340,RES002,2025-09-18,Afternoon,C. Fernandes,Care Worker,Daily,Full assistance with washing and dressing,Low,Fair,1268,,Yes,,No,One-to-one chat,One-to-one chat — brief participation.,Disturbed,No,,0,"A more difficult afternoon for Doris. Full assistance with washing and dressing completed; slight redness noted to the sacrum, repositioning chart started. Fluids 1268 ml over the afternoon, fair appetite at meals. Mood fluctuated and was largely low. Did not settle to one-to-one chat.",Please continue to observe closely; senior carer informed.,Fluids encouraged; senior carer made aware.,Monitor intake and mood.,0,approved,,,2026-10-08 07:34:04
341,RES002,2025-09-19,Afternoon,T. Nguyen,Care Worker,Daily,Full wash at the sink,Low,Fair,1138,,Yes,,No,Newspaper reading,Newspaper reading — brief participation.,Disturbed,Yes,,0,A more difficult afternoon for Doris. Full wash at the sink completed but Doris was reluctant and needed encouragement. 1138 ml of fluid encouraged across the shift; appetite fair. Mood low at times; declined newspaper reading and preferred to stay in her room.,Monitor fluid intake and report any further decline to the senior on duty.,Fluids encouraged; senior carer made aware.,Monitor intake and mood.,0,approved,,,2026-10-08 07:34:04
342,RES002,2025-09-20,Afternoon,D. Osei,Care Worker,Daily,Strip wash in bedroom,Low,Fair,1097,,Yes,,No,Armchair exercises,Armchair exercises — brief participation.,Disturbed,No,,0,Doris has been less settled this afternoon. Strip wash in bedroom with two staff as Doris was unsteady on transfer. 1097 ml of fluid encouraged across the shift; appetite fair. Mood fluctuated and was largely low. Did not settle to armchair exercises.,Please continue to observe closely; senior carer informed.,Fluids encouraged; senior carer made aware.,Monitor intake and mood.,0,approved,,,2026-10-08 07:34:04
343,RES002,2025-09-21,Night,B. Mensah,Care Worker,Daily,Supported wash with encouragement,Low,Fair,1273,,Yes,,No,Garden walk with staff,Garden walk with staff — brief participation.,Disturbed,Yes,,0,Staff noted a change in Doris over the night. Supported wash with encouragement with two staff as Doris was unsteady on transfer. Fluid intake recorded at 1273 ml. Appetite described as fair. Mood fluctuated and was largely low. Did not settle to garden walk with staff.,Please continue to observe closely; senior carer informed.,Fluids encouraged; senior carer made aware.,Monitor intake and mood.,0,approved,,,2026-10-08 07:34:04
344,RES002,2025-09-22,Morning,D. Osei,Care Worker,Daily,Bed bath,Low,Fair,1264,,Yes,,No,Bingo in the lounge,Bingo in the lounge — brief participation.,Disturbed,Yes,,0,Staff noted a change in Doris over the morning. Bed bath completed but Doris was reluctant and needed encouragement. Fluid intake recorded at 1264 ml. Appetite described as fair. Appeared low; needed reassurance on several occasions.,Monitor fluid intake and report any further decline to the senior on duty.,Fluids encouraged; senior carer made aware.,Monitor intake and mood.,0,approved,,,2026-10-08 07:34:04
345,RES002,2025-09-23,Afternoon,K. Adeyemi,Care Worker,Daily,Supported wash with encouragement,Low,Fair,1149,,Yes,,No,Garden walk with staff,Garden walk with staff — brief participation.,Disturbed,No,,0,A more difficult afternoon for Doris. Supported wash with encouragement completed but Doris was reluctant and needed encouragement. Fluid intake recorded at 1149 ml. Appetite described as fair. Mood low at times; declined garden walk with staff and preferred to stay in her room.,Monitor fluid intake and report any further decline to the senior on duty.,Fluids encouraged; senior carer made aware.,Monitor intake and mood.,0,approved,,,2026-10-08 07:34:04
346,RES002,2025-09-24,Night,P. Sharma,Care Worker,Daily,Full wash at the sink,Low,Fair,1420,,Yes,,No,Rested in room,Rested in room — brief participation.,Disturbed,Yes,,0,A more difficult night for Doris. Full wash at the sink with two staff as Doris was unsteady on transfer. Took 1420 ml of fluids; ate fair at lunch and tea. Appeared low; needed reassurance on several occasions.,Fluids to be encouraged on the next shift; keep under observation.,Fluids encouraged; senior carer made aware.,Monitor intake and mood.,0,approved,,,2026-10-08 07:34:04
347,RES002,2025-09-25,Afternoon,L. Ahmed,Care Worker,Daily,Supported wash with encouragement,Low,Fair,1362,,Yes,,No,Newspaper reading,Newspaper reading — brief participation.,Disturbed,No,,0,Doris has been less settled this afternoon. Supported wash with encouragement completed but Doris was reluctant and needed encouragement. Fluid intake recorded at 1362 ml. Appetite described as fair. Mood fluctuated and was largely low. Did not settle to newspaper reading.,Fluids to be encouraged on the next shift; keep under observation.,Fluids encouraged; senior carer made aware.,Monitor intake and mood.,0,approved,,,2026-10-08 07:34:04
348,RES002,2025-09-26,Night,M. Nowak,Care Worker,Daily,Full assistance with washing and dressing,Low,Fair,1155,,Yes,,No,Craft table,Craft table — brief participation.,Disturbed,No,,0,"A more difficult night for Doris. Full assistance with washing and dressing completed; slight redness noted to the sacrum, repositioning chart started. Fluids 1155 ml over the night, fair appetite at meals. Mood fluctuated and was largely low. Did not settle to craft table.",Monitor fluid intake and report any further decline to the senior on duty.,Fluids encouraged; senior carer made aware.,Monitor intake and mood.,0,approved,,,2026-10-08 07:34:04
349,RES002,2025-09-27,Morning,M. Nowak,Care Worker,Daily,Bed bath,Low,Fair,1315,,Yes,,No,Armchair exercises,Armchair exercises — brief participation.,Disturbed,No,,0,A more difficult morning for Doris. Bed bath with two staff as Doris was unsteady on transfer. 1315 ml of fluid encouraged across the shift; appetite fair. Mood low at times; declined armchair exercises and preferred to stay in her room.,Please continue to observe closely; senior carer informed.,Fluids encouraged; senior carer made aware.,Monitor intake and mood.,0,approved,,,2026-10-08 07:34:04
350,RES002,2025-09-28,Morning,C. Fernandes,Care Worker,Daily,Full assistance with washing and dressing,Low,Fair,1301,,Yes,,No,Visiting singer,Visiting singer — brief participation.,Disturbed,Yes,,0,Doris needed more prompting than usual this morning. Full assistance with washing and dressing completed but Doris was reluctant and needed encouragement. Fluid intake recorded at 1301 ml. Appetite described as fair. Mood fluctuated and was largely low. Did not settle to visiting singer.,Monitor fluid intake and report any further decline to the senior on duty.,Fluids encouraged; senior carer made aware.,Monitor intake and mood.,0,approved,,,2026-10-08 07:34:04
351,RES002,2025-09-29,Night,C. Fernandes,Care Worker,Daily,Full assistance with washing and dressing,Low,Fair,1299,,Yes,,No,Garden walk with staff,Garden walk with staff — brief participation.,Disturbed,No,,0,Doris has been less settled this night. Full assistance with washing and dressing with two staff as Doris was unsteady on transfer. 1299 ml of fluid encouraged across the shift; appetite fair. Mood low at times; declined garden walk with staff and preferred to stay in her room.,Please continue to observe closely; senior carer informed.,Fluids encouraged; senior carer made aware.,Monitor intake and mood.,0,approved,,,2026-10-08 07:34:04
352,RES002,2025-09-30,Afternoon,L. Ahmed,Care Worker,Daily,Full wash at the sink,Low,Fair,1434,,Yes,,No,Rested in room,Rested in room — brief participation.,Disturbed,Yes,,0,A more difficult afternoon for Doris. Full wash at the sink with two staff as Doris was unsteady on transfer. Took 1434 ml of fluids; ate fair at lunch and tea. Appeared low; needed reassurance on several occasions.,Monitor fluid intake and report any further decline to the senior on duty.,Fluids encouraged; senior carer made aware.,Monitor intake and mood.,0,approved,,,2026-10-08 07:34:04
353,RES002,2025-10-03,Morning,S. Patel,Care Worker,Daily,Bed bath,Low,Fair,1360,,Yes,,No,Hand massage,Hand massage — brief participation.,Disturbed,Yes,,0,Doris has been less settled this morning. Bed bath with two staff as Doris was unsteady on transfer. 1360 ml of fluid encouraged across the shift; appetite fair. Mood low at times; declined hand massage and preferred to stay in her room.,Please continue to observe closely; senior carer informed.,Fluids encouraged; senior carer made aware.,Monitor intake and mood.,0,approved,,,2026-10-08 07:34:04
354,RES002,2025-10-04,Morning,C. Fernandes,Care Worker,Daily,Full assistance with washing and dressing,Low,Fair,1316,,Yes,,No,Garden walk with staff,Garden walk with staff — brief participation.,Disturbed,No,,0,"Staff noted a change in Doris over the morning. Full assistance with washing and dressing completed; slight redness noted to the sacrum, repositioning chart started. Fluid intake recorded at 1316 ml. Appetite described as fair. Appeared low; needed reassurance on several occasions.",Fluids to be encouraged on the next shift; keep under observation.,Fluids encouraged; senior carer made aware.,Monitor intake and mood.,0,approved,,,2026-10-08 07:34:04
355,RES002,2025-10-06,Night,S. Patel,Care Worker,Daily,Supported wash with encouragement,Low,Fair,1277,,Yes,,No,Craft table,Craft table — brief participation.,Disturbed,No,,0,"A more difficult night for Doris. Supported wash with encouragement completed; slight redness noted to the sacrum, repositioning chart started. Fluids 1277 ml over the night, fair appetite at meals. Mood low at times; declined craft table and preferred to stay in her room.",Monitor fluid intake and report any further decline to the senior on duty.,Fluids encouraged; senior carer made aware.,Monitor intake and mood.,0,approved,,,2026-10-08 07:34:04
356,RES002,2025-10-07,Morning,P. Sharma,Care Worker,Daily,Assisted shower,Low,Fair,1282,,Yes,,No,Reminiscence group,Reminiscence group — brief participation.,Disturbed,No,,0,"Doris needed more prompting than usual this morning. Assisted shower completed; slight redness noted to the sacrum, repositioning chart started. Took 1282 ml of fluids; ate fair at lunch and tea. Mood fluctuated and was largely low. Did not settle to reminiscence group.",Fluids to be encouraged on the next shift; keep under observation.,Fluids encouraged; senior carer made aware.,Monitor intake and mood.,0,approved,,,2026-10-08 07:34:04
357,RES002,2025-10-08,Morning,S. Patel,Care Worker,Daily,Strip wash in bedroom,Low,Fair,1356,,Yes,,No,Craft table,Craft table — brief participation.,Disturbed,No,,0,A more difficult morning for Doris. Strip wash in bedroom with two staff as Doris was unsteady on transfer. Took 1356 ml of fluids; ate fair at lunch and tea. Mood low at times; declined craft table and preferred to stay in her room.,Please continue to observe closely; senior carer informed.,Fluids encouraged; senior carer made aware.,Monitor intake and mood.,0,approved,,,2026-10-08 07:34:04
358,RES002,2025-10-09,Morning,A. Whitfield,Care Worker,Daily,Bed bath,Low,Fair,1512,,Yes,,No,Bingo in the lounge,Bingo in the lounge — brief participation.,Disturbed,Yes,,0,"Doris needed more prompting than usual this morning. Bed bath completed; slight redness noted to the sacrum, repositioning chart started. Fluids 1512 ml over the morning, fair appetite at meals. Mood fluctuated and was largely low. Did not settle to bingo in the lounge.",Fluids to be encouraged on the next shift; keep under observation.,Fluids encouraged; senior carer made aware.,Monitor intake and mood.,0,approved,,,2026-10-08 07:34:04
359,RES002,2025-10-10,Morning,D. Osei,Care Worker,Daily,Strip wash in bedroom,Low,Fair,1576,,Yes,,No,Reminiscence group,Reminiscence group — brief participation.,Disturbed,Yes,,0,Doris has been less settled this morning. Strip wash in bedroom completed but Doris was reluctant and needed encouragement. 1576 ml of fluid encouraged across the shift; appetite fair. Appeared low; needed reassurance on several occasions.,Please continue to observe closely; senior carer informed.,Fluids encouraged; senior carer made aware.,Monitor intake and mood.,0,approved,,,2026-10-08 07:34:04
360,RES002,2025-10-13,Morning,R. Kowalski,Care Worker,Daily,Assisted shower,Low,Fair,1384,,Yes,,No,Newspaper reading,Newspaper reading — brief participation.,Disturbed,No,,0,"Staff noted a change in Doris over the morning. Assisted shower completed; slight redness noted to the sacrum, repositioning chart started. Fluid intake recorded at 1384 ml. Appetite described as fair. Mood fluctuated and was largely low. Did not settle to newspaper reading.",Monitor fluid intake and report any further decline to the senior on duty.,Fluids encouraged; senior carer made aware.,Monitor intake and mood.,0,approved,,,2026-10-08 07:34:04
361,RES002,2025-10-14,Night,P. Sharma,Care Worker,Daily,Strip wash in bedroom,Low,Fair,1190,,Yes,,No,Visiting singer,Visiting singer — brief participation.,Disturbed,No,,0,"Staff noted a change in Doris over the night. Strip wash in bedroom completed; slight redness noted to the sacrum, repositioning chart started. Fluid intake recorded at 1190 ml. Appetite described as fair. Mood fluctuated and was largely low. Did not settle to visiting singer.",Fluids to be encouraged on the next shift; keep under observation.,Fluids encouraged; senior carer made aware.,Monitor intake and mood.,0,approved,,,2026-10-08 07:34:04
362,RES002,2025-10-15,Night,D. Osei,Care Worker,Daily,Supported wash with encouragement,Low,Fair,1480,,Yes,,No,Visiting singer,Visiting singer — brief participation.,Disturbed,No,,0,"A more difficult night for Doris. Supported wash with encouragement with two staff as Doris was unsteady on transfer. Fluids 1480 ml over the night, fair appetite at meals. Mood fluctuated and was largely low. Did not settle to visiting singer.",Fluids to be encouraged on the next shift; keep under observation.,Fluids encouraged; senior carer made aware.,Monitor intake and mood.,0,approved,,,2026-10-08 07:34:04
363,RES002,2025-10-17,Afternoon,P. Sharma,Care Worker,Daily,Supported wash with encouragement,Low,Fair,1277,,Yes,,No,Music session,Music session — brief participation.,Disturbed,No,,0,Doris needed more prompting than usual this afternoon. Supported wash with encouragement completed but Doris was reluctant and needed encouragement. Took 1277 ml of fluids; ate fair at lunch and tea. Mood low at times; declined music session and preferred to stay in her room.,Monitor fluid intake and report any further decline to the senior on duty.,Fluids encouraged; senior carer made aware.,Monitor intake and mood.,0,approved,,,2026-10-08 07:34:04
364,RES002,2025-10-19,Morning,K. Adeyemi,Care Worker,Daily,Full assistance with washing and dressing,Settled,Good,1553,,Yes,,No,Music session,Music session — participated well.,Good,No,,0,A good morning for Doris. Full assistance with washing and dressing carried out; Doris was able to assist with parts of her own care. Fluid intake recorded at 1553 ml. Appetite described as good. Mood settled and engaged well with music session.,No concerns to hand over.,Routine care given.,Nil to hand over.,0,approved,,,2026-10-08 07:34:04
365,RES002,2025-10-20,Afternoon,B. Mensah,Care Worker,Daily,Supported wash with encouragement,Settled,Good,1547,,Yes,,No,Newspaper reading,Newspaper reading — participated well.,Good,No,,0,"Doris presented as her usual self this afternoon. Supported wash with encouragement completed with the usual level of support. Skin checked, intact throughout. Took 1547 ml of fluids; ate good at lunch and tea. Bright and settled for most of the shift; enjoyed newspaper reading.",Nothing further to report.,Routine care given.,Nil to hand over.,0,approved,,,2026-10-08 07:34:04
366,RES002,2025-10-21,Afternoon,R. Kowalski,Care Worker,Daily,Supported wash with encouragement,Settled,Good,1582,,Yes,,No,One-to-one chat,One-to-one chat — participated well.,Good,No,,0,"Doris presented as her usual self this afternoon. Supported wash with encouragement completed with the usual level of support. Skin checked, intact throughout. Fluids 1582 ml over the afternoon, good appetite at meals. Presented as settled; joined in with one-to-one chat.",No concerns to hand over.,Routine care given.,Nil to hand over.,0,approved,,,2026-10-08 07:34:04
367,RES002,2025-10-22,Afternoon,C. Fernandes,Care Worker,Daily,Strip wash in bedroom,Settled,Good,1465,,Yes,,No,One-to-one chat,One-to-one chat — participated well.,Good,No,,0,"No concerns raised for Doris during the afternoon. Strip wash in bedroom carried out; Doris was able to assist with parts of her own care. Fluids 1465 ml over the afternoon, good appetite at meals. Bright and settled for most of the shift; enjoyed one-to-one chat.",No concerns to hand over.,Routine care given.,Nil to hand over.,0,approved,,,2026-10-08 07:34:04
368,RES002,2025-10-24,Afternoon,S. Patel,Care Worker,Daily,Assisted shower,Settled,Good,1398,,Yes,,No,Craft table,Craft table — participated well.,Good,Yes,,0,"Doris presented as her usual self this afternoon. Assisted shower completed with the usual level of support. Skin checked, intact throughout. 1398 ml of fluid encouraged across the shift; appetite good. Bright and settled for most of the shift; enjoyed craft table.",Continue with the current plan of care.,Routine care given.,Nil to hand over.,0,approved,,,2026-10-08 07:34:04
369,RES002,2025-10-25,Morning,A. Whitfield,Care Worker,Daily,Strip wash in bedroom,Settled,Good,1540,,Yes,,No,One-to-one chat,One-to-one chat — participated well.,Good,No,,0,Doris presented as her usual self this morning. Strip wash in bedroom carried out; Doris was able to assist with parts of her own care. Fluid intake recorded at 1540 ml. Appetite described as good. Mood settled and engaged well with one-to-one chat.,Nothing further to report.,Routine care given.,Nil to hand over.,0,approved,,,2026-10-08 07:34:04
370,RES002,2025-10-26,Morning,L. Ahmed,Care Worker,Daily,Assisted shower,Settled,Good,1369,,Yes,,No,Craft table,Craft table — participated well.,Good,No,,0,"Doris presented as her usual self this morning. Assisted shower completed with the usual level of support. Skin checked, intact throughout. Fluids 1369 ml over the morning, good appetite at meals. Mood settled and engaged well with craft table.",Nothing further to report.,Routine care given.,Nil to hand over.,0,approved,,,2026-10-08 07:34:04
371,RES002,2025-10-27,Morning,P. Sharma,Care Worker,Daily,Bed bath,Settled,Good,1543,,Yes,,No,Newspaper reading,Newspaper reading — participated well.,Good,No,,0,"A good morning for Doris. Bed bath; no skin concerns noted, pressure areas clear. Fluids 1543 ml over the morning, good appetite at meals. Bright and settled for most of the shift; enjoyed newspaper reading.",Nothing further to report.,Routine care given.,Nil to hand over.,0,approved,,,2026-10-08 07:34:04
372,RES002,2025-10-28,Afternoon,T. Nguyen,Care Worker,Daily,Supported wash with encouragement,Settled,Good,1418,,Yes,,No,One-to-one chat,One-to-one chat — participated well.,Good,No,,0,"Doris has had a settled afternoon. Supported wash with encouragement carried out; Doris was able to assist with parts of her own care. Fluids 1418 ml over the afternoon, good appetite at meals. Bright and settled for most of the shift; enjoyed one-to-one chat.",Continue with the current plan of care.,Routine care given.,Nil to hand over.,0,approved,,,2026-10-08 07:34:04
373,RES002,2025-10-29,Night,K. Adeyemi,Care Worker,Daily,Strip wash in bedroom,Settled,Good,1413,,Yes,,No,Rested in room,Rested in room — participated well.,Good,No,,0,"No concerns raised for Doris during the night. Strip wash in bedroom; no skin concerns noted, pressure areas clear. Fluid intake recorded at 1413 ml. Appetite described as good. Bright and settled for most of the shift; enjoyed rested in room.",Continue with the current plan of care.,Routine care given.,Nil to hand over.,0,approved,,,2026-10-08 07:34:04
374,RES002,2025-10-30,Morning,M. Nowak,Care Worker,Daily,Full assistance with washing and dressing,Settled,Good,1460,,Yes,,No,Armchair exercises,Armchair exercises — participated well.,Good,No,,0,"Doris has had a settled morning. Full assistance with washing and dressing completed with the usual level of support. Skin checked, intact throughout. Took 1460 ml of fluids; ate good at lunch and tea. Presented as settled; joined in with armchair exercises.",Continue with the current plan of care.,Routine care given.,Nil to hand over.,0,approved,,,2026-10-08 07:34:04
375,RES002,2025-10-31,Morning,D. Osei,Care Worker,Daily,Strip wash in bedroom,Settled,Good,1542,,Yes,,No,Visiting singer,Visiting singer — participated well.,Good,No,,0,"Doris has had a settled morning. Strip wash in bedroom carried out; Doris was able to assist with parts of her own care. Fluids 1542 ml over the morning, good appetite at meals. Mood settled and engaged well with visiting singer.",No concerns to hand over.,Routine care given.,Nil to hand over.,0,approved,,,2026-10-08 07:34:04
376,RES002,2025-11-01,Morning,R. Kowalski,Care Worker,Daily,Full assistance with washing and dressing,Settled,Good,1427,,Yes,,No,Hand massage,Hand massage — participated well.,Good,Yes,,0,A good morning for Doris. Full assistance with washing and dressing carried out; Doris was able to assist with parts of her own care. Fluid intake recorded at 1427 ml. Appetite described as good. Bright and settled for most of the shift; enjoyed hand massage.,No concerns to hand over.,Routine care given.,Nil to hand over.,0,approved,,,2026-10-08 07:34:04
377,RES002,2025-11-03,Afternoon,C. Fernandes,Care Worker,Daily,Full wash at the sink,Settled,Good,1283,,Yes,,No,Bingo in the lounge,Bingo in the lounge — participated well.,Good,No,,0,"Doris presented as her usual self this afternoon. Full wash at the sink; no skin concerns noted, pressure areas clear. Fluids 1283 ml over the afternoon, good appetite at meals. Mood settled and engaged well with bingo in the lounge.",No concerns to hand over.,Routine care given.,Nil to hand over.,0,approved,,,2026-10-08 07:34:04
378,RES002,2025-11-04,Afternoon,J. Okafor,Care Worker,Daily,Full assistance with washing and dressing,Settled,Good,1316,,Yes,,No,Music session,Music session — participated well.,Good,No,,0,"No concerns raised for Doris during the afternoon. Full assistance with washing and dressing; no skin concerns noted, pressure areas clear. Fluids 1316 ml over the afternoon, good appetite at meals. Presented as settled; joined in with music session.",Nothing further to report.,Routine care given.,Nil to hand over.,0,approved,,,2026-10-08 07:34:04
379,RES002,2025-11-05,Night,R. Kowalski,Care Worker,Daily,Supported wash with encouragement,Settled,Good,1298,,Yes,,No,Armchair exercises,Armchair exercises — participated well.,Good,Yes,,0,"Doris presented as her usual self this night. Supported wash with encouragement; no skin concerns noted, pressure areas clear. Fluids 1298 ml over the night, good appetite at meals. Presented as settled; joined in with armchair exercises.",Nothing further to report.,Routine care given.,Nil to hand over.,0,approved,,,2026-10-08 07:34:04
380,RES002,2025-11-06,Morning,K. Adeyemi,Care Worker,Daily,Strip wash in bedroom,Settled,Good,1399,,Yes,,No,Reminiscence group,Reminiscence group — participated well.,Good,No,,0,Doris has had a settled morning. Strip wash in bedroom carried out; Doris was able to assist with parts of her own care. Fluid intake recorded at 1399 ml. Appetite described as good. Bright and settled for most of the shift; enjoyed reminiscence group.,Continue with the current plan of care.,Routine care given.,Nil to hand over.,0,approved,,,2026-10-08 07:34:04
381,RES002,2025-11-07,Morning,R. Kowalski,Care Worker,Daily,Bed bath,Settled,Good,1333,,Yes,,No,Newspaper reading,Newspaper reading — participated well.,Good,No,,0,"No concerns raised for Doris during the morning. Bed bath completed with the usual level of support. Skin checked, intact throughout. Fluid intake recorded at 1333 ml. Appetite described as good. Bright and settled for most of the shift; enjoyed newspaper reading.",No concerns to hand over.,Routine care given.,Nil to hand over.,0,approved,,,2026-10-08 07:34:04
382,RES002,2025-11-08,Morning,K. Adeyemi,Care Worker,Daily,Strip wash in bedroom,Settled,Good,1247,,Yes,,No,Newspaper reading,Newspaper reading — participated well.,Good,No,,0,"Doris presented as her usual self this morning. Strip wash in bedroom; no skin concerns noted, pressure areas clear. Fluids 1247 ml over the morning, good appetite at meals. Mood settled and engaged well with newspaper reading.",No concerns to hand over.,Routine care given.,Nil to hand over.,0,approved,,,2026-10-08 07:34:04
383,RES002,2025-11-09,Night,D. Osei,Care Worker,Daily,Strip wash in bedroom,Settled,Good,1605,,Yes,,No,Bingo in the lounge,Bingo in the lounge — participated well.,Good,No,,0,Doris presented as her usual self this night. Strip wash in bedroom carried out; Doris was able to assist with parts of her own care. Took 1605 ml of fluids; ate good at lunch and tea. Bright and settled for most of the shift; enjoyed bingo in the lounge.,Continue with the current plan of care.,Routine care given.,Nil to hand over.,0,approved,,,2026-10-08 07:34:04
384,RES002,2025-11-10,Morning,S. Patel,Care Worker,Daily,Full wash at the sink,Settled,Good,1317,,Yes,,No,Visiting singer,Visiting singer — participated well.,Good,No,,0,"Doris has had a settled morning. Full wash at the sink completed with the usual level of support. Skin checked, intact throughout. Took 1317 ml of fluids; ate good at lunch and tea. Presented as settled; joined in with visiting singer.",Nothing further to report.,Routine care given.,Nil to hand over.,0,approved,,,2026-10-08 07:34:04
385,RES002,2025-11-11,Night,J. Okafor,Care Worker,Daily,Supported wash with encouragement,Settled,Good,1264,,Yes,,No,Reminiscence group,Reminiscence group — participated well.,Good,No,,0,"Doris has had a settled night. Supported wash with encouragement completed with the usual level of support. Skin checked, intact throughout. Fluids 1264 ml over the night, good appetite at meals. Bright and settled for most of the shift; enjoyed reminiscence group.",No concerns to hand over.,Routine care given.,Nil to hand over.,0,approved,,,2026-10-08 07:34:04
386,RES002,2025-11-14,Night,L. Ahmed,Care Worker,Daily,Assisted shower,Settled,Good,1430,,Yes,,No,Music session,Music session — participated well.,Good,Yes,,0,"Doris presented as her usual self this night. Assisted shower; no skin concerns noted, pressure areas clear. Took 1430 ml of fluids; ate good at lunch and tea. Mood settled and engaged well with music session.",Continue with the current plan of care.,Routine care given.,Nil to hand over.,0,approved,,,2026-10-08 07:34:04
387,RES002,2025-11-15,Night,C. Fernandes,Care Worker,Daily,Full assistance with washing and dressing,Settled,Good,1448,,Yes,,No,Bingo in the lounge,Bingo in the lounge — participated well.,Good,No,,0,"Doris presented as her usual self this night. Full assistance with washing and dressing; no skin concerns noted, pressure areas clear. Fluid intake recorded at 1448 ml. Appetite described as good. Presented as settled; joined in with bingo in the lounge.",Continue with the current plan of care.,Routine care given.,Nil to hand over.,0,approved,,,2026-10-08 07:34:04
388,RES002,2025-11-16,Morning,M. Nowak,Care Worker,Daily,Full assistance with washing and dressing,Settled,Good,1261,,Yes,,No,Garden walk with staff,Garden walk with staff — participated well.,Good,No,,0,"Doris presented as her usual self this morning. Full assistance with washing and dressing carried out; Doris was able to assist with parts of her own care. Fluids 1261 ml over the morning, good appetite at meals. Bright and settled for most of the shift; enjoyed garden walk with staff.",No concerns to hand over.,Routine care given.,Nil to hand over.,0,approved,,,2026-10-08 07:34:04
389,RES002,2025-11-17,Night,S. Patel,Care Worker,Daily,Assisted shower,Low,Fair,1280,,Yes,,No,Reminiscence group,Reminiscence group — brief participation.,Disturbed,No,,0,Doris needed more prompting than usual this night. Assisted shower with two staff as Doris was unsteady on transfer. Fluid intake recorded at 1280 ml. Appetite described as fair. Mood fluctuated and was largely low. Did not settle to reminiscence group.,Please continue to observe closely; senior carer informed.,Fluids encouraged; senior carer made aware.,Monitor intake and mood.,0,approved,,,2026-10-08 07:34:04
390,RES002,2025-11-19,Night,T. Nguyen,Care Worker,Daily,Full wash at the sink,Low,Fair,1517,,Yes,,No,Newspaper reading,Newspaper reading — brief participation.,Disturbed,No,,0,Doris has been less settled this night. Full wash at the sink with two staff as Doris was unsteady on transfer. Took 1517 ml of fluids; ate fair at lunch and tea. Appeared low; needed reassurance on several occasions.,Monitor fluid intake and report any further decline to the senior on duty.,Fluids encouraged; senior carer made aware.,Monitor intake and mood.,0,approved,,,2026-10-08 07:34:04
391,RES002,2025-11-20,Morning,M. Nowak,Care Worker,Daily,Bed bath,Low,Fair,1357,,Yes,,No,Rested in room,Rested in room — brief participation.,Disturbed,No,,0,Doris needed more prompting than usual this morning. Bed bath with two staff as Doris was unsteady on transfer. 1357 ml of fluid encouraged across the shift; appetite fair. Mood fluctuated and was largely low. Did not settle to rested in room.,Fluids to be encouraged on the next shift; keep under observation.,Fluids encouraged; senior carer made aware.,Monitor intake and mood.,0,approved,,,2026-10-08 07:34:04
392,RES002,2025-11-22,Afternoon,J. Okafor,Care Worker,Daily,Full assistance with washing and dressing,Low,Fair,1445,,Yes,,No,Bingo in the lounge,Bingo in the lounge — brief participation.,Disturbed,Yes,,0,Doris has been less settled this afternoon. Full assistance with washing and dressing completed but Doris was reluctant and needed encouragement. 1445 ml of fluid encouraged across the shift; appetite fair. Mood low at times; declined bingo in the lounge and preferred to stay in her room.,Fluids to be encouraged on the next shift; keep under observation.,Fluids encouraged; senior carer made aware.,Monitor intake and mood.,0,approved,,,2026-10-08 07:34:04
393,RES002,2025-11-23,Afternoon,C. Fernandes,Care Worker,Daily,Full wash at the sink,Low,Fair,1357,,Yes,,No,One-to-one chat,One-to-one chat — brief participation.,Disturbed,No,,0,Doris has been less settled this afternoon. Full wash at the sink completed but Doris was reluctant and needed encouragement. Fluid intake recorded at 1357 ml. Appetite described as fair. Appeared low; needed reassurance on several occasions.,Monitor fluid intake and report any further decline to the senior on duty.,Fluids encouraged; senior carer made aware.,Monitor intake and mood.,0,approved,,,2026-10-08 07:34:04
394,RES002,2025-11-24,Night,S. Patel,Care Worker,Daily,Strip wash in bedroom,Low,Fair,1251,,Yes,,No,Craft table,Craft table — brief participation.,Disturbed,Yes,,0,"Doris needed more prompting than usual this night. Strip wash in bedroom completed; slight redness noted to the sacrum, repositioning chart started. 1251 ml of fluid encouraged across the shift; appetite fair. Appeared low; needed reassurance on several occasions.",Monitor fluid intake and report any further decline to the senior on duty.,Fluids encouraged; senior carer made aware.,Monitor intake and mood.,0,approved,,,2026-10-08 07:34:04
395,RES002,2025-11-25,Morning,C. Fernandes,Care Worker,Daily,Supported wash with encouragement,Settled,Good,1282,,Yes,,No,Reminiscence group,Reminiscence group — participated well.,Good,No,,0,"A good morning for Doris. Supported wash with encouragement; no skin concerns noted, pressure areas clear. Took 1282 ml of fluids; ate good at lunch and tea. Presented as settled; joined in with reminiscence group.",Continue with the current plan of care.,Routine care given.,Nil to hand over.,0,approved,,,2026-10-08 07:34:04
396,RES002,2025-11-26,Afternoon,C. Fernandes,Care Worker,Daily,Supported wash with encouragement,Settled,Good,1434,,Yes,,No,Bingo in the lounge,Bingo in the lounge — participated well.,Good,No,,0,Doris presented as her usual self this afternoon. Supported wash with encouragement carried out; Doris was able to assist with parts of her own care. Fluid intake recorded at 1434 ml. Appetite described as good. Bright and settled for most of the shift; enjoyed bingo in the lounge.,Nothing further to report.,Routine care given.,Nil to hand over.,0,approved,,,2026-10-08 07:34:04
397,RES002,2025-11-27,Afternoon,T. Nguyen,Care Worker,Daily,Full wash at the sink,Settled,Good,1333,,Yes,,No,Bingo in the lounge,Bingo in the lounge — participated well.,Good,No,,0,A good afternoon for Doris. Full wash at the sink carried out; Doris was able to assist with parts of her own care. Took 1333 ml of fluids; ate good at lunch and tea. Bright and settled for most of the shift; enjoyed bingo in the lounge.,Continue with the current plan of care.,Routine care given.,Nil to hand over.,0,approved,,,2026-10-08 07:34:04
398,RES002,2025-11-28,Morning,D. Osei,Care Worker,Daily,Full wash at the sink,Settled,Good,1360,,Yes,,No,Garden walk with staff,Garden walk with staff — participated well.,Good,No,,0,"Doris has had a settled morning. Full wash at the sink; no skin concerns noted, pressure areas clear. 1360 ml of fluid encouraged across the shift; appetite good. Mood settled and engaged well with garden walk with staff.",Nothing further to report.,Routine care given.,Nil to hand over.,0,approved,,,2026-10-08 07:34:04
399,RES002,2025-11-29,Morning,D. Osei,Care Worker,Daily,Bed bath,Settled,Good,1407,,Yes,,No,Bingo in the lounge,Bingo in the lounge — participated well.,Good,No,,0,"Doris has had a settled morning. Bed bath completed with the usual level of support. Skin checked, intact throughout. 1407 ml of fluid encouraged across the shift; appetite good. Bright and settled for most of the shift; enjoyed bingo in the lounge.",Nothing further to report.,Routine care given.,Nil to hand over.,0,approved,,,2026-10-08 07:34:04
400,RES002,2025-12-02,Afternoon,D. Osei,Care Worker,Daily,Bed bath,Low,Fair,1450,,Yes,,No,Rested in room,Rested in room — brief participation.,Disturbed,No,,0,Doris has been less settled this afternoon. Bed bath with two staff as Doris was unsteady on transfer. Fluid intake recorded at 1450 ml. Appetite described as fair. Mood low at times; declined rested in room and preferred to stay in her room.,Please continue to observe closely; senior carer informed.,Fluids encouraged; senior carer made aware.,Monitor intake and mood.,0,approved,,,2026-10-08 07:34:04
401,RES002,2025-12-03,Night,T. Nguyen,Care Worker,Daily,Assisted shower,Low,Fair,1327,,Yes,,No,Reminiscence group,Reminiscence group — brief participation.,Disturbed,No,,0,"Doris has been less settled this night. Assisted shower completed but Doris was reluctant and needed encouragement. Fluids 1327 ml over the night, fair appetite at meals. Mood low at times; declined reminiscence group and preferred to stay in her room.",Please continue to observe closely; senior carer informed.,Fluids encouraged; senior carer made aware.,Monitor intake and mood.,0,approved,,,2026-10-08 07:34:04
402,RES002,2025-12-04,Morning,D. Osei,Care Worker,Daily,Full wash at the sink,Low,Fair,1250,,Yes,,No,Newspaper reading,Newspaper reading — brief participation.,Disturbed,No,,0,"Doris has been less settled this morning. Full wash at the sink completed; slight redness noted to the sacrum, repositioning chart started. 1250 ml of fluid encouraged across the shift; appetite fair. Appeared low; needed reassurance on several occasions.",Please continue to observe closely; senior carer informed.,Fluids encouraged; senior carer made aware.,Monitor intake and mood.,0,approved,,,2026-10-08 07:34:04
403,RES002,2025-12-05,Afternoon,S. Patel,Care Worker,Daily,Supported wash with encouragement,Low,Fair,1365,,Yes,,No,Visiting singer,Visiting singer — brief participation.,Disturbed,Yes,,0,Staff noted a change in Doris over the afternoon. Supported wash with encouragement completed but Doris was reluctant and needed encouragement. 1365 ml of fluid encouraged across the shift; appetite fair. Mood fluctuated and was largely low. Did not settle to visiting singer.,Fluids to be encouraged on the next shift; keep under observation.,Fluids encouraged; senior carer made aware.,Monitor intake and mood.,0,approved,,,2026-10-08 07:34:04
404,RES002,2025-12-07,Night,S. Patel,Care Worker,Daily,Strip wash in bedroom,Low,Fair,1448,,Yes,,No,Garden walk with staff,Garden walk with staff — brief participation.,Disturbed,No,,0,A more difficult night for Doris. Strip wash in bedroom completed but Doris was reluctant and needed encouragement. Fluid intake recorded at 1448 ml. Appetite described as fair. Appeared low; needed reassurance on several occasions.,Fluids to be encouraged on the next shift; keep under observation.,Fluids encouraged; senior carer made aware.,Monitor intake and mood.,0,approved,,,2026-10-08 07:34:04
405,RES002,2025-12-09,Night,S. Patel,Care Worker,Daily,Full wash at the sink,Low,Fair,1408,,Yes,,No,Garden walk with staff,Garden walk with staff — brief participation.,Disturbed,No,,0,A more difficult night for Doris. Full wash at the sink with two staff as Doris was unsteady on transfer. Fluid intake recorded at 1408 ml. Appetite described as fair. Appeared low; needed reassurance on several occasions.,Please continue to observe closely; senior carer informed.,Fluids encouraged; senior carer made aware.,Monitor intake and mood.,0,approved,,,2026-10-08 07:34:04
406,RES002,2025-12-10,Morning,B. Mensah,Care Worker,Daily,Full wash at the sink,Low,Fair,1359,,Yes,,No,Reminiscence group,Reminiscence group — brief participation.,Disturbed,No,,0,"Doris needed more prompting than usual this morning. Full wash at the sink completed; slight redness noted to the sacrum, repositioning chart started. Fluids 1359 ml over the morning, fair appetite at meals. Mood low at times; declined reminiscence group and preferred to stay in her room.",Monitor fluid intake and report any further decline to the senior on duty.,Fluids encouraged; senior carer made aware.,Monitor intake and mood.,0,approved,,,2026-10-08 07:34:04
407,RES002,2025-12-11,Night,L. Ahmed,Care Worker,Daily,Bed bath,Low,Fair,1424,,Yes,,No,Rested in room,Rested in room — brief participation.,Disturbed,Yes,,0,"Staff noted a change in Doris over the night. Bed bath completed; slight redness noted to the sacrum, repositioning chart started. Fluids 1424 ml over the night, fair appetite at meals. Appeared low; needed reassurance on several occasions.",Monitor fluid intake and report any further decline to the senior on duty.,Fluids encouraged; senior carer made aware.,Monitor intake and mood.,0,approved,,,2026-10-08 07:34:04
408,RES002,2025-12-12,Morning,P. Sharma,Care Worker,Daily,Full wash at the sink,Settled,Good,1531,,Yes,,No,Music session,Music session — participated well.,Good,Yes,,0,"Doris has had a settled morning. Full wash at the sink completed with the usual level of support. Skin checked, intact throughout. Fluids 1531 ml over the morning, good appetite at meals. Bright and settled for most of the shift; enjoyed music session.",Nothing further to report.,Routine care given.,Nil to hand over.,0,approved,,,2026-10-08 07:34:04
409,RES002,2025-12-13,Night,B. Mensah,Care Worker,Daily,Strip wash in bedroom,Settled,Good,1395,,Yes,,No,Reminiscence group,Reminiscence group — participated well.,Good,Yes,,0,"A good night for Doris. Strip wash in bedroom completed with the usual level of support. Skin checked, intact throughout. Took 1395 ml of fluids; ate good at lunch and tea. Bright and settled for most of the shift; enjoyed reminiscence group.",No concerns to hand over.,Routine care given.,Nil to hand over.,0,approved,,,2026-10-08 07:34:04
410,RES002,2025-12-14,Afternoon,T. Nguyen,Care Worker,Daily,Full wash at the sink,Settled,Good,1571,,Yes,,No,Bingo in the lounge,Bingo in the lounge — participated well.,Good,No,,0,"A good afternoon for Doris. Full wash at the sink; no skin concerns noted, pressure areas clear. Fluid intake recorded at 1571 ml. Appetite described as good. Presented as settled; joined in with bingo in the lounge.",No concerns to hand over.,Routine care given.,Nil to hand over.,0,approved,,,2026-10-08 07:34:04
411,RES002,2025-12-15,Afternoon,P. Sharma,Care Worker,Daily,Full wash at the sink,Settled,Good,1223,,Yes,,No,Armchair exercises,Armchair exercises — participated well.,Good,No,,0,"Doris has had a settled afternoon. Full wash at the sink completed with the usual level of support. Skin checked, intact throughout. Fluids 1223 ml over the afternoon, good appetite at meals. Presented as settled; joined in with armchair exercises.",No concerns to hand over.,Routine care given.,Nil to hand over.,0,approved,,,2026-10-08 07:34:04
412,RES002,2025-12-16,Night,A. Whitfield,Care Worker,Daily,Full wash at the sink,Settled,Good,1312,,Yes,,No,Hand massage,Hand massage — participated well.,Good,No,,0,"Doris has had a settled night. Full wash at the sink; no skin concerns noted, pressure areas clear. 1312 ml of fluid encouraged across the shift; appetite good. Presented as settled; joined in with hand massage.",Continue with the current plan of care.,Routine care given.,Nil to hand over.,0,approved,,,2026-10-08 07:34:04
413,RES002,2025-12-17,Morning,A. Whitfield,Care Worker,Daily,Full assistance with washing and dressing,Settled,Good,1450,,Yes,,No,Garden walk with staff,Garden walk with staff — participated well.,Good,Yes,,0,"Doris has had a settled morning. Full assistance with washing and dressing; no skin concerns noted, pressure areas clear. Fluids 1450 ml over the morning, good appetite at meals. Mood settled and engaged well with garden walk with staff.",No concerns to hand over.,Routine care given.,Nil to hand over.,0,approved,,,2026-10-08 07:34:04
414,RES002,2025-12-18,Morning,J. Okafor,Care Worker,Daily,Strip wash in bedroom,Low,Fair,1483,,Yes,,No,Visiting singer,Visiting singer — brief participation.,Disturbed,No,,0,Staff noted a change in Doris over the morning. Strip wash in bedroom with two staff as Doris was unsteady on transfer. 1483 ml of fluid encouraged across the shift; appetite fair. Mood low at times; declined visiting singer and preferred to stay in her room.,Monitor fluid intake and report any further decline to the senior on duty.,Fluids encouraged; senior carer made aware.,Monitor intake and mood.,0,approved,,,2026-10-08 07:34:04
415,RES002,2025-12-19,Night,R. Kowalski,Care Worker,Daily,Supported wash with encouragement,Low,Fair,1432,,Yes,,No,Armchair exercises,Armchair exercises — brief participation.,Disturbed,Yes,,0,Staff noted a change in Doris over the night. Supported wash with encouragement completed but Doris was reluctant and needed encouragement. 1432 ml of fluid encouraged across the shift; appetite fair. Mood low at times; declined armchair exercises and preferred to stay in her room.,Fluids to be encouraged on the next shift; keep under observation.,Fluids encouraged; senior carer made aware.,Monitor intake and mood.,0,approved,,,2026-10-08 07:34:04
416,RES002,2025-12-21,Afternoon,A. Whitfield,Care Worker,Daily,Bed bath,Low,Fair,1427,,Yes,,No,One-to-one chat,One-to-one chat — brief participation.,Disturbed,No,,0,"Doris needed more prompting than usual this afternoon. Bed bath completed but Doris was reluctant and needed encouragement. Fluids 1427 ml over the afternoon, fair appetite at meals. Appeared low; needed reassurance on several occasions.",Fluids to be encouraged on the next shift; keep under observation.,Fluids encouraged; senior carer made aware.,Monitor intake and mood.,0,approved,,,2026-10-08 07:34:04
417,RES002,2025-12-23,Morning,M. Nowak,Care Worker,Daily,Full assistance with washing and dressing,Low,Fair,1214,,Yes,,No,Hand massage,Hand massage — brief participation.,Disturbed,Yes,,0,Doris has been less settled this morning. Full assistance with washing and dressing with two staff as Doris was unsteady on transfer. Fluid intake recorded at 1214 ml. Appetite described as fair. Appeared low; needed reassurance on several occasions.,Please continue to observe closely; senior carer informed.,Fluids encouraged; senior carer made aware.,Monitor intake and mood.,0,approved,,,2026-10-08 07:34:04
418,RES002,2025-12-24,Afternoon,C. Fernandes,Care Worker,Daily,Full assistance with washing and dressing,Low,Fair,1347,,Yes,,No,Craft table,Craft table — brief participation.,Disturbed,No,,0,"Doris has been less settled this afternoon. Full assistance with washing and dressing completed; slight redness noted to the sacrum, repositioning chart started. Fluids 1347 ml over the afternoon, fair appetite at meals. Mood low at times; declined craft table and preferred to stay in her room.",Monitor fluid intake and report any further decline to the senior on duty.,Fluids encouraged; senior carer made aware.,Monitor intake and mood.,0,approved,,,2026-10-08 07:34:04
419,RES002,2025-12-25,Afternoon,K. Adeyemi,Care Worker,Daily,Full wash at the sink,Low,Fair,1501,,Yes,,No,Armchair exercises,Armchair exercises — brief participation.,Disturbed,No,,0,"Doris has been less settled this afternoon. Full wash at the sink completed but Doris was reluctant and needed encouragement. Fluids 1501 ml over the afternoon, fair appetite at meals. Mood low at times; declined armchair exercises and preferred to stay in her room.",Please continue to observe closely; senior carer informed.,Fluids encouraged; senior carer made aware.,Monitor intake and mood.,0,approved,,,2026-10-08 07:34:04
420,RES002,2025-12-26,Night,T. Nguyen,Care Worker,Daily,Assisted shower,Low,Fair,1574,,Yes,,No,Visiting singer,Visiting singer — brief participation.,Disturbed,No,,0,Staff noted a change in Doris over the night. Assisted shower with two staff as Doris was unsteady on transfer. Took 1574 ml of fluids; ate fair at lunch and tea. Mood low at times; declined visiting singer and preferred to stay in her room.,Please continue to observe closely; senior carer informed.,Fluids encouraged; senior carer made aware.,Monitor intake and mood.,0,approved,,,2026-10-08 07:34:04
421,RES002,2025-12-27,Afternoon,J. Okafor,Care Worker,Daily,Full wash at the sink,Low,Fair,1256,,Yes,,No,Newspaper reading,Newspaper reading — brief participation.,Disturbed,Yes,,0,"Staff noted a change in Doris over the afternoon. Full wash at the sink completed; slight redness noted to the sacrum, repositioning chart started. Fluids 1256 ml over the afternoon, fair appetite at meals. Mood low at times; declined newspaper reading and preferred to stay in her room.",Monitor fluid intake and report any further decline to the senior on duty.,Fluids encouraged; senior carer made aware.,Monitor intake and mood.,0,approved,,,2026-10-08 07:34:04
422,RES002,2025-12-28,Night,B. Mensah,Care Worker,Daily,Full wash at the sink,Low,Fair,1405,,Yes,,No,Rested in room,Rested in room — brief participation.,Disturbed,No,,0,"Doris has been less settled this night. Full wash at the sink completed; slight redness noted to the sacrum, repositioning chart started. Fluids 1405 ml over the night, fair appetite at meals. Mood fluctuated and was largely low. Did not settle to rested in room.",Monitor fluid intake and report any further decline to the senior on duty.,Fluids encouraged; senior carer made aware.,Monitor intake and mood.,0,approved,,,2026-10-08 07:34:04
423,RES002,2025-12-29,Morning,J. Okafor,Care Worker,Daily,Strip wash in bedroom,Low,Fair,1404,,Yes,,No,Garden walk with staff,Garden walk with staff — brief participation.,Disturbed,No,,0,"Staff noted a change in Doris over the morning. Strip wash in bedroom completed; slight redness noted to the sacrum, repositioning chart started. 1404 ml of fluid encouraged across the shift; appetite fair. Appeared low; needed reassurance on several occasions.",Monitor fluid intake and report any further decline to the senior on duty.,Fluids encouraged; senior carer made aware.,Monitor intake and mood.,0,approved,,,2026-10-08 07:34:04
424,RES002,2025-12-30,Night,J. Okafor,Care Worker,Daily,Assisted shower,Low,Fair,1509,,Yes,,No,Reminiscence group,Reminiscence group — brief participation.,Disturbed,No,,0,Staff noted a change in Doris over the night. Assisted shower completed but Doris was reluctant and needed encouragement. 1509 ml of fluid encouraged across the shift; appetite fair. Mood low at times; declined reminiscence group and preferred to stay in her room.,Please continue to observe closely; senior carer informed.,Fluids encouraged; senior carer made aware.,Monitor intake and mood.,0,approved,,,2026-10-08 07:34:04
425,RES002,2025-12-31,Morning,M. Nowak,Care Worker,Daily,Bed bath,Low,Fair,1427,,Yes,,No,One-to-one chat,One-to-one chat — brief participation.,Disturbed,No,,0,"A more difficult morning for Doris. Bed bath completed; slight redness noted to the sacrum, repositioning chart started. Took 1427 ml of fluids; ate fair at lunch and tea. Mood fluctuated and was largely low. Did not settle to one-to-one chat.",Fluids to be encouraged on the next shift; keep under observation.,Fluids encouraged; senior carer made aware.,Monitor intake and mood.,0,approved,,,2026-10-08 07:34:04
426,RES002,2026-01-01,Afternoon,S. Patel,Care Worker,Daily,Full wash at the sink,Low,Fair,1392,,Yes,,No,Rested in room,Rested in room — brief participation.,Disturbed,No,,0,Staff noted a change in Doris over the afternoon. Full wash at the sink with two staff as Doris was unsteady on transfer. 1392 ml of fluid encouraged across the shift; appetite fair. Appeared low; needed reassurance on several occasions.,Monitor fluid intake and report any further decline to the senior on duty.,Fluids encouraged; senior carer made aware.,Monitor intake and mood.,0,approved,,,2026-10-08 07:34:04
427,RES002,2026-01-02,Night,R. Kowalski,Care Worker,Daily,Full wash at the sink,Low,Fair,1302,,Yes,,No,One-to-one chat,One-to-one chat — brief participation.,Disturbed,No,,0,"A more difficult night for Doris. Full wash at the sink completed but Doris was reluctant and needed encouragement. Fluids 1302 ml over the night, fair appetite at meals. Mood low at times; declined one-to-one chat and preferred to stay in her room.",Fluids to be encouraged on the next shift; keep under observation.,Fluids encouraged; senior carer made aware.,Monitor intake and mood.,0,approved,,,2026-10-08 07:34:04
428,RES002,2026-01-03,Night,A. Whitfield,Care Worker,Daily,Full wash at the sink,Low,Fair,1154,,Yes,,No,Bingo in the lounge,Bingo in the lounge — brief participation.,Disturbed,No,,0,"Staff noted a change in Doris over the night. Full wash at the sink completed; slight redness noted to the sacrum, repositioning chart started. Fluid intake recorded at 1154 ml. Appetite described as fair. Mood low at times; declined bingo in the lounge and preferred to stay in her room.",Monitor fluid intake and report any further decline to the senior on duty.,Fluids encouraged; senior carer made aware.,Monitor intake and mood.,0,approved,,,2026-10-08 07:34:04
429,RES002,2026-01-04,Morning,C. Fernandes,Care Worker,Daily,Assisted shower,Low,Fair,1398,,Yes,,No,Garden walk with staff,Garden walk with staff — brief participation.,Disturbed,No,,0,"Staff noted a change in Doris over the morning. Assisted shower completed; slight redness noted to the sacrum, repositioning chart started. Fluid intake recorded at 1398 ml. Appetite described as fair. Appeared low; needed reassurance on several occasions.",Monitor fluid intake and report any further decline to the senior on duty.,Fluids encouraged; senior carer made aware.,Monitor intake and mood.,0,approved,,,2026-10-08 07:34:04
430,RES002,2026-01-05,Afternoon,S. Patel,Care Worker,Daily,Full wash at the sink,Low,Fair,1414,,Yes,,No,Armchair exercises,Armchair exercises — brief participation.,Disturbed,No,,0,"Doris needed more prompting than usual this afternoon. Full wash at the sink completed; slight redness noted to the sacrum, repositioning chart started. Fluid intake recorded at 1414 ml. Appetite described as fair. Appeared low; needed reassurance on several occasions.",Fluids to be encouraged on the next shift; keep under observation.,Fluids encouraged; senior carer made aware.,Monitor intake and mood.,0,approved,,,2026-10-08 07:34:04
431,RES002,2026-01-06,Morning,P. Sharma,Care Worker,Daily,Full wash at the sink,Low,Fair,1403,,Yes,,No,Reminiscence group,Reminiscence group — brief participation.,Disturbed,No,,0,"A more difficult morning for Doris. Full wash at the sink with two staff as Doris was unsteady on transfer. Fluids 1403 ml over the morning, fair appetite at meals. Mood fluctuated and was largely low. Did not settle to reminiscence group.",Fluids to be encouraged on the next shift; keep under observation.,Fluids encouraged; senior carer made aware.,Monitor intake and mood.,0,approved,,,2026-10-08 07:34:04
432,RES002,2026-01-07,Afternoon,D. Osei,Care Worker,Daily,Full wash at the sink,Low,Fair,1308,,Yes,,No,Music session,Music session — brief participation.,Disturbed,No,,0,Staff noted a change in Doris over the afternoon. Full wash at the sink completed but Doris was reluctant and needed encouragement. 1308 ml of fluid encouraged across the shift; appetite fair. Mood low at times; declined music session and preferred to stay in her room.,Monitor fluid intake and report any further decline to the senior on duty.,Fluids encouraged; senior carer made aware.,Monitor intake and mood.,0,approved,,,2026-10-08 07:34:04
433,RES002,2026-01-08,Morning,L. Ahmed,Care Worker,Daily,Bed bath,Low,Fair,1379,,Yes,,No,Craft table,Craft table — brief participation.,Disturbed,No,,0,"Doris needed more prompting than usual this morning. Bed bath completed; slight redness noted to the sacrum, repositioning chart started. Took 1379 ml of fluids; ate fair at lunch and tea. Mood fluctuated and was largely low. Did not settle to craft table.",Please continue to observe closely; senior carer informed.,Fluids encouraged; senior carer made aware.,Monitor intake and mood.,0,approved,,,2026-10-08 07:34:04
434,RES002,2026-01-09,Night,T. Nguyen,Care Worker,Daily,Strip wash in bedroom,Low,Fair,1411,,Yes,,No,Newspaper reading,Newspaper reading — brief participation.,Disturbed,No,,0,Staff noted a change in Doris over the night. Strip wash in bedroom completed but Doris was reluctant and needed encouragement. Fluid intake recorded at 1411 ml. Appetite described as fair. Mood low at times; declined newspaper reading and preferred to stay in her room.,Please continue to observe closely; senior carer informed.,Fluids encouraged; senior carer made aware.,Monitor intake and mood.,0,approved,,,2026-10-08 07:34:04
435,RES002,2026-01-10,Morning,J. Okafor,Care Worker,Daily,Strip wash in bedroom,Low,Fair,1310,,Yes,,No,One-to-one chat,One-to-one chat — brief participation.,Disturbed,Yes,,0,Staff noted a change in Doris over the morning. Strip wash in bedroom with two staff as Doris was unsteady on transfer. 1310 ml of fluid encouraged across the shift; appetite fair. Mood low at times; declined one-to-one chat and preferred to stay in her room.,Fluids to be encouraged on the next shift; keep under observation.,Fluids encouraged; senior carer made aware.,Monitor intake and mood.,0,approved,,,2026-10-08 07:34:04
436,RES002,2026-01-11,Morning,K. Adeyemi,Care Worker,Daily,Assisted shower,Low,Fair,1409,,Yes,,No,Music session,Music session — brief participation.,Disturbed,No,,0,A more difficult morning for Doris. Assisted shower completed but Doris was reluctant and needed encouragement. 1409 ml of fluid encouraged across the shift; appetite fair. Mood fluctuated and was largely low. Did not settle to music session.,Fluids to be encouraged on the next shift; keep under observation.,Fluids encouraged; senior carer made aware.,Monitor intake and mood.,0,approved,,,2026-10-08 07:34:04
437,RES002,2026-01-12,Night,S. Patel,Care Worker,Daily,Assisted shower,Low,Fair,1447,,Yes,,No,One-to-one chat,One-to-one chat — brief participation.,Disturbed,Yes,,0,Doris has been less settled this night. Assisted shower completed but Doris was reluctant and needed encouragement. 1447 ml of fluid encouraged across the shift; appetite fair. Mood fluctuated and was largely low. Did not settle to one-to-one chat.,Monitor fluid intake and report any further decline to the senior on duty.,Fluids encouraged; senior carer made aware.,Monitor intake and mood.,0,approved,,,2026-10-08 07:34:04
438,RES002,2026-01-13,Afternoon,M. Nowak,Care Worker,Daily,Bed bath,Low,Fair,1321,,Yes,,No,Reminiscence group,Reminiscence group — brief participation.,Disturbed,No,,0,Staff noted a change in Doris over the afternoon. Bed bath with two staff as Doris was unsteady on transfer. 1321 ml of fluid encouraged across the shift; appetite fair. Mood low at times; declined reminiscence group and preferred to stay in her room.,Fluids to be encouraged on the next shift; keep under observation.,Fluids encouraged; senior carer made aware.,Monitor intake and mood.,0,approved,,,2026-10-08 07:34:04
439,RES002,2026-01-14,Morning,D. Osei,Care Worker,Daily,Strip wash in bedroom,Low,Fair,1275,,Yes,,No,Bingo in the lounge,Bingo in the lounge — brief participation.,Disturbed,No,,0,Doris has been less settled this morning. Strip wash in bedroom completed but Doris was reluctant and needed encouragement. Fluid intake recorded at 1275 ml. Appetite described as fair. Appeared low; needed reassurance on several occasions.,Please continue to observe closely; senior carer informed.,Fluids encouraged; senior carer made aware.,Monitor intake and mood.,0,approved,,,2026-10-08 07:34:04
440,RES002,2026-01-15,Morning,P. Sharma,Care Worker,Daily,Bed bath,Low,Fair,1259,,Yes,,No,Garden walk with staff,Garden walk with staff — brief participation.,Disturbed,No,,0,"Doris has been less settled this morning. Bed bath completed; slight redness noted to the sacrum, repositioning chart started. Fluid intake recorded at 1259 ml. Appetite described as fair. Mood fluctuated and was largely low. Did not settle to garden walk with staff.",Fluids to be encouraged on the next shift; keep under observation.,Fluids encouraged; senior carer made aware.,Monitor intake and mood.,0,approved,,,2026-10-08 07:34:04
441,RES002,2026-01-16,Night,K. Adeyemi,Care Worker,Daily,Strip wash in bedroom,Low,Fair,1424,,Yes,,No,Bingo in the lounge,Bingo in the lounge — brief participation.,Disturbed,Yes,,0,Doris has been less settled this night. Strip wash in bedroom with two staff as Doris was unsteady on transfer. 1424 ml of fluid encouraged across the shift; appetite fair. Mood fluctuated and was largely low. Did not settle to bingo in the lounge.,Please continue to observe closely; senior carer informed.,Fluids encouraged; senior carer made aware.,Monitor intake and mood.,0,approved,,,2026-10-08 07:34:04
442,RES002,2026-01-17,Morning,K. Adeyemi,Care Worker,Daily,Bed bath,Low,Fair,1258,,Yes,,No,Armchair exercises,Armchair exercises — brief participation.,Disturbed,No,,0,Staff noted a change in Doris over the morning. Bed bath completed but Doris was reluctant and needed encouragement. Took 1258 ml of fluids; ate fair at lunch and tea. Mood fluctuated and was largely low. Did not settle to armchair exercises.,Fluids to be encouraged on the next shift; keep under observation.,Fluids encouraged; senior carer made aware.,Monitor intake and mood.,0,approved,,,2026-10-08 07:34:04
443,RES002,2026-01-18,Night,A. Whitfield,Care Worker,Daily,Supported wash with encouragement,Low,Fair,1310,,Yes,,No,Visiting singer,Visiting singer — brief participation.,Disturbed,No,,0,Staff noted a change in Doris over the night. Supported wash with encouragement with two staff as Doris was unsteady on transfer. Took 1310 ml of fluids; ate fair at lunch and tea. Mood fluctuated and was largely low. Did not settle to visiting singer.,Fluids to be encouraged on the next shift; keep under observation.,Fluids encouraged; senior carer made aware.,Monitor intake and mood.,0,approved,,,2026-10-08 07:34:04
444,RES002,2026-01-19,Night,L. Ahmed,Care Worker,Daily,Assisted shower,Low,Fair,1245,,Yes,,No,Visiting singer,Visiting singer — brief participation.,Disturbed,No,,0,"Doris needed more prompting than usual this night. Assisted shower with two staff as Doris was unsteady on transfer. Fluids 1245 ml over the night, fair appetite at meals. Appeared low; needed reassurance on several occasions.",Please continue to observe closely; senior carer informed.,Fluids encouraged; senior carer made aware.,Monitor intake and mood.,0,approved,,,2026-10-08 07:34:04
445,RES002,2026-01-20,Afternoon,M. Nowak,Care Worker,Daily,Strip wash in bedroom,Low,Fair,1307,,Yes,,No,Craft table,Craft table — brief participation.,Disturbed,No,,0,Staff noted a change in Doris over the afternoon. Strip wash in bedroom with two staff as Doris was unsteady on transfer. Fluid intake recorded at 1307 ml. Appetite described as fair. Appeared low; needed reassurance on several occasions.,Fluids to be encouraged on the next shift; keep under observation.,Fluids encouraged; senior carer made aware.,Monitor intake and mood.,0,approved,,,2026-10-08 07:34:04
446,RES002,2026-01-21,Afternoon,C. Fernandes,Care Worker,Daily,Supported wash with encouragement,Low,Fair,1343,,Yes,,No,Newspaper reading,Newspaper reading — brief participation.,Disturbed,No,,0,Doris needed more prompting than usual this afternoon. Supported wash with encouragement with two staff as Doris was unsteady on transfer. Fluid intake recorded at 1343 ml. Appetite described as fair. Mood fluctuated and was largely low. Did not settle to newspaper reading.,Monitor fluid intake and report any further decline to the senior on duty.,Fluids encouraged; senior carer made aware.,Monitor intake and mood.,0,approved,,,2026-10-08 07:34:04
447,RES002,2026-01-22,Afternoon,K. Adeyemi,Care Worker,Daily,Full assistance with washing and dressing,Low,Fair,1392,,Yes,,No,Visiting singer,Visiting singer — brief participation.,Disturbed,No,,0,"Staff noted a change in Doris over the afternoon. Full assistance with washing and dressing completed; slight redness noted to the sacrum, repositioning chart started. Fluid intake recorded at 1392 ml. Appetite described as fair. Appeared low; needed reassurance on several occasions.",Please continue to observe closely; senior carer informed.,Fluids encouraged; senior carer made aware.,Monitor intake and mood.,0,approved,,,2026-10-08 07:34:04
448,RES002,2026-01-23,Night,L. Ahmed,Care Worker,Daily,Assisted shower,Low,Fair,1448,,Yes,,No,Reminiscence group,Reminiscence group — brief participation.,Disturbed,No,,0,"Doris needed more prompting than usual this night. Assisted shower completed but Doris was reluctant and needed encouragement. Fluids 1448 ml over the night, fair appetite at meals. Appeared low; needed reassurance on several occasions.",Fluids to be encouraged on the next shift; keep under observation.,Fluids encouraged; senior carer made aware.,Monitor intake and mood.,0,approved,,,2026-10-08 07:34:04
449,RES002,2026-01-24,Night,A. Whitfield,Care Worker,Daily,Strip wash in bedroom,Low,Fair,1238,,Yes,,No,Music session,Music session — brief participation.,Disturbed,Yes,,0,"A more difficult night for Doris. Strip wash in bedroom completed; slight redness noted to the sacrum, repositioning chart started. Fluid intake recorded at 1238 ml. Appetite described as fair. Mood low at times; declined music session and preferred to stay in her room.",Monitor fluid intake and report any further decline to the senior on duty.,Fluids encouraged; senior carer made aware.,Monitor intake and mood.,0,approved,,,2026-10-08 07:34:04
450,RES002,2026-01-25,Morning,L. Ahmed,Care Worker,Daily,Supported wash with encouragement,Low,Fair,1373,,Yes,,No,Visiting singer,Visiting singer — brief participation.,Disturbed,No,,0,"Doris has been less settled this morning. Supported wash with encouragement completed; slight redness noted to the sacrum, repositioning chart started. Fluids 1373 ml over the morning, fair appetite at meals. Appeared low; needed reassurance on several occasions.",Please continue to observe closely; senior carer informed.,Fluids encouraged; senior carer made aware.,Monitor intake and mood.,0,approved,,,2026-10-08 07:34:04
451,RES002,2026-01-26,Night,T. Nguyen,Care Worker,Daily,Strip wash in bedroom,Low,Fair,1302,,Yes,,No,One-to-one chat,One-to-one chat — brief participation.,Disturbed,Yes,,0,Doris has been less settled this night. Strip wash in bedroom completed but Doris was reluctant and needed encouragement. Took 1302 ml of fluids; ate fair at lunch and tea. Appeared low; needed reassurance on several occasions.,Fluids to be encouraged on the next shift; keep under observation.,Fluids encouraged; senior carer made aware.,Monitor intake and mood.,0,approved,,,2026-10-08 07:34:04
452,RES002,2026-01-27,Afternoon,J. Okafor,Care Worker,Daily,Assisted shower,Low,Fair,1175,,Yes,,No,Visiting singer,Visiting singer — brief participation.,Disturbed,No,,0,Doris needed more prompting than usual this afternoon. Assisted shower with two staff as Doris was unsteady on transfer. Fluid intake recorded at 1175 ml. Appetite described as fair. Appeared low; needed reassurance on several occasions.,Fluids to be encouraged on the next shift; keep under observation.,Fluids encouraged; senior carer made aware.,Monitor intake and mood.,0,approved,,,2026-10-08 07:34:04
453,RES002,2026-01-28,Afternoon,J. Okafor,Care Worker,Daily,Bed bath,Low,Fair,1261,,Yes,,No,Bingo in the lounge,Bingo in the lounge — brief participation.,Disturbed,No,,0,Doris has been less settled this afternoon. Bed bath with two staff as Doris was unsteady on transfer. 1261 ml of fluid encouraged across the shift; appetite fair. Mood low at times; declined bingo in the lounge and preferred to stay in her room.,Fluids to be encouraged on the next shift; keep under observation.,Fluids encouraged; senior carer made aware.,Monitor intake and mood.,0,approved,,,2026-10-08 07:34:04
454,RES002,2026-01-29,Afternoon,K. Adeyemi,Care Worker,Daily,Full assistance with washing and dressing,Low,Fair,1322,,Yes,,No,Reminiscence group,Reminiscence group — brief participation.,Disturbed,No,,0,Staff noted a change in Doris over the afternoon. Full assistance with washing and dressing with two staff as Doris was unsteady on transfer. Took 1322 ml of fluids; ate fair at lunch and tea. Appeared low; needed reassurance on several occasions.,Monitor fluid intake and report any further decline to the senior on duty.,Fluids encouraged; senior carer made aware.,Monitor intake and mood.,0,approved,,,2026-10-08 07:34:04
455,RES002,2026-01-31,Night,D. Osei,Care Worker,Daily,Supported wash with encouragement,Low,Fair,1331,,Yes,,No,Reminiscence group,Reminiscence group — brief participation.,Disturbed,No,,0,Staff noted a change in Doris over the night. Supported wash with encouragement completed but Doris was reluctant and needed encouragement. Took 1331 ml of fluids; ate fair at lunch and tea. Mood fluctuated and was largely low. Did not settle to reminiscence group.,Please continue to observe closely; senior carer informed.,Fluids encouraged; senior carer made aware.,Monitor intake and mood.,0,approved,,,2026-10-08 07:34:04
456,RES002,2026-02-02,Morning,L. Ahmed,Care Worker,Daily,Bed bath,Low,Fair,1361,,Yes,,No,Garden walk with staff,Garden walk with staff — brief participation.,Disturbed,No,,0,Staff noted a change in Doris over the morning. Bed bath with two staff as Doris was unsteady on transfer. 1361 ml of fluid encouraged across the shift; appetite fair. Mood low at times; declined garden walk with staff and preferred to stay in her room.,Please continue to observe closely; senior carer informed.,Fluids encouraged; senior carer made aware.,Monitor intake and mood.,0,approved,,,2026-10-08 07:34:04
457,RES002,2026-02-03,Morning,S. Patel,Care Worker,Daily,Bed bath,Low,Fair,1265,,Yes,,No,Visiting singer,Visiting singer — brief participation.,Disturbed,Yes,,0,"A more difficult morning for Doris. Bed bath completed but Doris was reluctant and needed encouragement. Fluids 1265 ml over the morning, fair appetite at meals. Appeared low; needed reassurance on several occasions.",Please continue to observe closely; senior carer informed.,Fluids encouraged; senior carer made aware.,Monitor intake and mood.,0,approved,,,2026-10-08 07:34:04
458,RES002,2026-02-04,Night,T. Nguyen,Care Worker,Daily,Bed bath,Low,Fair,1151,,Yes,,No,Hand massage,Hand massage — brief participation.,Disturbed,No,,0,"Doris needed more prompting than usual this night. Bed bath with two staff as Doris was unsteady on transfer. Fluids 1151 ml over the night, fair appetite at meals. Mood low at times; declined hand massage and preferred to stay in her room.",Monitor fluid intake and report any further decline to the senior on duty.,Fluids encouraged; senior carer made aware.,Monitor intake and mood.,0,approved,,,2026-10-08 07:34:04
459,RES002,2026-02-05,Afternoon,P. Sharma,Care Worker,Daily,Full assistance with washing and dressing,Low,Fair,1254,,Yes,,No,Reminiscence group,Reminiscence group — brief participation.,Disturbed,No,,0,"Staff noted a change in Doris over the afternoon. Full assistance with washing and dressing completed but Doris was reluctant and needed encouragement. Fluids 1254 ml over the afternoon, fair appetite at meals. Mood fluctuated and was largely low. Did not settle to reminiscence group.",Monitor fluid intake and report any further decline to the senior on duty.,Fluids encouraged; senior carer made aware.,Monitor intake and mood.,0,approved,,,2026-10-08 07:34:04
460,RES002,2026-02-08,Night,K. Adeyemi,Care Worker,Daily,Full assistance with washing and dressing,Low,Fair,1306,,Yes,,No,Garden walk with staff,Garden walk with staff — brief participation.,Disturbed,No,,0,"Doris has been less settled this night. Full assistance with washing and dressing completed; slight redness noted to the sacrum, repositioning chart started. Fluid intake recorded at 1306 ml. Appetite described as fair. Mood fluctuated and was largely low. Did not settle to garden walk with staff.",Monitor fluid intake and report any further decline to the senior on duty.,Fluids encouraged; senior carer made aware.,Monitor intake and mood.,0,approved,,,2026-10-08 07:34:04
461,RES002,2026-02-09,Morning,J. Okafor,Care Worker,Daily,Assisted shower,Low,Fair,1140,,Yes,,No,Newspaper reading,Newspaper reading — brief participation.,Disturbed,No,,0,"Doris needed more prompting than usual this morning. Assisted shower completed but Doris was reluctant and needed encouragement. Fluids 1140 ml over the morning, fair appetite at meals. Mood fluctuated and was largely low. Did not settle to newspaper reading.",Fluids to be encouraged on the next shift; keep under observation.,Fluids encouraged; senior carer made aware.,Monitor intake and mood.,0,approved,,,2026-10-08 07:34:04
462,RES002,2026-02-11,Night,J. Okafor,Care Worker,Daily,Full wash at the sink,Low,Fair,1218,,Yes,,No,Music session,Music session — brief participation.,Disturbed,Yes,,0,"Doris has been less settled this night. Full wash at the sink completed but Doris was reluctant and needed encouragement. Fluids 1218 ml over the night, fair appetite at meals. Mood fluctuated and was largely low. Did not settle to music session.",Fluids to be encouraged on the next shift; keep under observation.,Fluids encouraged; senior carer made aware.,Monitor intake and mood.,0,approved,,,2026-10-08 07:34:04
463,RES002,2026-02-12,Afternoon,S. Patel,Care Worker,Daily,Strip wash in bedroom,Low,Fair,1175,,Yes,,No,Craft table,Craft table — brief participation.,Disturbed,No,,0,Staff noted a change in Doris over the afternoon. Strip wash in bedroom with two staff as Doris was unsteady on transfer. 1175 ml of fluid encouraged across the shift; appetite fair. Appeared low; needed reassurance on several occasions.,Please continue to observe closely; senior carer informed.,Fluids encouraged; senior carer made aware.,Monitor intake and mood.,0,approved,,,2026-10-08 07:34:04
464,RES002,2026-02-13,Night,M. Nowak,Care Worker,Daily,Full wash at the sink,Low,Fair,1311,,Yes,,No,Hand massage,Hand massage — brief participation.,Disturbed,No,,0,"A more difficult night for Doris. Full wash at the sink completed; slight redness noted to the sacrum, repositioning chart started. Fluids 1311 ml over the night, fair appetite at meals. Mood low at times; declined hand massage and preferred to stay in her room.",Monitor fluid intake and report any further decline to the senior on duty.,Fluids encouraged; senior carer made aware.,Monitor intake and mood.,0,approved,,,2026-10-08 07:34:04
465,RES002,2026-02-14,Night,D. Osei,Care Worker,Daily,Bed bath,Low,Fair,1282,,Yes,,No,Music session,Music session — brief participation.,Disturbed,Yes,,0,Staff noted a change in Doris over the night. Bed bath with two staff as Doris was unsteady on transfer. Took 1282 ml of fluids; ate fair at lunch and tea. Appeared low; needed reassurance on several occasions.,Fluids to be encouraged on the next shift; keep under observation.,Fluids encouraged; senior carer made aware.,Monitor intake and mood.,0,approved,,,2026-10-08 07:34:04
466,RES002,2026-02-15,Afternoon,C. Fernandes,Care Worker,Daily,Full wash at the sink,Low,Fair,1428,,Yes,,No,One-to-one chat,One-to-one chat — brief participation.,Disturbed,No,,0,Doris has been less settled this afternoon. Full wash at the sink completed but Doris was reluctant and needed encouragement. Took 1428 ml of fluids; ate fair at lunch and tea. Mood low at times; declined one-to-one chat and preferred to stay in her room.,Monitor fluid intake and report any further decline to the senior on duty.,Fluids encouraged; senior carer made aware.,Monitor intake and mood.,0,approved,,,2026-10-08 07:34:04
467,RES002,2026-02-16,Night,P. Sharma,Care Worker,Daily,Strip wash in bedroom,Low,Fair,1349,,Yes,,No,Rested in room,Rested in room — brief participation.,Disturbed,No,,0,Staff noted a change in Doris over the night. Strip wash in bedroom with two staff as Doris was unsteady on transfer. Fluid intake recorded at 1349 ml. Appetite described as fair. Appeared low; needed reassurance on several occasions.,Fluids to be encouraged on the next shift; keep under observation.,Fluids encouraged; senior carer made aware.,Monitor intake and mood.,0,approved,,,2026-10-08 07:34:04
468,RES002,2026-02-17,Morning,A. Whitfield,Care Worker,Daily,Full wash at the sink,Low,Fair,1300,,Yes,,No,Music session,Music session — brief participation.,Disturbed,No,,0,Doris needed more prompting than usual this morning. Full wash at the sink completed but Doris was reluctant and needed encouragement. Fluid intake recorded at 1300 ml. Appetite described as fair. Mood low at times; declined music session and preferred to stay in her room.,Please continue to observe closely; senior carer informed.,Fluids encouraged; senior carer made aware.,Monitor intake and mood.,0,approved,,,2026-10-08 07:34:04
469,RES002,2026-02-18,Afternoon,S. Patel,Care Worker,Daily,Assisted shower,Low,Fair,1259,,Yes,,No,Armchair exercises,Armchair exercises — brief participation.,Disturbed,No,,0,"Staff noted a change in Doris over the afternoon. Assisted shower completed; slight redness noted to the sacrum, repositioning chart started. Fluid intake recorded at 1259 ml. Appetite described as fair. Mood fluctuated and was largely low. Did not settle to armchair exercises.",Monitor fluid intake and report any further decline to the senior on duty.,Fluids encouraged; senior carer made aware.,Monitor intake and mood.,0,approved,,,2026-10-08 07:34:04
470,RES002,2026-02-20,Night,P. Sharma,Care Worker,Daily,Strip wash in bedroom,Low,Fair,1351,,Yes,,No,Craft table,Craft table — brief participation.,Disturbed,Yes,,0,"Doris needed more prompting than usual this night. Strip wash in bedroom completed; slight redness noted to the sacrum, repositioning chart started. 1351 ml of fluid encouraged across the shift; appetite fair. Appeared low; needed reassurance on several occasions.",Monitor fluid intake and report any further decline to the senior on duty.,Fluids encouraged; senior carer made aware.,Monitor intake and mood.,0,approved,,,2026-10-08 07:34:04
471,RES002,2026-02-21,Morning,M. Nowak,Care Worker,Daily,Bed bath,Low,Fair,1318,,Yes,,No,Bingo in the lounge,Bingo in the lounge — brief participation.,Disturbed,Yes,,0,"A more difficult morning for Doris. Bed bath completed; slight redness noted to the sacrum, repositioning chart started. Fluids 1318 ml over the morning, fair appetite at meals. Appeared low; needed reassurance on several occasions.",Monitor fluid intake and report any further decline to the senior on duty.,Fluids encouraged; senior carer made aware.,Monitor intake and mood.,0,approved,,,2026-10-08 07:34:04
472,RES002,2026-02-22,Morning,K. Adeyemi,Care Worker,Daily,Assisted shower,Low,Fair,1457,,Yes,,No,One-to-one chat,One-to-one chat — brief participation.,Disturbed,No,,0,"A more difficult morning for Doris. Assisted shower completed; slight redness noted to the sacrum, repositioning chart started. Took 1457 ml of fluids; ate fair at lunch and tea. Appeared low; needed reassurance on several occasions.",Please continue to observe closely; senior carer informed.,Fluids encouraged; senior carer made aware.,Monitor intake and mood.,0,approved,,,2026-10-08 07:34:04
473,RES002,2026-02-23,Night,L. Ahmed,Care Worker,Daily,Bed bath,Low,Fair,1370,,Yes,,No,Reminiscence group,Reminiscence group — brief participation.,Disturbed,Yes,,0,"Doris needed more prompting than usual this night. Bed bath completed; slight redness noted to the sacrum, repositioning chart started. Fluid intake recorded at 1370 ml. Appetite described as fair. Mood low at times; declined reminiscence group and preferred to stay in her room.",Please continue to observe closely; senior carer informed.,Fluids encouraged; senior carer made aware.,Monitor intake and mood.,0,approved,,,2026-10-08 07:34:04
474,RES002,2026-02-25,Morning,A. Whitfield,Care Worker,Daily,Bed bath,Low,Fair,1432,,Yes,,No,Newspaper reading,Newspaper reading — brief participation.,Disturbed,Yes,,0,Doris needed more prompting than usual this morning. Bed bath with two staff as Doris was unsteady on transfer. Fluid intake recorded at 1432 ml. Appetite described as fair. Appeared low; needed reassurance on several occasions.,Fluids to be encouraged on the next shift; keep under observation.,Fluids encouraged; senior carer made aware.,Monitor intake and mood.,0,approved,,,2026-10-08 07:34:04
475,RES002,2026-02-26,Night,A. Whitfield,Care Worker,Daily,Supported wash with encouragement,Low,Fair,1586,,Yes,,No,Craft table,Craft table — brief participation.,Disturbed,Yes,,0,"A more difficult night for Doris. Supported wash with encouragement with two staff as Doris was unsteady on transfer. Fluids 1586 ml over the night, fair appetite at meals. Mood low at times; declined craft table and preferred to stay in her room.",Fluids to be encouraged on the next shift; keep under observation.,Fluids encouraged; senior carer made aware.,Monitor intake and mood.,0,approved,,,2026-10-08 07:34:04
476,RES002,2026-02-27,Night,R. Kowalski,Care Worker,Daily,Full wash at the sink,Low,Fair,1471,,Yes,,No,Rested in room,Rested in room — brief participation.,Disturbed,No,,0,A more difficult night for Doris. Full wash at the sink with two staff as Doris was unsteady on transfer. 1471 ml of fluid encouraged across the shift; appetite fair. Mood fluctuated and was largely low. Did not settle to rested in room.,Please continue to observe closely; senior carer informed.,Fluids encouraged; senior carer made aware.,Monitor intake and mood.,0,approved,,,2026-10-08 07:34:04
477,RES002,2026-03-01,Night,C. Fernandes,Care Worker,Daily,Assisted shower,Low,Fair,1517,,Yes,,No,Music session,Music session — brief participation.,Disturbed,No,,0,"Doris has been less settled this night. Assisted shower with two staff as Doris was unsteady on transfer. Fluids 1517 ml over the night, fair appetite at meals. Appeared low; needed reassurance on several occasions.",Fluids to be encouraged on the next shift; keep under observation.,Fluids encouraged; senior carer made aware.,Monitor intake and mood.,0,approved,,,2026-10-08 07:34:04
478,RES002,2026-03-02,Night,S. Patel,Care Worker,Daily,Full assistance with washing and dressing,Low,Fair,1405,,Yes,,No,Armchair exercises,Armchair exercises — brief participation.,Disturbed,No,,0,"Doris needed more prompting than usual this night. Full assistance with washing and dressing completed; slight redness noted to the sacrum, repositioning chart started. Took 1405 ml of fluids; ate fair at lunch and tea. Mood fluctuated and was largely low. Did not settle to armchair exercises.",Fluids to be encouraged on the next shift; keep under observation.,Fluids encouraged; senior carer made aware.,Monitor intake and mood.,0,approved,,,2026-10-08 07:34:04
479,RES002,2026-03-05,Morning,C. Fernandes,Care Worker,Daily,Supported wash with encouragement,Low,Fair,1497,,Yes,,No,One-to-one chat,One-to-one chat — brief participation.,Disturbed,No,,0,"A more difficult morning for Doris. Supported wash with encouragement with two staff as Doris was unsteady on transfer. Fluids 1497 ml over the morning, fair appetite at meals. Mood low at times; declined one-to-one chat and preferred to stay in her room.",Fluids to be encouraged on the next shift; keep under observation.,Fluids encouraged; senior carer made aware.,Monitor intake and mood.,0,approved,,,2026-10-08 07:34:04
480,RES002,2026-03-06,Afternoon,D. Osei,Care Worker,Daily,Assisted shower,Low,Fair,1409,,Yes,,No,One-to-one chat,One-to-one chat — brief participation.,Disturbed,No,,0,Staff noted a change in Doris over the afternoon. Assisted shower completed but Doris was reluctant and needed encouragement. Fluid intake recorded at 1409 ml. Appetite described as fair. Appeared low; needed reassurance on several occasions.,Please continue to observe closely; senior carer informed.,Fluids encouraged; senior carer made aware.,Monitor intake and mood.,0,approved,,,2026-10-08 07:34:04
481,RES002,2026-03-07,Night,J. Okafor,Care Worker,Daily,Bed bath,Low,Fair,1294,,Yes,,No,Hand massage,Hand massage — brief participation.,Disturbed,No,,0,"A more difficult night for Doris. Bed bath completed but Doris was reluctant and needed encouragement. Fluids 1294 ml over the night, fair appetite at meals. Mood low at times; declined hand massage and preferred to stay in her room.",Please continue to observe closely; senior carer informed.,Fluids encouraged; senior carer made aware.,Monitor intake and mood.,0,approved,,,2026-10-08 07:34:04
482,RES002,2026-03-08,Night,J. Okafor,Care Worker,Daily,Supported wash with encouragement,Low,Fair,1379,,Yes,,No,Visiting singer,Visiting singer — brief participation.,Disturbed,Yes,,0,"Doris has been less settled this night. Supported wash with encouragement completed; slight redness noted to the sacrum, repositioning chart started. 1379 ml of fluid encouraged across the shift; appetite fair. Mood fluctuated and was largely low. Did not settle to visiting singer.",Monitor fluid intake and report any further decline to the senior on duty.,Fluids encouraged; senior carer made aware.,Monitor intake and mood.,0,approved,,,2026-10-08 07:34:04
483,RES002,2026-03-09,Morning,A. Whitfield,Care Worker,Daily,Strip wash in bedroom,Low,Fair,1533,,Yes,,No,Music session,Music session — brief participation.,Disturbed,No,,0,"A more difficult morning for Doris. Strip wash in bedroom completed; slight redness noted to the sacrum, repositioning chart started. Took 1533 ml of fluids; ate fair at lunch and tea. Mood low at times; declined music session and preferred to stay in her room.",Monitor fluid intake and report any further decline to the senior on duty.,Fluids encouraged; senior carer made aware.,Monitor intake and mood.,0,approved,,,2026-10-08 07:34:04
484,RES002,2026-03-11,Morning,B. Mensah,Care Worker,Daily,Full wash at the sink,Low,Fair,1312,,Yes,,No,Newspaper reading,Newspaper reading — brief participation.,Disturbed,Yes,,0,"A more difficult morning for Doris. Full wash at the sink with two staff as Doris was unsteady on transfer. Fluids 1312 ml over the morning, fair appetite at meals. Mood low at times; declined newspaper reading and preferred to stay in her room.",Fluids to be encouraged on the next shift; keep under observation.,Fluids encouraged; senior carer made aware.,Monitor intake and mood.,0,approved,,,2026-10-08 07:34:04
485,RES002,2026-03-12,Night,R. Kowalski,Care Worker,Daily,Full wash at the sink,Low,Fair,1305,,Yes,,No,Newspaper reading,Newspaper reading — brief participation.,Disturbed,No,,0,Staff noted a change in Doris over the night. Full wash at the sink with two staff as Doris was unsteady on transfer. Fluid intake recorded at 1305 ml. Appetite described as fair. Appeared low; needed reassurance on several occasions.,Please continue to observe closely; senior carer informed.,Fluids encouraged; senior carer made aware.,Monitor intake and mood.,0,approved,,,2026-10-08 07:34:04
486,RES002,2026-03-13,Morning,C. Fernandes,Care Worker,Daily,Bed bath,Low,Fair,1319,,Yes,,No,Newspaper reading,Newspaper reading — brief participation.,Disturbed,Yes,,0,"A more difficult morning for Doris. Bed bath with two staff as Doris was unsteady on transfer. Fluids 1319 ml over the morning, fair appetite at meals. Appeared low; needed reassurance on several occasions.",Monitor fluid intake and report any further decline to the senior on duty.,Fluids encouraged; senior carer made aware.,Monitor intake and mood.,0,approved,,,2026-10-08 07:34:04
487,RES002,2026-03-14,Morning,J. Okafor,Care Worker,Daily,Bed bath,Low,Fair,1456,,Yes,,No,Garden walk with staff,Garden walk with staff — brief participation.,Disturbed,No,,0,"Doris has been less settled this morning. Bed bath completed but Doris was reluctant and needed encouragement. Fluids 1456 ml over the morning, fair appetite at meals. Mood fluctuated and was largely low. Did not settle to garden walk with staff.",Fluids to be encouraged on the next shift; keep under observation.,Fluids encouraged; senior carer made aware.,Monitor intake and mood.,0,approved,,,2026-10-08 07:34:04
488,RES002,2026-03-16,Afternoon,L. Ahmed,Care Worker,Daily,Full wash at the sink,Low,Fair,1395,,Yes,,No,Music session,Music session — brief participation.,Disturbed,No,,0,"A more difficult afternoon for Doris. Full wash at the sink completed but Doris was reluctant and needed encouragement. Fluids 1395 ml over the afternoon, fair appetite at meals. Appeared low; needed reassurance on several occasions.",Fluids to be encouraged on the next shift; keep under observation.,Fluids encouraged; senior carer made aware.,Monitor intake and mood.,0,approved,,,2026-10-08 07:34:04
489,RES002,2026-03-17,Morning,A. Whitfield,Care Worker,Daily,Full wash at the sink,Low,Fair,1303,,Yes,,No,Craft table,Craft table — brief participation.,Disturbed,No,,0,Staff noted a change in Doris over the morning. Full wash at the sink with two staff as Doris was unsteady on transfer. Took 1303 ml of fluids; ate fair at lunch and tea. Appeared low; needed reassurance on several occasions.,Fluids to be encouraged on the next shift; keep under observation.,Fluids encouraged; senior carer made aware.,Monitor intake and mood.,0,approved,,,2026-10-08 07:34:04
490,RES002,2026-03-18,Night,L. Ahmed,Care Worker,Daily,Full assistance with washing and dressing,Low,Fair,1251,,Yes,,No,Newspaper reading,Newspaper reading — brief participation.,Disturbed,No,,0,A more difficult night for Doris. Full assistance with washing and dressing completed but Doris was reluctant and needed encouragement. 1251 ml of fluid encouraged across the shift; appetite fair. Appeared low; needed reassurance on several occasions.,Monitor fluid intake and report any further decline to the senior on duty.,Fluids encouraged; senior carer made aware.,Monitor intake and mood.,0,approved,,,2026-10-08 07:34:04
491,RES002,2026-03-19,Night,S. Patel,Care Worker,Daily,Supported wash with encouragement,Low,Fair,1259,,Yes,,No,Hand massage,Hand massage — brief participation.,Disturbed,No,,0,Doris needed more prompting than usual this night. Supported wash with encouragement completed but Doris was reluctant and needed encouragement. 1259 ml of fluid encouraged across the shift; appetite fair. Mood low at times; declined hand massage and preferred to stay in her room.,Please continue to observe closely; senior carer informed.,Fluids encouraged; senior carer made aware.,Monitor intake and mood.,0,approved,,,2026-10-08 07:34:04
492,RES002,2026-03-20,Afternoon,C. Fernandes,Care Worker,Daily,Supported wash with encouragement,Low,Fair,1249,,Yes,,No,Bingo in the lounge,Bingo in the lounge — brief participation.,Disturbed,No,,0,"Doris has been less settled this afternoon. Supported wash with encouragement with two staff as Doris was unsteady on transfer. Fluids 1249 ml over the afternoon, fair appetite at meals. Appeared low; needed reassurance on several occasions.",Fluids to be encouraged on the next shift; keep under observation.,Fluids encouraged; senior carer made aware.,Monitor intake and mood.,0,approved,,,2026-10-08 07:34:04
493,RES002,2026-03-21,Afternoon,T. Nguyen,Care Worker,Daily,Bed bath,Low,Fair,1326,,Yes,,No,Music session,Music session — brief participation.,Disturbed,No,,0,Staff noted a change in Doris over the afternoon. Bed bath completed but Doris was reluctant and needed encouragement. Took 1326 ml of fluids; ate fair at lunch and tea. Appeared low; needed reassurance on several occasions.,Monitor fluid intake and report any further decline to the senior on duty.,Fluids encouraged; senior carer made aware.,Monitor intake and mood.,0,approved,,,2026-10-08 07:34:04
494,RES002,2026-03-22,Morning,R. Kowalski,Care Worker,Daily,Assisted shower,Low,Fair,1430,,Yes,,No,Rested in room,Rested in room — brief participation.,Disturbed,Yes,,0,Staff noted a change in Doris over the morning. Assisted shower with two staff as Doris was unsteady on transfer. Took 1430 ml of fluids; ate fair at lunch and tea. Appeared low; needed reassurance on several occasions.,Fluids to be encouraged on the next shift; keep under observation.,Fluids encouraged; senior carer made aware.,Monitor intake and mood.,0,approved,,,2026-10-08 07:34:04
495,RES002,2026-03-24,Night,J. Okafor,Care Worker,Daily,Supported wash with encouragement,Low,Fair,1380,,Yes,,No,Hand massage,Hand massage — brief participation.,Disturbed,No,,0,Staff noted a change in Doris over the night. Supported wash with encouragement completed but Doris was reluctant and needed encouragement. 1380 ml of fluid encouraged across the shift; appetite fair. Mood fluctuated and was largely low. Did not settle to hand massage.,Fluids to be encouraged on the next shift; keep under observation.,Fluids encouraged; senior carer made aware.,Monitor intake and mood.,0,approved,,,2026-10-08 07:34:04
496,RES002,2026-03-25,Night,R. Kowalski,Care Worker,Daily,Full wash at the sink,Low,Fair,1433,,Yes,,No,One-to-one chat,One-to-one chat — brief participation.,Disturbed,No,,0,Doris has been less settled this night. Full wash at the sink completed but Doris was reluctant and needed encouragement. Fluid intake recorded at 1433 ml. Appetite described as fair. Mood fluctuated and was largely low. Did not settle to one-to-one chat.,Monitor fluid intake and report any further decline to the senior on duty.,Fluids encouraged; senior carer made aware.,Monitor intake and mood.,0,approved,,,2026-10-08 07:34:04
497,RES002,2026-03-26,Morning,S. Patel,Care Worker,Daily,Assisted shower,Low,Fair,1370,,Yes,,No,Craft table,Craft table — brief participation.,Disturbed,No,,0,Doris needed more prompting than usual this morning. Assisted shower with two staff as Doris was unsteady on transfer. Fluid intake recorded at 1370 ml. Appetite described as fair. Mood fluctuated and was largely low. Did not settle to craft table.,Fluids to be encouraged on the next shift; keep under observation.,Fluids encouraged; senior carer made aware.,Monitor intake and mood.,0,approved,,,2026-10-08 07:34:04
498,RES002,2026-03-27,Afternoon,D. Osei,Care Worker,Daily,Strip wash in bedroom,Low,Fair,1331,,Yes,,No,Armchair exercises,Armchair exercises — brief participation.,Disturbed,No,,0,"Staff noted a change in Doris over the afternoon. Strip wash in bedroom completed; slight redness noted to the sacrum, repositioning chart started. 1331 ml of fluid encouraged across the shift; appetite fair. Mood fluctuated and was largely low. Did not settle to armchair exercises.",Fluids to be encouraged on the next shift; keep under observation.,Fluids encouraged; senior carer made aware.,Monitor intake and mood.,0,approved,,,2026-10-08 07:34:04
499,RES002,2026-03-28,Night,S. Patel,Care Worker,Daily,Strip wash in bedroom,Low,Fair,1478,,Yes,,No,Music session,Music session — brief participation.,Disturbed,No,,0,"Doris has been less settled this night. Strip wash in bedroom completed but Doris was reluctant and needed encouragement. Fluids 1478 ml over the night, fair appetite at meals. Mood low at times; declined music session and preferred to stay in her room.",Monitor fluid intake and report any further decline to the senior on duty.,Fluids encouraged; senior carer made aware.,Monitor intake and mood.,0,approved,,,2026-10-08 07:34:04
500,RES002,2026-03-29,Morning,R. Kowalski,Care Worker,Daily,Bed bath,Low,Fair,1230,,Yes,,No,Rested in room,Rested in room — brief participation.,Disturbed,Yes,,0,Doris has been less settled this morning. Bed bath completed but Doris was reluctant and needed encouragement. 1230 ml of fluid encouraged across the shift; appetite fair. Appeared low; needed reassurance on several occasions.,Fluids to be encouraged on the next shift; keep under observation.,Fluids encouraged; senior carer made aware.,Monitor intake and mood.,0,approved,,,2026-10-08 07:34:04
501,RES002,2026-03-31,Morning,L. Ahmed,Care Worker,Daily,Full wash at the sink,Low,Fair,1280,,Yes,,No,Music session,Music session — brief participation.,Disturbed,No,,0,"Doris needed more prompting than usual this morning. Full wash at the sink completed; slight redness noted to the sacrum, repositioning chart started. Fluids 1280 ml over the morning, fair appetite at meals. Appeared low; needed reassurance on several occasions.",Fluids to be encouraged on the next shift; keep under observation.,Fluids encouraged; senior carer made aware.,Monitor intake and mood.,0,approved,,,2026-10-08 07:34:04
502,RES002,2026-04-01,Morning,K. Adeyemi,Care Worker,Daily,Supported wash with encouragement,Low,Fair,1413,,Yes,,No,Rested in room,Rested in room — brief participation.,Disturbed,No,,0,"Staff noted a change in Doris over the morning. Supported wash with encouragement with two staff as Doris was unsteady on transfer. Fluids 1413 ml over the morning, fair appetite at meals. Mood fluctuated and was largely low. Did not settle to rested in room.",Fluids to be encouraged on the next shift; keep under observation.,Fluids encouraged; senior carer made aware.,Monitor intake and mood.,0,approved,,,2026-10-08 07:34:04
503,RES002,2026-04-02,Afternoon,A. Whitfield,Care Worker,Daily,Full assistance with washing and dressing,Low,Fair,1075,,Yes,,No,Hand massage,Hand massage — brief participation.,Disturbed,Yes,,0,"Doris has been less settled this afternoon. Full assistance with washing and dressing completed; slight redness noted to the sacrum, repositioning chart started. Fluids 1075 ml over the afternoon, fair appetite at meals. Mood low at times; declined hand massage and preferred to stay in her room.",Monitor fluid intake and report any further decline to the senior on duty.,Fluids encouraged; senior carer made aware.,Monitor intake and mood.,0,approved,,,2026-10-08 07:34:04
504,RES002,2026-04-03,Afternoon,P. Sharma,Care Worker,Daily,Full assistance with washing and dressing,Low,Fair,1278,,Yes,,No,Craft table,Craft table — brief participation.,Disturbed,No,,0,Doris needed more prompting than usual this afternoon. Full assistance with washing and dressing with two staff as Doris was unsteady on transfer. 1278 ml of fluid encouraged across the shift; appetite fair. Appeared low; needed reassurance on several occasions.,Please continue to observe closely; senior carer informed.,Fluids encouraged; senior carer made aware.,Monitor intake and mood.,0,approved,,,2026-10-08 07:34:04
505,RES002,2026-04-04,Afternoon,S. Patel,Care Worker,Daily,Bed bath,Low,Fair,1364,,Yes,,No,Armchair exercises,Armchair exercises — brief participation.,Disturbed,No,,0,"Staff noted a change in Doris over the afternoon. Bed bath completed; slight redness noted to the sacrum, repositioning chart started. Fluid intake recorded at 1364 ml. Appetite described as fair. Mood fluctuated and was largely low. Did not settle to armchair exercises.",Fluids to be encouraged on the next shift; keep under observation.,Fluids encouraged; senior carer made aware.,Monitor intake and mood.,0,approved,,,2026-10-08 07:34:04
506,RES002,2026-04-05,Afternoon,J. Okafor,Care Worker,Daily,Bed bath,Low,Fair,1419,,Yes,,No,Music session,Music session — brief participation.,Disturbed,No,,0,"Doris has been less settled this afternoon. Bed bath completed; slight redness noted to the sacrum, repositioning chart started. Took 1419 ml of fluids; ate fair at lunch and tea. Mood fluctuated and was largely low. Did not settle to music session.",Please continue to observe closely; senior carer informed.,Fluids encouraged; senior carer made aware.,Monitor intake and mood.,0,approved,,,2026-10-08 07:34:04
507,RES002,2026-04-06,Night,P. Sharma,Care Worker,Daily,Assisted shower,Low,Fair,1389,,Yes,,No,Music session,Music session — brief participation.,Disturbed,Yes,,0,"Doris has been less settled this night. Assisted shower completed; slight redness noted to the sacrum, repositioning chart started. Fluid intake recorded at 1389 ml. Appetite described as fair. Appeared low; needed reassurance on several occasions.",Fluids to be encouraged on the next shift; keep under observation.,Fluids encouraged; senior carer made aware.,Monitor intake and mood.,0,approved,,,2026-10-08 07:34:04
508,RES002,2026-04-07,Afternoon,J. Okafor,Care Worker,Daily,Full assistance with washing and dressing,Low,Fair,1330,,Yes,,No,Armchair exercises,Armchair exercises — brief participation.,Disturbed,No,,0,"Staff noted a change in Doris over the afternoon. Full assistance with washing and dressing completed but Doris was reluctant and needed encouragement. Fluids 1330 ml over the afternoon, fair appetite at meals. Mood fluctuated and was largely low. Did not settle to armchair exercises.",Fluids to be encouraged on the next shift; keep under observation.,Fluids encouraged; senior carer made aware.,Monitor intake and mood.,0,approved,,,2026-10-08 07:34:04
509,RES002,2026-04-09,Night,K. Adeyemi,Care Worker,Daily,Full wash at the sink,Low,Fair,1282,,Yes,,No,Garden walk with staff,Garden walk with staff — brief participation.,Disturbed,Yes,,0,Doris needed more prompting than usual this night. Full wash at the sink completed but Doris was reluctant and needed encouragement. Fluid intake recorded at 1282 ml. Appetite described as fair. Mood low at times; declined garden walk with staff and preferred to stay in her room.,Monitor fluid intake and report any further decline to the senior on duty.,Fluids encouraged; senior carer made aware.,Monitor intake and mood.,0,approved,,,2026-10-08 07:34:04
510,RES002,2026-04-10,Morning,P. Sharma,Care Worker,Daily,Assisted shower,Low,Fair,1428,,Yes,,No,Rested in room,Rested in room — brief participation.,Disturbed,No,,0,Doris needed more prompting than usual this morning. Assisted shower with two staff as Doris was unsteady on transfer. Fluid intake recorded at 1428 ml. Appetite described as fair. Mood fluctuated and was largely low. Did not settle to rested in room.,Monitor fluid intake and report any further decline to the senior on duty.,Fluids encouraged; senior carer made aware.,Monitor intake and mood.,0,approved,,,2026-10-08 07:34:04
511,RES002,2026-04-11,Morning,L. Ahmed,Care Worker,Daily,Bed bath,Low,Fair,1369,,Yes,,No,Hand massage,Hand massage — brief participation.,Disturbed,No,,0,"A more difficult morning for Doris. Bed bath completed; slight redness noted to the sacrum, repositioning chart started. Took 1369 ml of fluids; ate fair at lunch and tea. Mood fluctuated and was largely low. Did not settle to hand massage.",Fluids to be encouraged on the next shift; keep under observation.,Fluids encouraged; senior carer made aware.,Monitor intake and mood.,0,approved,,,2026-10-08 07:34:04
512,RES002,2026-04-12,Morning,J. Okafor,Care Worker,Daily,Full assistance with washing and dressing,Low,Fair,1367,,Yes,,No,Bingo in the lounge,Bingo in the lounge — brief participation.,Disturbed,No,,0,Doris has been less settled this morning. Full assistance with washing and dressing with two staff as Doris was unsteady on transfer. 1367 ml of fluid encouraged across the shift; appetite fair. Appeared low; needed reassurance on several occasions.,Please continue to observe closely; senior carer informed.,Fluids encouraged; senior carer made aware.,Monitor intake and mood.,0,approved,,,2026-10-08 07:34:04
513,RES002,2026-04-13,Night,M. Nowak,Care Worker,Daily,Bed bath,Low,Fair,1249,,Yes,,No,Garden walk with staff,Garden walk with staff — brief participation.,Disturbed,No,,0,Doris needed more prompting than usual this night. Bed bath completed but Doris was reluctant and needed encouragement. Fluid intake recorded at 1249 ml. Appetite described as fair. Appeared low; needed reassurance on several occasions.,Please continue to observe closely; senior carer informed.,Fluids encouraged; senior carer made aware.,Monitor intake and mood.,0,approved,,,2026-10-08 07:34:04
514,RES002,2026-04-14,Afternoon,S. Patel,Care Worker,Daily,Strip wash in bedroom,Low,Fair,1468,,Yes,,No,Music session,Music session — brief participation.,Disturbed,Yes,,0,Staff noted a change in Doris over the afternoon. Strip wash in bedroom with two staff as Doris was unsteady on transfer. Fluid intake recorded at 1468 ml. Appetite described as fair. Mood fluctuated and was largely low. Did not settle to music session.,Please continue to observe closely; senior carer informed.,Fluids encouraged; senior carer made aware.,Monitor intake and mood.,0,approved,,,2026-10-08 07:34:04
515,RES002,2026-04-16,Night,M. Nowak,Care Worker,Daily,Supported wash with encouragement,Low,Fair,1340,,Yes,,No,One-to-one chat,One-to-one chat — brief participation.,Disturbed,No,,0,"Staff noted a change in Doris over the night. Supported wash with encouragement completed; slight redness noted to the sacrum, repositioning chart started. Fluid intake recorded at 1340 ml. Appetite described as fair. Appeared low; needed reassurance on several occasions.",Please continue to observe closely; senior carer informed.,Fluids encouraged; senior carer made aware.,Monitor intake and mood.,0,approved,,,2026-10-08 07:34:04
516,RES002,2026-04-17,Afternoon,R. Kowalski,Care Worker,Daily,Strip wash in bedroom,Low,Fair,1174,,Yes,,No,Hand massage,Hand massage — brief participation.,Disturbed,No,,0,"A more difficult afternoon for Doris. Strip wash in bedroom completed; slight redness noted to the sacrum, repositioning chart started. Fluid intake recorded at 1174 ml. Appetite described as fair. Mood fluctuated and was largely low. Did not settle to hand massage.",Please continue to observe closely; senior carer informed.,Fluids encouraged; senior carer made aware.,Monitor intake and mood.,0,approved,,,2026-10-08 07:34:04
517,RES002,2026-04-18,Morning,M. Nowak,Care Worker,Daily,Bed bath,Low,Fair,1385,,Yes,,No,Visiting singer,Visiting singer — brief participation.,Disturbed,No,,0,Staff noted a change in Doris over the morning. Bed bath completed but Doris was reluctant and needed encouragement. Fluid intake recorded at 1385 ml. Appetite described as fair. Mood low at times; declined visiting singer and preferred to stay in her room.,Monitor fluid intake and report any further decline to the senior on duty.,Fluids encouraged; senior carer made aware.,Monitor intake and mood.,0,approved,,,2026-10-08 07:34:04
518,RES002,2026-04-19,Morning,T. Nguyen,Care Worker,Daily,Full assistance with washing and dressing,Low,Fair,1358,,Yes,,No,Newspaper reading,Newspaper reading — brief participation.,Disturbed,No,,0,Staff noted a change in Doris over the morning. Full assistance with washing and dressing with two staff as Doris was unsteady on transfer. Took 1358 ml of fluids; ate fair at lunch and tea. Mood fluctuated and was largely low. Did not settle to newspaper reading.,Monitor fluid intake and report any further decline to the senior on duty.,Fluids encouraged; senior carer made aware.,Monitor intake and mood.,0,approved,,,2026-10-08 07:34:04
519,RES002,2026-04-20,Morning,T. Nguyen,Care Worker,Daily,Assisted shower,Low,Fair,1397,,Yes,,No,Music session,Music session — brief participation.,Disturbed,No,,0,A more difficult morning for Doris. Assisted shower completed but Doris was reluctant and needed encouragement. Fluid intake recorded at 1397 ml. Appetite described as fair. Mood fluctuated and was largely low. Did not settle to music session.,Monitor fluid intake and report any further decline to the senior on duty.,Fluids encouraged; senior carer made aware.,Monitor intake and mood.,0,approved,,,2026-10-08 07:34:04
520,RES002,2026-04-21,Morning,D. Osei,Care Worker,Daily,Full wash at the sink,Low,Fair,1321,,Yes,,No,Visiting singer,Visiting singer — brief participation.,Disturbed,Yes,,0,"Doris has been less settled this morning. Full wash at the sink completed but Doris was reluctant and needed encouragement. Fluids 1321 ml over the morning, fair appetite at meals. Mood low at times; declined visiting singer and preferred to stay in her room.",Fluids to be encouraged on the next shift; keep under observation.,Fluids encouraged; senior carer made aware.,Monitor intake and mood.,0,approved,,,2026-10-08 07:34:04
521,RES002,2026-04-22,Afternoon,P. Sharma,Care Worker,Daily,Bed bath,Low,Fair,1425,,Yes,,No,Reminiscence group,Reminiscence group — brief participation.,Disturbed,No,,0,"Staff noted a change in Doris over the afternoon. Bed bath completed; slight redness noted to the sacrum, repositioning chart started. Took 1425 ml of fluids; ate fair at lunch and tea. Mood low at times; declined reminiscence group and preferred to stay in her room.",Monitor fluid intake and report any further decline to the senior on duty.,Fluids encouraged; senior carer made aware.,Monitor intake and mood.,0,approved,,,2026-10-08 07:34:04
522,RES002,2026-04-23,Afternoon,R. Kowalski,Care Worker,Daily,Assisted shower,Low,Fair,1229,,Yes,,No,Music session,Music session — brief participation.,Disturbed,No,,0,A more difficult afternoon for Doris. Assisted shower with two staff as Doris was unsteady on transfer. Took 1229 ml of fluids; ate fair at lunch and tea. Appeared low; needed reassurance on several occasions.,Monitor fluid intake and report any further decline to the senior on duty.,Fluids encouraged; senior carer made aware.,Monitor intake and mood.,0,approved,,,2026-10-08 07:34:04
523,RES002,2026-04-24,Afternoon,S. Patel,Care Worker,Daily,Full wash at the sink,Low,Fair,1532,,Yes,,No,Visiting singer,Visiting singer — brief participation.,Disturbed,No,,0,Staff noted a change in Doris over the afternoon. Full wash at the sink completed but Doris was reluctant and needed encouragement. 1532 ml of fluid encouraged across the shift; appetite fair. Mood fluctuated and was largely low. Did not settle to visiting singer.,Monitor fluid intake and report any further decline to the senior on duty.,Fluids encouraged; senior carer made aware.,Monitor intake and mood.,0,approved,,,2026-10-08 07:34:04
524,RES002,2026-04-25,Night,M. Nowak,Care Worker,Daily,Bed bath,Settled,Good,1345,,Yes,,No,Rested in room,Rested in room — participated well.,Good,No,,0,"Doris presented as her usual self this night. Bed bath completed with the usual level of support. Skin checked, intact throughout. Fluid intake recorded at 1345 ml. Appetite described as good. Presented as settled; joined in with rested in room.",No concerns to hand over.,Routine care given.,Nil to hand over.,0,approved,,,2026-10-08 07:34:04
525,RES002,2026-04-26,Night,D. Osei,Care Worker,Daily,Assisted shower,Settled,Good,1486,,Yes,,No,Reminiscence group,Reminiscence group — participated well.,Good,No,,0,"No concerns raised for Doris during the night. Assisted shower; no skin concerns noted, pressure areas clear. Fluid intake recorded at 1486 ml. Appetite described as good. Bright and settled for most of the shift; enjoyed reminiscence group.",Continue with the current plan of care.,Routine care given.,Nil to hand over.,0,approved,,,2026-10-08 07:34:04
526,RES002,2026-04-29,Night,R. Kowalski,Care Worker,Daily,Bed bath,Settled,Good,1347,,Yes,,No,Visiting singer,Visiting singer — participated well.,Good,No,,0,"No concerns raised for Doris during the night. Bed bath; no skin concerns noted, pressure areas clear. Fluid intake recorded at 1347 ml. Appetite described as good. Presented as settled; joined in with visiting singer.",Nothing further to report.,Routine care given.,Nil to hand over.,0,approved,,,2026-10-08 07:34:04
527,RES002,2026-04-30,Afternoon,C. Fernandes,Care Worker,Daily,Assisted shower,Low,Fair,1294,,Yes,,No,Hand massage,Hand massage — brief participation.,Disturbed,No,,0,"A more difficult afternoon for Doris. Assisted shower completed; slight redness noted to the sacrum, repositioning chart started. Took 1294 ml of fluids; ate fair at lunch and tea. Mood fluctuated and was largely low. Did not settle to hand massage.",Please continue to observe closely; senior carer informed.,Fluids encouraged; senior carer made aware.,Monitor intake and mood.,0,approved,,,2026-10-08 07:34:04
528,RES002,2026-05-01,Night,L. Ahmed,Care Worker,Daily,Supported wash with encouragement,Low,Fair,1243,,Yes,,No,Music session,Music session — brief participation.,Disturbed,No,,0,Staff noted a change in Doris over the night. Supported wash with encouragement with two staff as Doris was unsteady on transfer. Fluid intake recorded at 1243 ml. Appetite described as fair. Mood fluctuated and was largely low. Did not settle to music session.,Please continue to observe closely; senior carer informed.,Fluids encouraged; senior carer made aware.,Monitor intake and mood.,0,approved,,,2026-10-08 07:34:04
529,RES002,2026-05-02,Afternoon,J. Okafor,Care Worker,Daily,Bed bath,Low,Fair,1445,,Yes,,No,Garden walk with staff,Garden walk with staff — brief participation.,Disturbed,No,,0,"Staff noted a change in Doris over the afternoon. Bed bath completed; slight redness noted to the sacrum, repositioning chart started. Fluid intake recorded at 1445 ml. Appetite described as fair. Mood fluctuated and was largely low. Did not settle to garden walk with staff.",Monitor fluid intake and report any further decline to the senior on duty.,Fluids encouraged; senior carer made aware.,Monitor intake and mood.,0,approved,,,2026-10-08 07:34:04
530,RES002,2026-05-03,Morning,J. Okafor,Care Worker,Daily,Supported wash with encouragement,Low,Fair,1409,,Yes,,No,Hand massage,Hand massage — brief participation.,Disturbed,No,,0,A more difficult morning for Doris. Supported wash with encouragement completed but Doris was reluctant and needed encouragement. Fluid intake recorded at 1409 ml. Appetite described as fair. Appeared low; needed reassurance on several occasions.,Fluids to be encouraged on the next shift; keep under observation.,Fluids encouraged; senior carer made aware.,Monitor intake and mood.,0,approved,,,2026-10-08 07:34:04
531,RES002,2026-05-04,Night,B. Mensah,Care Worker,Daily,Bed bath,Low,Fair,1487,,Yes,,No,Visiting singer,Visiting singer — brief participation.,Disturbed,No,,0,"A more difficult night for Doris. Bed bath completed; slight redness noted to the sacrum, repositioning chart started. 1487 ml of fluid encouraged across the shift; appetite fair. Appeared low; needed reassurance on several occasions.",Fluids to be encouraged on the next shift; keep under observation.,Fluids encouraged; senior carer made aware.,Monitor intake and mood.,0,approved,,,2026-10-08 07:34:04
532,RES002,2026-05-05,Afternoon,L. Ahmed,Care Worker,Daily,Full wash at the sink,Low,Fair,1393,,Yes,,No,Rested in room,Rested in room — brief participation.,Disturbed,No,,0,Doris needed more prompting than usual this afternoon. Full wash at the sink with two staff as Doris was unsteady on transfer. Took 1393 ml of fluids; ate fair at lunch and tea. Mood low at times; declined rested in room and preferred to stay in her room.,Fluids to be encouraged on the next shift; keep under observation.,Fluids encouraged; senior carer made aware.,Monitor intake and mood.,0,approved,,,2026-10-08 07:34:04
533,RES002,2026-05-06,Morning,T. Nguyen,Care Worker,Daily,Bed bath,Low,Fair,1512,,Yes,,No,Craft table,Craft table — brief participation.,Disturbed,No,,0,"A more difficult morning for Doris. Bed bath completed; slight redness noted to the sacrum, repositioning chart started. Fluids 1512 ml over the morning, fair appetite at meals. Mood low at times; declined craft table and preferred to stay in her room.",Monitor fluid intake and report any further decline to the senior on duty.,Fluids encouraged; senior carer made aware.,Monitor intake and mood.,0,approved,,,2026-10-08 07:34:04
534,RES002,2026-05-07,Night,S. Patel,Care Worker,Daily,Full wash at the sink,Low,Fair,1335,,Yes,,No,Craft table,Craft table — brief participation.,Disturbed,Yes,,0,"Staff noted a change in Doris over the night. Full wash at the sink completed; slight redness noted to the sacrum, repositioning chart started. Fluid intake recorded at 1335 ml. Appetite described as fair. Appeared low; needed reassurance on several occasions.",Please continue to observe closely; senior carer informed.,Fluids encouraged; senior carer made aware.,Monitor intake and mood.,0,approved,,,2026-10-08 07:34:04
535,RES002,2026-05-08,Morning,L. Ahmed,Care Worker,Daily,Full assistance with washing and dressing,Low,Fair,1331,,Yes,,No,One-to-one chat,One-to-one chat — brief participation.,Disturbed,No,,0,"Doris needed more prompting than usual this morning. Full assistance with washing and dressing completed; slight redness noted to the sacrum, repositioning chart started. Fluids 1331 ml over the morning, fair appetite at meals. Mood low at times; declined one-to-one chat and preferred to stay in her room.",Monitor fluid intake and report any further decline to the senior on duty.,Fluids encouraged; senior carer made aware.,Monitor intake and mood.,0,approved,,,2026-10-08 07:34:04
536,RES002,2026-05-09,Morning,C. Fernandes,Care Worker,Daily,Bed bath,Low,Fair,1379,,Yes,,No,Rested in room,Rested in room — brief participation.,Disturbed,No,,0,"Doris needed more prompting than usual this morning. Bed bath completed; slight redness noted to the sacrum, repositioning chart started. Fluids 1379 ml over the morning, fair appetite at meals. Appeared low; needed reassurance on several occasions.",Fluids to be encouraged on the next shift; keep under observation.,Fluids encouraged; senior carer made aware.,Monitor intake and mood.,0,approved,,,2026-10-08 07:34:04
537,RES002,2026-05-10,Afternoon,C. Fernandes,Care Worker,Daily,Supported wash with encouragement,Low,Fair,1458,,Yes,,No,Visiting singer,Visiting singer — brief participation.,Disturbed,Yes,,0,"Doris needed more prompting than usual this afternoon. Supported wash with encouragement completed; slight redness noted to the sacrum, repositioning chart started. Took 1458 ml of fluids; ate fair at lunch and tea. Mood fluctuated and was largely low. Did not settle to visiting singer.",Please continue to observe closely; senior carer informed.,Fluids encouraged; senior carer made aware.,Monitor intake and mood.,0,approved,,,2026-10-08 07:34:04
538,RES002,2026-05-11,Morning,M. Nowak,Care Worker,Daily,Full assistance with washing and dressing,Low,Fair,1455,,Yes,,No,Garden walk with staff,Garden walk with staff — brief participation.,Disturbed,No,,0,Doris has been less settled this morning. Full assistance with washing and dressing with two staff as Doris was unsteady on transfer. Took 1455 ml of fluids; ate fair at lunch and tea. Appeared low; needed reassurance on several occasions.,Please continue to observe closely; senior carer informed.,Fluids encouraged; senior carer made aware.,Monitor intake and mood.,0,approved,,,2026-10-08 07:34:04
539,RES002,2026-05-12,Morning,T. Nguyen,Care Worker,Daily,Strip wash in bedroom,Low,Fair,1224,,Yes,,No,Newspaper reading,Newspaper reading — brief participation.,Disturbed,Yes,,0,A more difficult morning for Doris. Strip wash in bedroom completed but Doris was reluctant and needed encouragement. 1224 ml of fluid encouraged across the shift; appetite fair. Mood low at times; declined newspaper reading and preferred to stay in her room.,Fluids to be encouraged on the next shift; keep under observation.,Fluids encouraged; senior carer made aware.,Monitor intake and mood.,0,approved,,,2026-10-08 07:34:04
540,RES002,2026-05-13,Night,J. Okafor,Care Worker,Daily,Strip wash in bedroom,Low,Fair,1362,,Yes,,No,Armchair exercises,Armchair exercises — brief participation.,Disturbed,No,,0,Staff noted a change in Doris over the night. Strip wash in bedroom with two staff as Doris was unsteady on transfer. Fluid intake recorded at 1362 ml. Appetite described as fair. Appeared low; needed reassurance on several occasions.,Monitor fluid intake and report any further decline to the senior on duty.,Fluids encouraged; senior carer made aware.,Monitor intake and mood.,0,approved,,,2026-10-08 07:34:04
541,RES002,2026-05-14,Night,C. Fernandes,Care Worker,Daily,Strip wash in bedroom,Low,Fair,1447,,Yes,,No,Garden walk with staff,Garden walk with staff — brief participation.,Disturbed,No,,0,"A more difficult night for Doris. Strip wash in bedroom with two staff as Doris was unsteady on transfer. Fluids 1447 ml over the night, fair appetite at meals. Mood low at times; declined garden walk with staff and preferred to stay in her room.",Fluids to be encouraged on the next shift; keep under observation.,Fluids encouraged; senior carer made aware.,Monitor intake and mood.,0,approved,,,2026-10-08 07:34:04
542,RES002,2026-05-16,Afternoon,M. Nowak,Care Worker,Daily,Assisted shower,Low,Fair,1276,,Yes,,No,Music session,Music session — brief participation.,Disturbed,Yes,,0,"Doris needed more prompting than usual this afternoon. Assisted shower completed; slight redness noted to the sacrum, repositioning chart started. Took 1276 ml of fluids; ate fair at lunch and tea. Appeared low; needed reassurance on several occasions.",Please continue to observe closely; senior carer informed.,Fluids encouraged; senior carer made aware.,Monitor intake and mood.,0,approved,,,2026-10-08 07:34:04
543,RES002,2026-05-18,Afternoon,B. Mensah,Care Worker,Daily,Assisted shower,Low,Fair,1323,,Yes,,No,Reminiscence group,Reminiscence group — brief participation.,Disturbed,No,,0,"Doris has been less settled this afternoon. Assisted shower completed; slight redness noted to the sacrum, repositioning chart started. Fluids 1323 ml over the afternoon, fair appetite at meals. Appeared low; needed reassurance on several occasions.",Monitor fluid intake and report any further decline to the senior on duty.,Fluids encouraged; senior carer made aware.,Monitor intake and mood.,0,approved,,,2026-10-08 07:34:04
544,RES002,2026-05-20,Night,M. Nowak,Care Worker,Daily,Full assistance with washing and dressing,Low,Fair,1390,,Yes,,No,Garden walk with staff,Garden walk with staff — brief participation.,Disturbed,No,,0,Doris has been less settled this night. Full assistance with washing and dressing completed but Doris was reluctant and needed encouragement. 1390 ml of fluid encouraged across the shift; appetite fair. Mood low at times; declined garden walk with staff and preferred to stay in her room.,Monitor fluid intake and report any further decline to the senior on duty.,Fluids encouraged; senior carer made aware.,Monitor intake and mood.,0,approved,,,2026-10-08 07:34:04
545,RES002,2026-05-21,Morning,A. Whitfield,Care Worker,Daily,Full assistance with washing and dressing,Low,Fair,1336,,Yes,,No,One-to-one chat,One-to-one chat — brief participation.,Disturbed,Yes,,0,"Staff noted a change in Doris over the morning. Full assistance with washing and dressing completed; slight redness noted to the sacrum, repositioning chart started. Fluid intake recorded at 1336 ml. Appetite described as fair. Mood fluctuated and was largely low. Did not settle to one-to-one chat.",Fluids to be encouraged on the next shift; keep under observation.,Fluids encouraged; senior carer made aware.,Monitor intake and mood.,0,approved,,,2026-10-08 07:34:04
546,RES002,2026-05-23,Night,A. Whitfield,Care Worker,Daily,Assisted shower,Low,Fair,1198,,Yes,,No,Garden walk with staff,Garden walk with staff — brief participation.,Disturbed,Yes,,0,"Doris has been less settled this night. Assisted shower completed; slight redness noted to the sacrum, repositioning chart started. Fluid intake recorded at 1198 ml. Appetite described as fair. Mood low at times; declined garden walk with staff and preferred to stay in her room.",Fluids to be encouraged on the next shift; keep under observation.,Fluids encouraged; senior carer made aware.,Monitor intake and mood.,0,approved,,,2026-10-08 07:34:04
547,RES002,2026-05-26,Night,M. Nowak,Care Worker,Daily,Full assistance with washing and dressing,Low,Fair,963,,Yes,,No,Reminiscence group,Reminiscence group — brief participation.,Disturbed,No,,0,"Doris needed more prompting than usual this night. Full assistance with washing and dressing completed; slight redness noted to the sacrum, repositioning chart started. 963 ml of fluid encouraged across the shift; appetite fair. Mood fluctuated and was largely low. Did not settle to reminiscence group.",Please continue to observe closely; senior carer informed.,Fluids encouraged; senior carer made aware.,Monitor intake and mood.,0,approved,,,2026-10-08 07:34:04
548,RES002,2026-05-28,Afternoon,C. Fernandes,Care Worker,Daily,Supported wash with encouragement,Confused,Poor,1292,,Yes,,No,Armchair exercises,Armchair exercises — declined.,Poor,No,,0,"Doris was noticeably unwell during the afternoon. Supported wash with encouragement completed with difficulty. Doris was resistive at times and care was paused twice. Fluids 1292 ml over the afternoon, poor appetite at meals. Mood confused throughout; calling out intermittently and difficult to reassure.",GP review requested. Family to be updated by the manager.,Escalated to senior carer; observations taken.,Falls precautions in place; see incident log.,0,approved,,,2026-10-08 07:34:04
549,RES002,2026-05-30,Morning,J. Okafor,Care Worker,Daily,Strip wash in bedroom,Anxious,Poor,1112,,Yes,,No,Armchair exercises,Armchair exercises — declined.,Poor,Yes,,0,"Increased supervision required for Doris this morning. Strip wash in bedroom required full assistance from two staff; Doris was unable to weight-bear reliably. Fluids 1112 ml over the morning, poor appetite at meals. Mood anxious throughout; calling out intermittently and difficult to reassure.",Falls risk discussed at handover; sensor mat in place and hourly checks agreed.,Escalated to senior carer; observations taken.,Falls precautions in place; see incident log.,0,approved,,,2026-10-08 07:34:04
550,RES002,2026-06-01,Morning,S. Patel,Care Worker,Daily,Supported wash with encouragement,Confused,Poor,1084,,Yes,,No,Craft table,Craft table — declined.,Poor,No,,0,"Increased supervision required for Doris this morning. Supported wash with encouragement completed with difficulty. Doris was resistive at times and care was paused twice. Fluids 1084 ml over the morning, poor appetite at meals. Mood confused throughout; calling out intermittently and difficult to reassure.",Escalated to the senior on duty. Consider GP review if no improvement.,Escalated to senior carer; observations taken.,Falls precautions in place; see incident log.,0,approved,,,2026-10-08 07:34:04
551,RES002,2026-06-02,Afternoon,L. Ahmed,Care Worker,Daily,Full wash at the sink,Anxious,Poor,884,,Yes,,No,One-to-one chat,One-to-one chat — declined.,Poor,Yes,,0,Significant concerns for Doris throughout the afternoon. Full wash at the sink completed with difficulty. Doris was resistive at times and care was paused twice. 884 ml of fluid encouraged across the shift; appetite poor. Mood anxious throughout; calling out intermittently and difficult to reassure.,Escalated to the senior on duty. Consider GP review if no improvement.,Escalated to senior carer; observations taken.,Falls precautions in place; see incident log.,0,approved,,,2026-10-08 07:34:04
552,RES002,2026-06-04,Afternoon,L. Ahmed,Care Worker,Daily,Assisted shower,Agitated,Poor,964,,Yes,,No,Garden walk with staff,Garden walk with staff — declined.,Poor,Yes,,0,Significant concerns for Doris throughout the afternoon. Assisted shower required full assistance from two staff; Doris was unable to weight-bear reliably. Took 964 ml of fluids; ate poor at lunch and tea. Very agitated. Attempted to mobilise unaided twice and required redirection.,Falls risk discussed at handover; sensor mat in place and hourly checks agreed.,Escalated to senior carer; observations taken.,Falls precautions in place; see incident log.,0,approved,,,2026-10-08 07:34:04
553,RES002,2026-06-05,Night,P. Sharma,Care Worker,Daily,Strip wash in bedroom,Agitated,Poor,1084,,Yes,,No,Newspaper reading,Newspaper reading — declined.,Poor,Yes,,0,"Doris has had a poor night and needed close support. Strip wash in bedroom with hoist assistance. Skin fragile, barrier cream applied. Fluid intake recorded at 1084 ml. Appetite described as poor. agitated and restless. Remained in bed for most of the shift.",GP review requested. Family to be updated by the manager.,Escalated to senior carer; observations taken.,Falls precautions in place; see incident log.,0,approved,,,2026-10-08 07:34:04
554,RES002,2026-06-06,Night,C. Fernandes,Care Worker,Daily,Bed bath,Anxious,Poor,915,,Yes,,No,Bingo in the lounge,Bingo in the lounge — declined.,Poor,Yes,,0,"Doris was noticeably unwell during the night. Bed bath with hoist assistance. Skin fragile, barrier cream applied. 915 ml of fluid encouraged across the shift; appetite poor. Mood anxious throughout; calling out intermittently and difficult to reassure.",Falls risk discussed at handover; sensor mat in place and hourly checks agreed.,Escalated to senior carer; observations taken.,Falls precautions in place; see incident log.,0,approved,,,2026-10-08 07:34:04
555,RES002,2026-06-07,Night,B. Mensah,Care Worker,Daily,Bed bath,Confused,Poor,1091,,Yes,,No,Reminiscence group,Reminiscence group — declined.,Poor,No,,0,Doris was noticeably unwell during the night. Bed bath completed with difficulty. Doris was resistive at times and care was paused twice. 1091 ml of fluid encouraged across the shift; appetite poor. Mood confused throughout; calling out intermittently and difficult to reassure.,Escalated to the senior on duty. Consider GP review if no improvement.,Escalated to senior carer; observations taken.,Falls precautions in place; see incident log.,0,approved,,,2026-10-08 07:34:04
556,RES002,2026-06-08,Night,P. Sharma,Care Worker,Daily,Bed bath,Agitated,Poor,1014,,Yes,,No,One-to-one chat,One-to-one chat — declined.,Poor,No,,0,Doris was noticeably unwell during the night. Bed bath completed with difficulty. Doris was resistive at times and care was paused twice. 1014 ml of fluid encouraged across the shift; appetite poor. agitated and restless. Remained in bed for most of the shift.,GP review requested. Family to be updated by the manager.,Escalated to senior carer; observations taken.,Falls precautions in place; see incident log.,0,approved,,,2026-10-08 07:34:04
557,RES002,2026-06-10,Afternoon,L. Ahmed,Care Worker,Daily,Strip wash in bedroom,Agitated,Poor,1067,,Yes,,No,Music session,Music session — declined.,Poor,No,,0,Increased supervision required for Doris this afternoon. Strip wash in bedroom required full assistance from two staff; Doris was unable to weight-bear reliably. 1067 ml of fluid encouraged across the shift; appetite poor. agitated and restless. Remained in bed for most of the shift.,Falls risk discussed at handover; sensor mat in place and hourly checks agreed.,Escalated to senior carer; observations taken.,Falls precautions in place; see incident log.,0,approved,,,2026-10-08 07:34:04
558,RES002,2026-06-11,Night,T. Nguyen,Care Worker,Daily,Supported wash with encouragement,Anxious,Poor,964,,Yes,,No,Craft table,Craft table — declined.,Poor,Yes,,0,Increased supervision required for Doris this night. Supported wash with encouragement required full assistance from two staff; Doris was unable to weight-bear reliably. 964 ml of fluid encouraged across the shift; appetite poor. Very anxious. Attempted to mobilise unaided twice and required redirection.,Escalated to the senior on duty. Consider GP review if no improvement.,Escalated to senior carer; observations taken.,Falls precautions in place; see incident log.,0,approved,,,2026-10-08 07:34:04
559,RES002,2026-06-12,Afternoon,R. Kowalski,Care Worker,Daily,Full wash at the sink,Anxious,Poor,905,,Yes,,No,Rested in room,Rested in room — declined.,Poor,Yes,,0,"Doris has had a poor afternoon and needed close support. Full wash at the sink with hoist assistance. Skin fragile, barrier cream applied. Took 905 ml of fluids; ate poor at lunch and tea. Very anxious. Attempted to mobilise unaided twice and required redirection.",Falls risk discussed at handover; sensor mat in place and hourly checks agreed.,Escalated to senior carer; observations taken.,Falls precautions in place; see incident log.,0,approved,,,2026-10-08 07:34:04
560,RES002,2026-06-14,Afternoon,M. Nowak,Care Worker,Daily,Full wash at the sink,Agitated,Poor,969,,Yes,,No,Craft table,Craft table — declined.,Poor,No,,0,Significant concerns for Doris throughout the afternoon. Full wash at the sink completed with difficulty. Doris was resistive at times and care was paused twice. Took 969 ml of fluids; ate poor at lunch and tea. agitated and restless. Remained in bed for most of the shift.,GP review requested. Family to be updated by the manager.,Escalated to senior carer; observations taken.,Falls precautions in place; see incident log.,0,approved,,,2026-10-08 07:34:04
561,RES002,2026-06-15,Afternoon,S. Patel,Care Worker,Daily,Strip wash in bedroom,Anxious,Poor,1039,,Yes,,No,Newspaper reading,Newspaper reading — declined.,Poor,Yes,,0,"Doris has had a poor afternoon and needed close support. Strip wash in bedroom with hoist assistance. Skin fragile, barrier cream applied. 1039 ml of fluid encouraged across the shift; appetite poor. Very anxious. Attempted to mobilise unaided twice and required redirection.",Escalated to the senior on duty. Consider GP review if no improvement.,Escalated to senior carer; observations taken.,Falls precautions in place; see incident log.,0,approved,,,2026-10-08 07:34:04
562,RES002,2026-06-17,Morning,A. Whitfield,Care Worker,Daily,Full wash at the sink,Anxious,Poor,1000,,Yes,,No,Hand massage,Hand massage — declined.,Poor,No,,0,Significant concerns for Doris throughout the morning. Full wash at the sink required full assistance from two staff; Doris was unable to weight-bear reliably. 1000 ml of fluid encouraged across the shift; appetite poor. Mood anxious throughout; calling out intermittently and difficult to reassure.,Escalated to the senior on duty. Consider GP review if no improvement.,Escalated to senior carer; observations taken.,Falls precautions in place; see incident log.,0,approved,,,2026-10-08 07:34:04
563,RES002,2026-06-18,Afternoon,T. Nguyen,Care Worker,Daily,Supported wash with encouragement,Anxious,Poor,937,,Yes,,No,Bingo in the lounge,Bingo in the lounge — declined.,Poor,Yes,,0,Significant concerns for Doris throughout the afternoon. Supported wash with encouragement required full assistance from two staff; Doris was unable to weight-bear reliably. Took 937 ml of fluids; ate poor at lunch and tea. anxious and restless. Remained in bed for most of the shift.,GP review requested. Family to be updated by the manager.,Escalated to senior carer; observations taken.,Falls precautions in place; see incident log.,0,approved,,,2026-10-08 07:34:04
564,RES002,2026-06-19,Afternoon,S. Patel,Care Worker,Daily,Strip wash in bedroom,Confused,Poor,791,,Yes,,No,One-to-one chat,One-to-one chat — declined.,Poor,Yes,,0,Doris has had a poor afternoon and needed close support. Strip wash in bedroom required full assistance from two staff; Doris was unable to weight-bear reliably. Fluid intake recorded at 791 ml. Appetite described as poor. confused and restless. Remained in bed for most of the shift.,Escalated to the senior on duty. Consider GP review if no improvement.,Escalated to senior carer; observations taken.,Falls precautions in place; see incident log.,0,approved,,,2026-10-08 07:34:04
565,RES002,2026-06-20,Morning,D. Osei,Care Worker,Daily,Assisted shower,Agitated,Poor,1052,,Yes,,No,Hand massage,Hand massage — declined.,Poor,No,,0,Doris has had a poor morning and needed close support. Assisted shower completed with difficulty. Doris was resistive at times and care was paused twice. Took 1052 ml of fluids; ate poor at lunch and tea. agitated and restless. Remained in bed for most of the shift.,Falls risk discussed at handover; sensor mat in place and hourly checks agreed.,Escalated to senior carer; observations taken.,Falls precautions in place; see incident log.,0,approved,,,2026-10-08 07:34:04
566,RES002,2026-06-21,Afternoon,A. Whitfield,Care Worker,Daily,Bed bath,Anxious,Poor,983,,Yes,,No,Craft table,Craft table — declined.,Poor,No,,0,Doris was noticeably unwell during the afternoon. Bed bath completed with difficulty. Doris was resistive at times and care was paused twice. Took 983 ml of fluids; ate poor at lunch and tea. Very anxious. Attempted to mobilise unaided twice and required redirection.,Falls risk discussed at handover; sensor mat in place and hourly checks agreed.,Escalated to senior carer; observations taken.,Falls precautions in place; see incident log.,0,approved,,,2026-10-08 07:34:04
567,RES002,2026-06-22,Morning,P. Sharma,Care Worker,Daily,Assisted shower,Anxious,Poor,1092,,Yes,,No,Armchair exercises,Armchair exercises — declined.,Poor,No,,0,Increased supervision required for Doris this morning. Assisted shower completed with difficulty. Doris was resistive at times and care was paused twice. Took 1092 ml of fluids; ate poor at lunch and tea. anxious and restless. Remained in bed for most of the shift.,Escalated to the senior on duty. Consider GP review if no improvement.,Escalated to senior carer; observations taken.,Falls precautions in place; see incident log.,0,approved,,,2026-10-08 07:34:04
568,RES002,2026-06-23,Night,M. Nowak,Care Worker,Daily,Full assistance with washing and dressing,Agitated,Poor,896,,Yes,,No,Bingo in the lounge,Bingo in the lounge — declined.,Poor,Yes,,0,"Significant concerns for Doris throughout the night. Full assistance with washing and dressing with hoist assistance. Skin fragile, barrier cream applied. Fluids 896 ml over the night, poor appetite at meals. Very agitated. Attempted to mobilise unaided twice and required redirection.",GP review requested. Family to be updated by the manager.,Escalated to senior carer; observations taken.,Falls precautions in place; see incident log.,0,approved,,,2026-10-08 07:34:04
569,RES002,2026-06-24,Afternoon,B. Mensah,Care Worker,Daily,Bed bath,Confused,Poor,1084,,Yes,,No,Music session,Music session — declined.,Poor,No,,0,"Significant concerns for Doris throughout the afternoon. Bed bath with hoist assistance. Skin fragile, barrier cream applied. Fluid intake recorded at 1084 ml. Appetite described as poor. Very confused. Attempted to mobilise unaided twice and required redirection.",GP review requested. Family to be updated by the manager.,Escalated to senior carer; observations taken.,Falls precautions in place; see incident log.,0,approved,,,2026-10-08 07:34:04
570,RES002,2026-06-25,Morning,K. Adeyemi,Care Worker,Daily,Strip wash in bedroom,Confused,Poor,978,,Yes,,No,Rested in room,Rested in room — declined.,Poor,Yes,,0,"Doris was noticeably unwell during the morning. Strip wash in bedroom with hoist assistance. Skin fragile, barrier cream applied. Fluids 978 ml over the morning, poor appetite at meals. Very confused. Attempted to mobilise unaided twice and required redirection.",Falls risk discussed at handover; sensor mat in place and hourly checks agreed.,Escalated to senior carer; observations taken.,Falls precautions in place; see incident log.,0,approved,,,2026-10-08 07:34:04
571,RES002,2026-06-26,Afternoon,J. Okafor,Care Worker,Daily,Assisted shower,Anxious,Poor,1288,,Yes,,No,Music session,Music session — declined.,Poor,No,,0,Increased supervision required for Doris this afternoon. Assisted shower completed with difficulty. Doris was resistive at times and care was paused twice. Took 1288 ml of fluids; ate poor at lunch and tea. anxious and restless. Remained in bed for most of the shift.,Falls risk discussed at handover; sensor mat in place and hourly checks agreed.,Escalated to senior carer; observations taken.,Falls precautions in place; see incident log.,0,approved,,,2026-10-08 07:34:04
572,RES002,2026-06-27,Night,J. Okafor,Care Worker,Daily,Full assistance with washing and dressing,Confused,Poor,990,,Yes,,No,Newspaper reading,Newspaper reading — declined.,Poor,No,,0,Significant concerns for Doris throughout the night. Full assistance with washing and dressing completed with difficulty. Doris was resistive at times and care was paused twice. Fluid intake recorded at 990 ml. Appetite described as poor. Very confused. Attempted to mobilise unaided twice and required redirection.,Escalated to the senior on duty. Consider GP review if no improvement.,Escalated to senior carer; observations taken.,Falls precautions in place; see incident log.,0,approved,,,2026-10-08 07:34:04
573,RES002,2026-06-28,Night,R. Kowalski,Care Worker,Daily,Supported wash with encouragement,Anxious,Poor,1123,,Yes,,No,Visiting singer,Visiting singer — declined.,Poor,No,,0,"Increased supervision required for Doris this night. Supported wash with encouragement required full assistance from two staff; Doris was unable to weight-bear reliably. Fluids 1123 ml over the night, poor appetite at meals. anxious and restless. Remained in bed for most of the shift.",GP review requested. Family to be updated by the manager.,Escalated to senior carer; observations taken.,Falls precautions in place; see incident log.,0,approved,,,2026-10-08 07:34:04
574,RES002,2026-06-30,Night,C. Fernandes,Care Worker,Daily,Supported wash with encouragement,Confused,Poor,986,,Yes,,No,Hand massage,Hand massage — declined.,Poor,No,,0,"Significant concerns for Doris throughout the night. Supported wash with encouragement with hoist assistance. Skin fragile, barrier cream applied. Fluids 986 ml over the night, poor appetite at meals. Very confused. Attempted to mobilise unaided twice and required redirection.",GP review requested. Family to be updated by the manager.,Escalated to senior carer; observations taken.,Falls precautions in place; see incident log.,0,approved,,,2026-10-08 07:34:04
575,RES002,2026-07-01,Morning,P. Sharma,Care Worker,Daily,Full wash at the sink,Anxious,Poor,1141,,Yes,,No,Bingo in the lounge,Bingo in the lounge — declined.,Poor,No,,0,Significant concerns for Doris throughout the morning. Full wash at the sink completed with difficulty. Doris was resistive at times and care was paused twice. Fluid intake recorded at 1141 ml. Appetite described as poor. Mood anxious throughout; calling out intermittently and difficult to reassure.,GP review requested. Family to be updated by the manager.,Escalated to senior carer; observations taken.,Falls precautions in place; see incident log.,0,approved,,,2026-10-08 07:34:04
576,RES002,2026-07-02,Afternoon,J. Okafor,Care Worker,Daily,Full wash at the sink,Low,Fair,1090,,Yes,,No,Newspaper reading,Newspaper reading — brief participation.,Disturbed,No,,0,Doris needed more prompting than usual this afternoon. Full wash at the sink completed but Doris was reluctant and needed encouragement. 1090 ml of fluid encouraged across the shift; appetite fair. Mood low at times; declined newspaper reading and preferred to stay in her room.,Please continue to observe closely; senior carer informed.,Fluids encouraged; senior carer made aware.,Monitor intake and mood.,0,approved,,,2026-10-08 07:34:04
577,RES002,2026-07-03,Night,K. Adeyemi,Care Worker,Daily,Assisted shower,Low,Fair,1169,,Yes,,No,Craft table,Craft table — brief participation.,Disturbed,No,,0,"Doris has been less settled this night. Assisted shower with two staff as Doris was unsteady on transfer. Fluids 1169 ml over the night, fair appetite at meals. Appeared low; needed reassurance on several occasions.",Fluids to be encouraged on the next shift; keep under observation.,Fluids encouraged; senior carer made aware.,Monitor intake and mood.,0,approved,,,2026-10-08 07:34:04
578,RES002,2026-07-04,Morning,B. Mensah,Care Worker,Daily,Bed bath,Low,Fair,973,,Yes,,No,Reminiscence group,Reminiscence group — brief participation.,Disturbed,Yes,,0,"Staff noted a change in Doris over the morning. Bed bath completed; slight redness noted to the sacrum, repositioning chart started. 973 ml of fluid encouraged across the shift; appetite fair. Appeared low; needed reassurance on several occasions.",Please continue to observe closely; senior carer informed.,Fluids encouraged; senior carer made aware.,Monitor intake and mood.,0,approved,,,2026-10-08 07:34:04
579,RES002,2026-07-05,Afternoon,L. Ahmed,Care Worker,Daily,Supported wash with encouragement,Low,Fair,1264,,Yes,,No,Hand massage,Hand massage — brief participation.,Disturbed,No,,0,Doris needed more prompting than usual this afternoon. Supported wash with encouragement with two staff as Doris was unsteady on transfer. Took 1264 ml of fluids; ate fair at lunch and tea. Mood fluctuated and was largely low. Did not settle to hand massage.,Fluids to be encouraged on the next shift; keep under observation.,Fluids encouraged; senior carer made aware.,Monitor intake and mood.,0,approved,,,2026-10-08 07:34:04
580,RES002,2026-07-06,Morning,T. Nguyen,Care Worker,Daily,Bed bath,Low,Fair,1163,,Yes,,No,Music session,Music session — brief participation.,Disturbed,Yes,,0,"Doris needed more prompting than usual this morning. Bed bath completed but Doris was reluctant and needed encouragement. Fluids 1163 ml over the morning, fair appetite at meals. Mood low at times; declined music session and preferred to stay in her room.",Please continue to observe closely; senior carer informed.,Fluids encouraged; senior carer made aware.,Monitor intake and mood.,0,approved,,,2026-10-08 07:34:04
581,RES002,2026-07-08,Afternoon,P. Sharma,Care Worker,Daily,Supported wash with encouragement,Low,Fair,1343,,Yes,,No,One-to-one chat,One-to-one chat — brief participation.,Disturbed,No,,0,A more difficult afternoon for Doris. Supported wash with encouragement with two staff as Doris was unsteady on transfer. Took 1343 ml of fluids; ate fair at lunch and tea. Appeared low; needed reassurance on several occasions.,Fluids to be encouraged on the next shift; keep under observation.,Fluids encouraged; senior carer made aware.,Monitor intake and mood.,0,approved,,,2026-10-08 07:34:04
582,RES002,2026-07-09,Night,P. Sharma,Care Worker,Daily,Bed bath,Low,Fair,1182,,Yes,,No,Bingo in the lounge,Bingo in the lounge — brief participation.,Disturbed,No,,0,A more difficult night for Doris. Bed bath with two staff as Doris was unsteady on transfer. 1182 ml of fluid encouraged across the shift; appetite fair. Appeared low; needed reassurance on several occasions.,Please continue to observe closely; senior carer informed.,Fluids encouraged; senior carer made aware.,Monitor intake and mood.,0,approved,,,2026-10-08 07:34:04
583,RES002,2026-07-11,Afternoon,R. Kowalski,Care Worker,Daily,Supported wash with encouragement,Low,Fair,1170,,Yes,,No,Rested in room,Rested in room — brief participation.,Disturbed,No,,0,"A more difficult afternoon for Doris. Supported wash with encouragement completed; slight redness noted to the sacrum, repositioning chart started. Took 1170 ml of fluids; ate fair at lunch and tea. Appeared low; needed reassurance on several occasions.",Please continue to observe closely; senior carer informed.,Fluids encouraged; senior carer made aware.,Monitor intake and mood.,0,approved,,,2026-10-08 07:34:04
584,RES002,2026-07-12,Night,M. Nowak,Care Worker,Daily,Full assistance with washing and dressing,Low,Fair,1291,,Yes,,No,Armchair exercises,Armchair exercises — brief participation.,Disturbed,No,,0,"A more difficult night for Doris. Full assistance with washing and dressing completed; slight redness noted to the sacrum, repositioning chart started. Fluids 1291 ml over the night, fair appetite at meals. Mood low at times; declined armchair exercises and preferred to stay in her room.",Fluids to be encouraged on the next shift; keep under observation.,Fluids encouraged; senior carer made aware.,Monitor intake and mood.,0,approved,,,2026-10-08 07:34:04
585,RES002,2026-07-13,Afternoon,A. Whitfield,Care Worker,Daily,Supported wash with encouragement,Low,Fair,1334,,Yes,,No,Craft table,Craft table — brief participation.,Disturbed,No,,0,Doris has been less settled this afternoon. Supported wash with encouragement completed but Doris was reluctant and needed encouragement. Fluid intake recorded at 1334 ml. Appetite described as fair. Appeared low; needed reassurance on several occasions.,Please continue to observe closely; senior carer informed.,Fluids encouraged; senior carer made aware.,Monitor intake and mood.,0,approved,,,2026-10-08 07:34:04
586,RES002,2026-07-14,Morning,T. Nguyen,Care Worker,Daily,Bed bath,Low,Fair,1346,,Yes,,No,Hand massage,Hand massage — brief participation.,Disturbed,No,,0,Staff noted a change in Doris over the morning. Bed bath with two staff as Doris was unsteady on transfer. 1346 ml of fluid encouraged across the shift; appetite fair. Mood fluctuated and was largely low. Did not settle to hand massage.,Monitor fluid intake and report any further decline to the senior on duty.,Fluids encouraged; senior carer made aware.,Monitor intake and mood.,0,approved,,,2026-10-08 07:34:04
587,RES002,2026-07-17,Night,D. Osei,Care Worker,Daily,Bed bath,Low,Fair,1194,,Yes,,No,One-to-one chat,One-to-one chat — brief participation.,Disturbed,No,,0,"Staff noted a change in Doris over the night. Bed bath with two staff as Doris was unsteady on transfer. Fluids 1194 ml over the night, fair appetite at meals. Mood low at times; declined one-to-one chat and preferred to stay in her room.",Fluids to be encouraged on the next shift; keep under observation.,Fluids encouraged; senior carer made aware.,Monitor intake and mood.,0,approved,,,2026-10-08 07:34:04
588,RES002,2026-07-18,Morning,L. Ahmed,Care Worker,Daily,Bed bath,Low,Fair,1193,,Yes,,No,One-to-one chat,One-to-one chat — brief participation.,Disturbed,Yes,,0,"Doris has been less settled this morning. Bed bath completed; slight redness noted to the sacrum, repositioning chart started. Fluid intake recorded at 1193 ml. Appetite described as fair. Mood low at times; declined one-to-one chat and preferred to stay in her room.",Please continue to observe closely; senior carer informed.,Fluids encouraged; senior carer made aware.,Monitor intake and mood.,0,approved,,,2026-10-08 07:34:04
589,RES002,2026-07-19,Night,T. Nguyen,Care Worker,Daily,Supported wash with encouragement,Low,Fair,1312,,Yes,,No,Craft table,Craft table — brief participation.,Disturbed,No,,0,"Doris needed more prompting than usual this night. Supported wash with encouragement completed; slight redness noted to the sacrum, repositioning chart started. 1312 ml of fluid encouraged across the shift; appetite fair. Mood fluctuated and was largely low. Did not settle to craft table.",Monitor fluid intake and report any further decline to the senior on duty.,Fluids encouraged; senior carer made aware.,Monitor intake and mood.,0,approved,,,2026-10-08 07:34:04
590,RES002,2026-07-20,Afternoon,J. Okafor,Care Worker,Daily,Bed bath,Low,Fair,1224,,Yes,,No,Craft table,Craft table — brief participation.,Disturbed,No,,0,A more difficult afternoon for Doris. Bed bath completed but Doris was reluctant and needed encouragement. Fluid intake recorded at 1224 ml. Appetite described as fair. Appeared low; needed reassurance on several occasions.,Please continue to observe closely; senior carer informed.,Fluids encouraged; senior carer made aware.,Monitor intake and mood.,0,approved,,,2026-10-08 07:34:04
591,RES002,2026-07-22,Afternoon,S. Patel,Care Worker,Daily,Full wash at the sink,Low,Fair,1348,,Yes,,No,Visiting singer,Visiting singer — brief participation.,Disturbed,Yes,,0,A more difficult afternoon for Doris. Full wash at the sink completed but Doris was reluctant and needed encouragement. Took 1348 ml of fluids; ate fair at lunch and tea. Appeared low; needed reassurance on several occasions.,Fluids to be encouraged on the next shift; keep under observation.,Fluids encouraged; senior carer made aware.,Monitor intake and mood.,0,approved,,,2026-10-08 07:34:04
592,RES002,2026-07-23,Afternoon,S. Patel,Care Worker,Daily,Bed bath,Low,Fair,1292,,Yes,,No,Hand massage,Hand massage — brief participation.,Disturbed,Yes,,0,"Doris needed more prompting than usual this afternoon. Bed bath completed; slight redness noted to the sacrum, repositioning chart started. Fluids 1292 ml over the afternoon, fair appetite at meals. Appeared low; needed reassurance on several occasions.",Please continue to observe closely; senior carer informed.,Fluids encouraged; senior carer made aware.,Monitor intake and mood.,0,approved,,,2026-10-08 07:34:04
593,RES002,2026-07-24,Night,P. Sharma,Care Worker,Daily,Full assistance with washing and dressing,Low,Fair,1104,,Yes,,No,Garden walk with staff,Garden walk with staff — brief participation.,Disturbed,No,,0,Doris has been less settled this night. Full assistance with washing and dressing completed but Doris was reluctant and needed encouragement. 1104 ml of fluid encouraged across the shift; appetite fair. Mood low at times; declined garden walk with staff and preferred to stay in her room.,Monitor fluid intake and report any further decline to the senior on duty.,Fluids encouraged; senior carer made aware.,Monitor intake and mood.,0,approved,,,2026-10-08 07:34:04
594,RES002,2026-07-25,Night,J. Okafor,Care Worker,Daily,Full assistance with washing and dressing,Low,Fair,1122,,Yes,,No,Garden walk with staff,Garden walk with staff — brief participation.,Disturbed,Yes,,0,"Doris needed more prompting than usual this night. Full assistance with washing and dressing completed; slight redness noted to the sacrum, repositioning chart started. Took 1122 ml of fluids; ate fair at lunch and tea. Mood low at times; declined garden walk with staff and preferred to stay in her room.",Please continue to observe closely; senior carer informed.,Fluids encouraged; senior carer made aware.,Monitor intake and mood.,0,approved,,,2026-10-08 07:34:04
595,RES002,2026-07-26,Afternoon,T. Nguyen,Care Worker,Daily,Bed bath,Low,Fair,1275,,Yes,,No,Reminiscence group,Reminiscence group — brief participation.,Disturbed,No,,0,"A more difficult afternoon for Doris. Bed bath completed; slight redness noted to the sacrum, repositioning chart started. 1275 ml of fluid encouraged across the shift; appetite fair. Mood fluctuated and was largely low. Did not settle to reminiscence group.",Please continue to observe closely; senior carer informed.,Fluids encouraged; senior carer made aware.,Monitor intake and mood.,0,approved,,,2026-10-08 07:34:04
596,RES002,2026-07-27,Morning,R. Kowalski,Care Worker,Daily,Bed bath,Low,Fair,1354,,Yes,,No,Reminiscence group,Reminiscence group — brief participation.,Disturbed,No,,0,Doris has been less settled this morning. Bed bath with two staff as Doris was unsteady on transfer. Took 1354 ml of fluids; ate fair at lunch and tea. Appeared low; needed reassurance on several occasions.,Please continue to observe closely; senior carer informed.,Fluids encouraged; senior carer made aware.,Monitor intake and mood.,0,approved,,,2026-10-08 07:34:04
597,RES002,2026-07-29,Afternoon,R. Kowalski,Care Worker,Daily,Full assistance with washing and dressing,Low,Fair,1031,,Yes,,No,Armchair exercises,Armchair exercises — brief participation.,Disturbed,Yes,,0,"A more difficult afternoon for Doris. Full assistance with washing and dressing completed but Doris was reluctant and needed encouragement. Fluids 1031 ml over the afternoon, fair appetite at meals. Mood low at times; declined armchair exercises and preferred to stay in her room.",Fluids to be encouraged on the next shift; keep under observation.,Fluids encouraged; senior carer made aware.,Monitor intake and mood.,0,approved,,,2026-10-08 07:34:04
598,RES002,2026-07-30,Morning,S. Patel,Care Worker,Daily,Full assistance with washing and dressing,Low,Fair,1352,,Yes,,No,Hand massage,Hand massage — brief participation.,Disturbed,No,,0,A more difficult morning for Doris. Full assistance with washing and dressing completed but Doris was reluctant and needed encouragement. 1352 ml of fluid encouraged across the shift; appetite fair. Mood fluctuated and was largely low. Did not settle to hand massage.,Please continue to observe closely; senior carer informed.,Fluids encouraged; senior carer made aware.,Monitor intake and mood.,0,approved,,,2026-10-08 07:34:04
599,RES002,2026-07-31,Night,D. Osei,Care Worker,Daily,Strip wash in bedroom,Low,Fair,1244,,Yes,,No,Armchair exercises,Armchair exercises — brief participation.,Disturbed,No,,0,"Doris has been less settled this night. Strip wash in bedroom completed; slight redness noted to the sacrum, repositioning chart started. Took 1244 ml of fluids; ate fair at lunch and tea. Mood low at times; declined armchair exercises and preferred to stay in her room.",Monitor fluid intake and report any further decline to the senior on duty.,Fluids encouraged; senior carer made aware.,Monitor intake and mood.,0,approved,,,2026-10-08 07:34:04
600,RES002,2026-08-01,Morning,J. Okafor,Care Worker,Daily,Full wash at the sink,Low,Fair,1436,,Yes,,No,One-to-one chat,One-to-one chat — brief participation.,Disturbed,No,,0,Doris has been less settled this morning. Full wash at the sink with two staff as Doris was unsteady on transfer. 1436 ml of fluid encouraged across the shift; appetite fair. Mood fluctuated and was largely low. Did not settle to one-to-one chat.,Monitor fluid intake and report any further decline to the senior on duty.,Fluids encouraged; senior carer made aware.,Monitor intake and mood.,0,approved,,,2026-10-08 07:34:04
601,RES002,2026-08-02,Afternoon,M. Nowak,Care Worker,Daily,Supported wash with encouragement,Low,Fair,1239,,Yes,,No,Hand massage,Hand massage — brief participation.,Disturbed,Yes,,0,Staff noted a change in Doris over the afternoon. Supported wash with encouragement with two staff as Doris was unsteady on transfer. Fluid intake recorded at 1239 ml. Appetite described as fair. Mood fluctuated and was largely low. Did not settle to hand massage.,Fluids to be encouraged on the next shift; keep under observation.,Fluids encouraged; senior carer made aware.,Monitor intake and mood.,0,approved,,,2026-10-08 07:34:04
602,RES002,2026-08-03,Morning,D. Osei,Care Worker,Daily,Full wash at the sink,Low,Fair,1107,,Yes,,No,One-to-one chat,One-to-one chat — brief participation.,Disturbed,No,,0,"Staff noted a change in Doris over the morning. Full wash at the sink completed; slight redness noted to the sacrum, repositioning chart started. Fluids 1107 ml over the morning, fair appetite at meals. Appeared low; needed reassurance on several occasions.",Monitor fluid intake and report any further decline to the senior on duty.,Fluids encouraged; senior carer made aware.,Monitor intake and mood.,0,approved,,,2026-10-08 07:34:04
603,RES002,2026-08-04,Night,M. Nowak,Care Worker,Daily,Bed bath,Low,Fair,1286,,Yes,,No,Garden walk with staff,Garden walk with staff — brief participation.,Disturbed,No,,0,A more difficult night for Doris. Bed bath completed but Doris was reluctant and needed encouragement. 1286 ml of fluid encouraged across the shift; appetite fair. Mood fluctuated and was largely low. Did not settle to garden walk with staff.,Fluids to be encouraged on the next shift; keep under observation.,Fluids encouraged; senior carer made aware.,Monitor intake and mood.,0,approved,,,2026-10-08 07:34:04
604,RES002,2026-08-05,Night,A. Whitfield,Care Worker,Daily,Full wash at the sink,Low,Fair,1324,,Yes,,No,Reminiscence group,Reminiscence group — brief participation.,Disturbed,No,,0,A more difficult night for Doris. Full wash at the sink with two staff as Doris was unsteady on transfer. Took 1324 ml of fluids; ate fair at lunch and tea. Mood fluctuated and was largely low. Did not settle to reminiscence group.,Monitor fluid intake and report any further decline to the senior on duty.,Fluids encouraged; senior carer made aware.,Monitor intake and mood.,0,approved,,,2026-10-08 07:34:04
605,RES002,2026-08-06,Night,L. Ahmed,Care Worker,Daily,Supported wash with encouragement,Low,Fair,1281,,Yes,,No,Music session,Music session — brief participation.,Disturbed,Yes,,0,"A more difficult night for Doris. Supported wash with encouragement with two staff as Doris was unsteady on transfer. Fluids 1281 ml over the night, fair appetite at meals. Mood low at times; declined music session and preferred to stay in her room.",Monitor fluid intake and report any further decline to the senior on duty.,Fluids encouraged; senior carer made aware.,Monitor intake and mood.,0,approved,,,2026-10-08 07:34:04
606,RES002,2026-08-07,Night,T. Nguyen,Care Worker,Daily,Full wash at the sink,Low,Fair,1254,,Yes,,No,Rested in room,Rested in room — brief participation.,Disturbed,No,,0,Doris has been less settled this night. Full wash at the sink with two staff as Doris was unsteady on transfer. 1254 ml of fluid encouraged across the shift; appetite fair. Mood low at times; declined rested in room and preferred to stay in her room.,Monitor fluid intake and report any further decline to the senior on duty.,Fluids encouraged; senior carer made aware.,Monitor intake and mood.,0,approved,,,2026-10-08 07:34:04
607,RES002,2026-08-08,Afternoon,D. Osei,Care Worker,Daily,Bed bath,Low,Fair,1238,,Yes,,No,Music session,Music session — brief participation.,Disturbed,No,,0,"A more difficult afternoon for Doris. Bed bath with two staff as Doris was unsteady on transfer. Fluids 1238 ml over the afternoon, fair appetite at meals. Mood fluctuated and was largely low. Did not settle to music session.",Please continue to observe closely; senior carer informed.,Fluids encouraged; senior carer made aware.,Monitor intake and mood.,0,approved,,,2026-10-08 07:34:04
608,RES002,2026-08-09,Night,R. Kowalski,Care Worker,Daily,Full wash at the sink,Low,Fair,1204,,Yes,,No,One-to-one chat,One-to-one chat — brief participation.,Disturbed,Yes,,0,Doris has been less settled this night. Full wash at the sink completed but Doris was reluctant and needed encouragement. Took 1204 ml of fluids; ate fair at lunch and tea. Appeared low; needed reassurance on several occasions.,Monitor fluid intake and report any further decline to the senior on duty.,Fluids encouraged; senior carer made aware.,Monitor intake and mood.,0,approved,,,2026-10-08 07:34:04
609,RES002,2026-08-10,Night,T. Nguyen,Care Worker,Daily,Assisted shower,Low,Fair,1030,,Yes,,No,Garden walk with staff,Garden walk with staff — brief participation.,Disturbed,Yes,,0,Doris has been less settled this night. Assisted shower completed but Doris was reluctant and needed encouragement. Took 1030 ml of fluids; ate fair at lunch and tea. Mood fluctuated and was largely low. Did not settle to garden walk with staff.,Fluids to be encouraged on the next shift; keep under observation.,Fluids encouraged; senior carer made aware.,Monitor intake and mood.,0,approved,,,2026-10-08 07:34:04
610,RES002,2026-08-11,Morning,R. Kowalski,Care Worker,Daily,Assisted shower,Low,Fair,1158,,Yes,,No,Hand massage,Hand massage — brief participation.,Disturbed,No,,0,A more difficult morning for Doris. Assisted shower completed but Doris was reluctant and needed encouragement. 1158 ml of fluid encouraged across the shift; appetite fair. Appeared low; needed reassurance on several occasions.,Please continue to observe closely; senior carer informed.,Fluids encouraged; senior carer made aware.,Monitor intake and mood.,0,approved,,,2026-10-08 07:34:04
611,RES002,2026-08-13,Night,A. Whitfield,Care Worker,Daily,Strip wash in bedroom,Low,Fair,1119,,Yes,,No,Reminiscence group,Reminiscence group — brief participation.,Disturbed,Yes,,0,Doris needed more prompting than usual this night. Strip wash in bedroom completed but Doris was reluctant and needed encouragement. 1119 ml of fluid encouraged across the shift; appetite fair. Mood fluctuated and was largely low. Did not settle to reminiscence group.,Fluids to be encouraged on the next shift; keep under observation.,Fluids encouraged; senior carer made aware.,Monitor intake and mood.,0,approved,,,2026-10-08 07:34:04
612,RES002,2026-08-15,Night,S. Patel,Care Worker,Daily,Full wash at the sink,Low,Fair,1133,,Yes,,No,Reminiscence group,Reminiscence group — brief participation.,Disturbed,Yes,,0,A more difficult night for Doris. Full wash at the sink with two staff as Doris was unsteady on transfer. 1133 ml of fluid encouraged across the shift; appetite fair. Mood fluctuated and was largely low. Did not settle to reminiscence group.,Monitor fluid intake and report any further decline to the senior on duty.,Fluids encouraged; senior carer made aware.,Monitor intake and mood.,0,approved,,,2026-10-08 07:34:04
613,RES002,2026-08-16,Afternoon,K. Adeyemi,Care Worker,Daily,Strip wash in bedroom,Low,Fair,1247,,Yes,,No,Craft table,Craft table — brief participation.,Disturbed,No,,0,Staff noted a change in Doris over the afternoon. Strip wash in bedroom completed but Doris was reluctant and needed encouragement. 1247 ml of fluid encouraged across the shift; appetite fair. Appeared low; needed reassurance on several occasions.,Please continue to observe closely; senior carer informed.,Fluids encouraged; senior carer made aware.,Monitor intake and mood.,0,approved,,,2026-10-08 07:34:04
614,RES002,2026-08-17,Night,B. Mensah,Care Worker,Daily,Full assistance with washing and dressing,Low,Fair,1270,,Yes,,No,Rested in room,Rested in room — brief participation.,Disturbed,No,,0,"Doris has been less settled this night. Full assistance with washing and dressing completed; slight redness noted to the sacrum, repositioning chart started. 1270 ml of fluid encouraged across the shift; appetite fair. Mood low at times; declined rested in room and preferred to stay in her room.",Please continue to observe closely; senior carer informed.,Fluids encouraged; senior carer made aware.,Monitor intake and mood.,0,approved,,,2026-10-08 07:34:04
615,RES002,2026-08-18,Morning,J. Okafor,Care Worker,Daily,Bed bath,Low,Fair,1364,,Yes,,No,Garden walk with staff,Garden walk with staff — brief participation.,Disturbed,Yes,,0,Staff noted a change in Doris over the morning. Bed bath with two staff as Doris was unsteady on transfer. Fluid intake recorded at 1364 ml. Appetite described as fair. Mood low at times; declined garden walk with staff and preferred to stay in her room.,Please continue to observe closely; senior carer informed.,Fluids encouraged; senior carer made aware.,Monitor intake and mood.,0,approved,,,2026-10-08 07:34:04
616,RES002,2026-08-19,Afternoon,S. Patel,Care Worker,Daily,Strip wash in bedroom,Low,Fair,1136,,Yes,,No,Visiting singer,Visiting singer — brief participation.,Disturbed,No,,0,A more difficult afternoon for Doris. Strip wash in bedroom completed but Doris was reluctant and needed encouragement. Fluid intake recorded at 1136 ml. Appetite described as fair. Appeared low; needed reassurance on several occasions.,Fluids to be encouraged on the next shift; keep under observation.,Fluids encouraged; senior carer made aware.,Monitor intake and mood.,0,approved,,,2026-10-08 07:34:04
617,RES002,2026-08-20,Morning,J. Okafor,Care Worker,Daily,Assisted shower,Low,Fair,1320,,Yes,,No,Rested in room,Rested in room — brief participation.,Disturbed,No,,0,"Staff noted a change in Doris over the morning. Assisted shower completed but Doris was reluctant and needed encouragement. Fluids 1320 ml over the morning, fair appetite at meals. Appeared low; needed reassurance on several occasions.",Fluids to be encouraged on the next shift; keep under observation.,Fluids encouraged; senior carer made aware.,Monitor intake and mood.,0,approved,,,2026-10-08 07:34:04
618,RES003,2025-08-21,Night,S. Patel,Care Worker,Daily,Strip wash in bedroom,Settled,Good,1484,,Yes,,No,Bingo in the lounge,Bingo in the lounge — participated well.,Good,No,,0,"Ethel has had a settled night. Strip wash in bedroom; no skin concerns noted, pressure areas clear. Fluid intake recorded at 1484 ml. Appetite described as good. Mood settled and engaged well with bingo in the lounge.",Nothing further to report.,Routine care given.,Nil to hand over.,0,approved,,,2026-10-08 07:34:04
619,RES003,2025-08-22,Morning,D. Osei,Care Worker,Daily,Full assistance with washing and dressing,Settled,Good,1377,,Yes,,No,Newspaper reading,Newspaper reading — participated well.,Good,No,,0,A good morning for Ethel. Full assistance with washing and dressing carried out; Ethel was able to assist with parts of her own care. Took 1377 ml of fluids; ate good at lunch and tea. Mood settled and engaged well with newspaper reading.,Continue with the current plan of care.,Routine care given.,Nil to hand over.,0,approved,,,2026-10-08 07:34:04
620,RES003,2025-08-23,Morning,L. Ahmed,Care Worker,Daily,Full wash at the sink,Settled,Good,1333,,Yes,,No,Music session,Music session — participated well.,Good,No,,0,No concerns raised for Ethel during the morning. Full wash at the sink carried out; Ethel was able to assist with parts of her own care. Took 1333 ml of fluids; ate good at lunch and tea. Presented as settled; joined in with music session.,Continue with the current plan of care.,Routine care given.,Nil to hand over.,0,approved,,,2026-10-08 07:34:04
621,RES003,2025-08-24,Afternoon,B. Mensah,Care Worker,Daily,Full wash at the sink,Settled,Good,1310,,Yes,,No,Newspaper reading,Newspaper reading — participated well.,Good,No,,0,"No concerns raised for Ethel during the afternoon. Full wash at the sink completed with the usual level of support. Skin checked, intact throughout. Took 1310 ml of fluids; ate good at lunch and tea. Bright and settled for most of the shift; enjoyed newspaper reading.",No concerns to hand over.,Routine care given.,Nil to hand over.,0,approved,,,2026-10-08 07:34:04
622,RES003,2025-08-25,Morning,B. Mensah,Care Worker,Daily,Bed bath,Settled,Good,1372,,Yes,,No,Visiting singer,Visiting singer — participated well.,Good,No,,0,"Ethel has had a settled morning. Bed bath completed with the usual level of support. Skin checked, intact throughout. Fluid intake recorded at 1372 ml. Appetite described as good. Bright and settled for most of the shift; enjoyed visiting singer.",No concerns to hand over.,Routine care given.,Nil to hand over.,0,approved,,,2026-10-08 07:34:04
623,RES003,2025-08-26,Morning,L. Ahmed,Care Worker,Daily,Strip wash in bedroom,Settled,Good,1342,,Yes,,No,Bingo in the lounge,Bingo in the lounge — participated well.,Good,No,,0,"No concerns raised for Ethel during the morning. Strip wash in bedroom completed with the usual level of support. Skin checked, intact throughout. 1342 ml of fluid encouraged across the shift; appetite good. Presented as settled; joined in with bingo in the lounge.",No concerns to hand over.,Routine care given.,Nil to hand over.,0,approved,,,2026-10-08 07:34:04
624,RES003,2025-08-28,Night,D. Osei,Care Worker,Daily,Full wash at the sink,Settled,Good,1474,,Yes,,No,Armchair exercises,Armchair exercises — participated well.,Good,No,,0,"Ethel presented as her usual self this night. Full wash at the sink; no skin concerns noted, pressure areas clear. Fluid intake recorded at 1474 ml. Appetite described as good. Presented as settled; joined in with armchair exercises.",No concerns to hand over.,Routine care given.,Nil to hand over.,0,approved,,,2026-10-08 07:34:04
625,RES003,2025-08-29,Night,S. Patel,Care Worker,Daily,Supported wash with encouragement,Settled,Good,1342,,Yes,,No,Craft table,Craft table — participated well.,Good,No,,0,"Ethel has had a settled night. Supported wash with encouragement carried out; Ethel was able to assist with parts of her own care. Fluids 1342 ml over the night, good appetite at meals. Mood settled and engaged well with craft table.",No concerns to hand over.,Routine care given.,Nil to hand over.,0,approved,,,2026-10-08 07:34:04
626,RES003,2025-08-30,Afternoon,K. Adeyemi,Care Worker,Daily,Assisted shower,Settled,Good,1479,,Yes,,No,Music session,Music session — participated well.,Good,No,,0,"No concerns raised for Ethel during the afternoon. Assisted shower; no skin concerns noted, pressure areas clear. Fluids 1479 ml over the afternoon, good appetite at meals. Presented as settled; joined in with music session.",No concerns to hand over.,Routine care given.,Nil to hand over.,0,approved,,,2026-10-08 07:34:04
627,RES003,2025-08-31,Afternoon,S. Patel,Care Worker,Daily,Full wash at the sink,Settled,Good,1421,,Yes,,No,Garden walk with staff,Garden walk with staff — participated well.,Good,No,,0,"No concerns raised for Ethel during the afternoon. Full wash at the sink completed with the usual level of support. Skin checked, intact throughout. 1421 ml of fluid encouraged across the shift; appetite good. Mood settled and engaged well with garden walk with staff.",Continue with the current plan of care.,Routine care given.,Nil to hand over.,0,approved,,,2026-10-08 07:34:04
628,RES003,2025-09-02,Afternoon,M. Nowak,Care Worker,Daily,Full wash at the sink,Settled,Good,1471,,Yes,,No,Craft table,Craft table — participated well.,Good,No,,0,"Ethel presented as her usual self this afternoon. Full wash at the sink; no skin concerns noted, pressure areas clear. 1471 ml of fluid encouraged across the shift; appetite good. Presented as settled; joined in with craft table.",Nothing further to report.,Routine care given.,Nil to hand over.,0,approved,,,2026-10-08 07:34:04
629,RES003,2025-09-03,Night,L. Ahmed,Care Worker,Daily,Assisted shower,Low,Fair,1456,,Yes,,No,Hand massage,Hand massage — brief participation.,Disturbed,No,,0,Ethel needed more prompting than usual this night. Assisted shower completed but Ethel was reluctant and needed encouragement. Took 1456 ml of fluids; ate fair at lunch and tea. Mood fluctuated and was largely low. Did not settle to hand massage.,Monitor fluid intake and report any further decline to the senior on duty.,Fluids encouraged; senior carer made aware.,Monitor intake and mood.,0,approved,,,2026-10-08 07:34:04
630,RES003,2025-09-04,Afternoon,P. Sharma,Care Worker,Daily,Bed bath,Low,Fair,1423,,Yes,,No,One-to-one chat,One-to-one chat — brief participation.,Disturbed,Yes,,0,A more difficult afternoon for Ethel. Bed bath with two staff as Ethel was unsteady on transfer. Fluid intake recorded at 1423 ml. Appetite described as fair. Mood fluctuated and was largely low. Did not settle to one-to-one chat.,Please continue to observe closely; senior carer informed.,Fluids encouraged; senior carer made aware.,Monitor intake and mood.,0,approved,,,2026-10-08 07:34:04
631,RES003,2025-09-05,Night,R. Kowalski,Care Worker,Daily,Assisted shower,Low,Fair,1345,,Yes,,No,Craft table,Craft table — brief participation.,Disturbed,No,,0,Ethel needed more prompting than usual this night. Assisted shower with two staff as Ethel was unsteady on transfer. 1345 ml of fluid encouraged across the shift; appetite fair. Mood fluctuated and was largely low. Did not settle to craft table.,Monitor fluid intake and report any further decline to the senior on duty.,Fluids encouraged; senior carer made aware.,Monitor intake and mood.,0,approved,,,2026-10-08 07:34:04
632,RES003,2025-09-06,Afternoon,C. Fernandes,Care Worker,Daily,Full wash at the sink,Low,Fair,1351,,Yes,,No,One-to-one chat,One-to-one chat — brief participation.,Disturbed,No,,0,"Ethel needed more prompting than usual this afternoon. Full wash at the sink completed; slight redness noted to the sacrum, repositioning chart started. Took 1351 ml of fluids; ate fair at lunch and tea. Mood low at times; declined one-to-one chat and preferred to stay in her room.",Please continue to observe closely; senior carer informed.,Fluids encouraged; senior carer made aware.,Monitor intake and mood.,0,approved,,,2026-10-08 07:34:04
633,RES003,2025-09-07,Afternoon,D. Osei,Care Worker,Daily,Full wash at the sink,Low,Fair,1194,,Yes,,No,Hand massage,Hand massage — brief participation.,Disturbed,No,,0,"Ethel needed more prompting than usual this afternoon. Full wash at the sink completed; slight redness noted to the sacrum, repositioning chart started. 1194 ml of fluid encouraged across the shift; appetite fair. Mood fluctuated and was largely low. Did not settle to hand massage.",Please continue to observe closely; senior carer informed.,Fluids encouraged; senior carer made aware.,Monitor intake and mood.,0,approved,,,2026-10-08 07:34:04
634,RES003,2025-09-08,Morning,M. Nowak,Care Worker,Daily,Bed bath,Low,Fair,1393,,Yes,,No,Music session,Music session — brief participation.,Disturbed,No,,0,"A more difficult morning for Ethel. Bed bath with two staff as Ethel was unsteady on transfer. Fluids 1393 ml over the morning, fair appetite at meals. Mood fluctuated and was largely low. Did not settle to music session.",Fluids to be encouraged on the next shift; keep under observation.,Fluids encouraged; senior carer made aware.,Monitor intake and mood.,0,approved,,,2026-10-08 07:34:04
635,RES003,2025-09-09,Morning,L. Ahmed,Care Worker,Daily,Supported wash with encouragement,Low,Fair,1499,,Yes,,No,Visiting singer,Visiting singer — brief participation.,Disturbed,No,,0,A more difficult morning for Ethel. Supported wash with encouragement with two staff as Ethel was unsteady on transfer. Fluid intake recorded at 1499 ml. Appetite described as fair. Mood fluctuated and was largely low. Did not settle to visiting singer.,Monitor fluid intake and report any further decline to the senior on duty.,Fluids encouraged; senior carer made aware.,Monitor intake and mood.,0,approved,,,2026-10-08 07:34:04
636,RES003,2025-09-10,Afternoon,L. Ahmed,Care Worker,Daily,Bed bath,Low,Fair,1360,,Yes,,No,Garden walk with staff,Garden walk with staff — brief participation.,Disturbed,Yes,,0,Ethel has been less settled this afternoon. Bed bath with two staff as Ethel was unsteady on transfer. Fluid intake recorded at 1360 ml. Appetite described as fair. Mood low at times; declined garden walk with staff and preferred to stay in her room.,Please continue to observe closely; senior carer informed.,Fluids encouraged; senior carer made aware.,Monitor intake and mood.,0,approved,,,2026-10-08 07:34:04
637,RES003,2025-09-11,Afternoon,A. Whitfield,Care Worker,Daily,Full assistance with washing and dressing,Low,Fair,1363,,Yes,,No,Newspaper reading,Newspaper reading — brief participation.,Disturbed,No,,0,Ethel has been less settled this afternoon. Full assistance with washing and dressing with two staff as Ethel was unsteady on transfer. 1363 ml of fluid encouraged across the shift; appetite fair. Appeared low; needed reassurance on several occasions.,Please continue to observe closely; senior carer informed.,Fluids encouraged; senior carer made aware.,Monitor intake and mood.,0,approved,,,2026-10-08 07:34:04
638,RES003,2025-09-12,Night,S. Patel,Care Worker,Daily,Bed bath,Low,Fair,1297,,Yes,,No,Visiting singer,Visiting singer — brief participation.,Disturbed,Yes,,0,"Staff noted a change in Ethel over the night. Bed bath completed; slight redness noted to the sacrum, repositioning chart started. Fluids 1297 ml over the night, fair appetite at meals. Mood low at times; declined visiting singer and preferred to stay in her room.",Please continue to observe closely; senior carer informed.,Fluids encouraged; senior carer made aware.,Monitor intake and mood.,0,approved,,,2026-10-08 07:34:04
639,RES003,2025-09-13,Night,D. Osei,Care Worker,Daily,Assisted shower,Low,Fair,1295,,Yes,,No,Rested in room,Rested in room — brief participation.,Disturbed,Yes,,0,"A more difficult night for Ethel. Assisted shower with two staff as Ethel was unsteady on transfer. Fluids 1295 ml over the night, fair appetite at meals. Appeared low; needed reassurance on several occasions.",Please continue to observe closely; senior carer informed.,Fluids encouraged; senior carer made aware.,Monitor intake and mood.,0,approved,,,2026-10-08 07:34:04
640,RES003,2025-09-15,Morning,R. Kowalski,Care Worker,Daily,Bed bath,Low,Fair,1512,,Yes,,No,Armchair exercises,Armchair exercises — brief participation.,Disturbed,No,,0,"Ethel needed more prompting than usual this morning. Bed bath with two staff as Ethel was unsteady on transfer. Fluids 1512 ml over the morning, fair appetite at meals. Mood low at times; declined armchair exercises and preferred to stay in her room.",Fluids to be encouraged on the next shift; keep under observation.,Fluids encouraged; senior carer made aware.,Monitor intake and mood.,0,approved,,,2026-10-08 07:34:04
641,RES003,2025-09-16,Night,J. Okafor,Care Worker,Daily,Strip wash in bedroom,Low,Fair,1349,,Yes,,No,Visiting singer,Visiting singer — brief participation.,Disturbed,No,,0,"Ethel needed more prompting than usual this night. Strip wash in bedroom completed; slight redness noted to the sacrum, repositioning chart started. Fluid intake recorded at 1349 ml. Appetite described as fair. Appeared low; needed reassurance on several occasions.",Please continue to observe closely; senior carer informed.,Fluids encouraged; senior carer made aware.,Monitor intake and mood.,0,approved,,,2026-10-08 07:34:04
642,RES003,2025-09-17,Morning,C. Fernandes,Care Worker,Daily,Strip wash in bedroom,Low,Fair,1138,,Yes,,No,Visiting singer,Visiting singer — brief participation.,Disturbed,Yes,,0,"Staff noted a change in Ethel over the morning. Strip wash in bedroom completed; slight redness noted to the sacrum, repositioning chart started. 1138 ml of fluid encouraged across the shift; appetite fair. Mood fluctuated and was largely low. Did not settle to visiting singer.",Please continue to observe closely; senior carer informed.,Fluids encouraged; senior carer made aware.,Monitor intake and mood.,0,approved,,,2026-10-08 07:34:04
643,RES003,2025-09-18,Afternoon,L. Ahmed,Care Worker,Daily,Bed bath,Low,Fair,1507,,Yes,,No,Newspaper reading,Newspaper reading — brief participation.,Disturbed,No,,0,Staff noted a change in Ethel over the afternoon. Bed bath with two staff as Ethel was unsteady on transfer. Took 1507 ml of fluids; ate fair at lunch and tea. Mood fluctuated and was largely low. Did not settle to newspaper reading.,Please continue to observe closely; senior carer informed.,Fluids encouraged; senior carer made aware.,Monitor intake and mood.,0,approved,,,2026-10-08 07:34:04
644,RES003,2025-09-19,Morning,P. Sharma,Care Worker,Daily,Full assistance with washing and dressing,Low,Fair,1466,,Yes,,No,Craft table,Craft table — brief participation.,Disturbed,No,,0,Ethel has been less settled this morning. Full assistance with washing and dressing with two staff as Ethel was unsteady on transfer. Fluid intake recorded at 1466 ml. Appetite described as fair. Mood fluctuated and was largely low. Did not settle to craft table.,Fluids to be encouraged on the next shift; keep under observation.,Fluids encouraged; senior carer made aware.,Monitor intake and mood.,0,approved,,,2026-10-08 07:34:04
645,RES003,2025-09-20,Night,C. Fernandes,Care Worker,Daily,Assisted shower,Low,Fair,1331,,Yes,,No,Bingo in the lounge,Bingo in the lounge — brief participation.,Disturbed,No,,0,Staff noted a change in Ethel over the night. Assisted shower completed but Ethel was reluctant and needed encouragement. 1331 ml of fluid encouraged across the shift; appetite fair. Appeared low; needed reassurance on several occasions.,Fluids to be encouraged on the next shift; keep under observation.,Fluids encouraged; senior carer made aware.,Monitor intake and mood.,0,approved,,,2026-10-08 07:34:04
646,RES003,2025-09-21,Morning,J. Okafor,Care Worker,Daily,Full assistance with washing and dressing,Low,Fair,1249,,Yes,,No,Armchair exercises,Armchair exercises — brief participation.,Disturbed,No,,0,"Ethel has been less settled this morning. Full assistance with washing and dressing completed; slight redness noted to the sacrum, repositioning chart started. Fluids 1249 ml over the morning, fair appetite at meals. Mood fluctuated and was largely low. Did not settle to armchair exercises.",Monitor fluid intake and report any further decline to the senior on duty.,Fluids encouraged; senior carer made aware.,Monitor intake and mood.,0,approved,,,2026-10-08 07:34:04
647,RES003,2025-09-23,Morning,P. Sharma,Care Worker,Daily,Full wash at the sink,Low,Fair,1302,,Yes,,No,Music session,Music session — brief participation.,Disturbed,Yes,,0,A more difficult morning for Ethel. Full wash at the sink with two staff as Ethel was unsteady on transfer. 1302 ml of fluid encouraged across the shift; appetite fair. Mood fluctuated and was largely low. Did not settle to music session.,Fluids to be encouraged on the next shift; keep under observation.,Fluids encouraged; senior carer made aware.,Monitor intake and mood.,0,approved,,,2026-10-08 07:34:04
648,RES003,2025-09-24,Morning,C. Fernandes,Care Worker,Daily,Supported wash with encouragement,Settled,Good,1214,,Yes,,No,Music session,Music session — participated well.,Good,No,,0,"Ethel has had a settled morning. Supported wash with encouragement completed with the usual level of support. Skin checked, intact throughout. Fluids 1214 ml over the morning, good appetite at meals. Mood settled and engaged well with music session.",Continue with the current plan of care.,Routine care given.,Nil to hand over.,0,approved,,,2026-10-08 07:34:04
649,RES003,2025-09-25,Night,M. Nowak,Care Worker,Daily,Full wash at the sink,Settled,Good,1400,,Yes,,No,Rested in room,Rested in room — participated well.,Good,No,,0,"No concerns raised for Ethel during the night. Full wash at the sink completed with the usual level of support. Skin checked, intact throughout. 1400 ml of fluid encouraged across the shift; appetite good. Bright and settled for most of the shift; enjoyed rested in room.",Nothing further to report.,Routine care given.,Nil to hand over.,0,approved,,,2026-10-08 07:34:04
650,RES003,2025-09-27,Afternoon,L. Ahmed,Care Worker,Daily,Bed bath,Settled,Good,1256,,Yes,,No,Bingo in the lounge,Bingo in the lounge — participated well.,Good,No,,0,"Ethel presented as her usual self this afternoon. Bed bath completed with the usual level of support. Skin checked, intact throughout. 1256 ml of fluid encouraged across the shift; appetite good. Mood settled and engaged well with bingo in the lounge.",No concerns to hand over.,Routine care given.,Nil to hand over.,0,approved,,,2026-10-08 07:34:04
651,RES003,2025-09-28,Afternoon,K. Adeyemi,Care Worker,Daily,Full assistance with washing and dressing,Settled,Good,1485,,Yes,,No,Bingo in the lounge,Bingo in the lounge — participated well.,Good,No,,0,Ethel presented as her usual self this afternoon. Full assistance with washing and dressing carried out; Ethel was able to assist with parts of her own care. 1485 ml of fluid encouraged across the shift; appetite good. Mood settled and engaged well with bingo in the lounge.,Nothing further to report.,Routine care given.,Nil to hand over.,0,approved,,,2026-10-08 07:34:04
652,RES003,2025-09-30,Night,M. Nowak,Care Worker,Daily,Full assistance with washing and dressing,Settled,Good,1570,,Yes,,No,Visiting singer,Visiting singer — participated well.,Good,No,,0,A good night for Ethel. Full assistance with washing and dressing carried out; Ethel was able to assist with parts of her own care. Fluid intake recorded at 1570 ml. Appetite described as good. Bright and settled for most of the shift; enjoyed visiting singer.,Nothing further to report.,Routine care given.,Nil to hand over.,0,approved,,,2026-10-08 07:34:04
653,RES003,2025-10-01,Morning,R. Kowalski,Care Worker,Daily,Bed bath,Settled,Good,1300,,Yes,,No,Music session,Music session — participated well.,Good,Yes,,0,"Ethel presented as her usual self this morning. Bed bath; no skin concerns noted, pressure areas clear. Fluids 1300 ml over the morning, good appetite at meals. Bright and settled for most of the shift; enjoyed music session.",No concerns to hand over.,Routine care given.,Nil to hand over.,0,approved,,,2026-10-08 07:34:04
654,RES003,2025-10-03,Morning,C. Fernandes,Care Worker,Daily,Strip wash in bedroom,Settled,Good,1483,,Yes,,No,Craft table,Craft table — participated well.,Good,Yes,,0,"Ethel presented as her usual self this morning. Strip wash in bedroom carried out; Ethel was able to assist with parts of her own care. Fluids 1483 ml over the morning, good appetite at meals. Mood settled and engaged well with craft table.",Nothing further to report.,Routine care given.,Nil to hand over.,0,approved,,,2026-10-08 07:34:04
655,RES003,2025-10-04,Afternoon,S. Patel,Care Worker,Daily,Full wash at the sink,Settled,Good,1337,,Yes,,No,Music session,Music session — participated well.,Good,No,,0,"Ethel has had a settled afternoon. Full wash at the sink completed with the usual level of support. Skin checked, intact throughout. Took 1337 ml of fluids; ate good at lunch and tea. Presented as settled; joined in with music session.",No concerns to hand over.,Routine care given.,Nil to hand over.,0,approved,,,2026-10-08 07:34:04
656,RES003,2025-10-05,Night,B. Mensah,Care Worker,Daily,Full wash at the sink,Settled,Good,1652,,Yes,,No,Newspaper reading,Newspaper reading — participated well.,Good,No,,0,"A good night for Ethel. Full wash at the sink; no skin concerns noted, pressure areas clear. 1652 ml of fluid encouraged across the shift; appetite good. Presented as settled; joined in with newspaper reading.",Continue with the current plan of care.,Routine care given.,Nil to hand over.,0,approved,,,2026-10-08 07:34:04
657,RES003,2025-10-06,Afternoon,M. Nowak,Care Worker,Daily,Strip wash in bedroom,Settled,Good,1410,,Yes,,No,Bingo in the lounge,Bingo in the lounge — participated well.,Good,No,,0,"No concerns raised for Ethel during the afternoon. Strip wash in bedroom; no skin concerns noted, pressure areas clear. Fluid intake recorded at 1410 ml. Appetite described as good. Bright and settled for most of the shift; enjoyed bingo in the lounge.",No concerns to hand over.,Routine care given.,Nil to hand over.,0,approved,,,2026-10-08 07:34:04
658,RES003,2025-10-08,Afternoon,S. Patel,Care Worker,Daily,Full assistance with washing and dressing,Settled,Good,1430,,Yes,,No,Newspaper reading,Newspaper reading — participated well.,Good,Yes,,0,Ethel presented as her usual self this afternoon. Full assistance with washing and dressing carried out; Ethel was able to assist with parts of her own care. Took 1430 ml of fluids; ate good at lunch and tea. Mood settled and engaged well with newspaper reading.,No concerns to hand over.,Routine care given.,Nil to hand over.,0,approved,,,2026-10-08 07:34:04
659,RES003,2025-10-09,Afternoon,J. Okafor,Care Worker,Daily,Full wash at the sink,Settled,Good,1479,,Yes,,No,Bingo in the lounge,Bingo in the lounge — participated well.,Good,Yes,,0,"No concerns raised for Ethel during the afternoon. Full wash at the sink; no skin concerns noted, pressure areas clear. Fluid intake recorded at 1479 ml. Appetite described as good. Presented as settled; joined in with bingo in the lounge.",Nothing further to report.,Routine care given.,Nil to hand over.,0,approved,,,2026-10-08 07:34:04
660,RES003,2025-10-10,Morning,K. Adeyemi,Care Worker,Daily,Assisted shower,Settled,Good,1458,,Yes,,No,Armchair exercises,Armchair exercises — participated well.,Good,No,,0,No concerns raised for Ethel during the morning. Assisted shower carried out; Ethel was able to assist with parts of her own care. 1458 ml of fluid encouraged across the shift; appetite good. Bright and settled for most of the shift; enjoyed armchair exercises.,Continue with the current plan of care.,Routine care given.,Nil to hand over.,0,approved,,,2026-10-08 07:34:04
661,RES003,2025-10-11,Morning,K. Adeyemi,Care Worker,Daily,Bed bath,Settled,Good,1491,,Yes,,No,Music session,Music session — participated well.,Good,No,,0,"Ethel presented as her usual self this morning. Bed bath completed with the usual level of support. Skin checked, intact throughout. Fluids 1491 ml over the morning, good appetite at meals. Mood settled and engaged well with music session.",Continue with the current plan of care.,Routine care given.,Nil to hand over.,0,approved,,,2026-10-08 07:34:04
662,RES003,2025-10-14,Morning,S. Patel,Care Worker,Daily,Strip wash in bedroom,Settled,Good,1380,,Yes,,No,Bingo in the lounge,Bingo in the lounge — participated well.,Good,No,,0,"Ethel presented as her usual self this morning. Strip wash in bedroom; no skin concerns noted, pressure areas clear. Fluids 1380 ml over the morning, good appetite at meals. Presented as settled; joined in with bingo in the lounge.",Continue with the current plan of care.,Routine care given.,Nil to hand over.,0,approved,,,2026-10-08 07:34:04
663,RES003,2025-10-15,Afternoon,S. Patel,Care Worker,Daily,Full wash at the sink,Settled,Good,1507,,Yes,,No,Garden walk with staff,Garden walk with staff — participated well.,Good,No,,0,"Ethel has had a settled afternoon. Full wash at the sink; no skin concerns noted, pressure areas clear. Fluids 1507 ml over the afternoon, good appetite at meals. Presented as settled; joined in with garden walk with staff.",Continue with the current plan of care.,Routine care given.,Nil to hand over.,0,approved,,,2026-10-08 07:34:04
664,RES003,2025-10-16,Night,A. Whitfield,Care Worker,Daily,Bed bath,Settled,Good,1365,,Yes,,No,Craft table,Craft table — participated well.,Good,No,,0,"Ethel has had a settled night. Bed bath completed with the usual level of support. Skin checked, intact throughout. Took 1365 ml of fluids; ate good at lunch and tea. Mood settled and engaged well with craft table.",No concerns to hand over.,Routine care given.,Nil to hand over.,0,approved,,,2026-10-08 07:34:04
665,RES003,2025-10-18,Morning,P. Sharma,Care Worker,Daily,Strip wash in bedroom,Settled,Good,1545,,Yes,,No,Bingo in the lounge,Bingo in the lounge — participated well.,Good,Yes,,0,"No concerns raised for Ethel during the morning. Strip wash in bedroom completed with the usual level of support. Skin checked, intact throughout. Fluids 1545 ml over the morning, good appetite at meals. Presented as settled; joined in with bingo in the lounge.",Nothing further to report.,Routine care given.,Nil to hand over.,0,approved,,,2026-10-08 07:34:04
666,RES003,2025-10-19,Morning,P. Sharma,Care Worker,Daily,Assisted shower,Settled,Good,1493,,Yes,,No,Bingo in the lounge,Bingo in the lounge — participated well.,Good,No,,0,"Ethel presented as her usual self this morning. Assisted shower; no skin concerns noted, pressure areas clear. Fluid intake recorded at 1493 ml. Appetite described as good. Mood settled and engaged well with bingo in the lounge.",Continue with the current plan of care.,Routine care given.,Nil to hand over.,0,approved,,,2026-10-08 07:34:04
667,RES003,2025-10-20,Morning,M. Nowak,Care Worker,Daily,Full wash at the sink,Settled,Good,1655,,Yes,,No,Hand massage,Hand massage — participated well.,Good,No,,0,"Ethel has had a settled morning. Full wash at the sink completed with the usual level of support. Skin checked, intact throughout. Took 1655 ml of fluids; ate good at lunch and tea. Presented as settled; joined in with hand massage.",No concerns to hand over.,Routine care given.,Nil to hand over.,0,approved,,,2026-10-08 07:34:04
668,RES003,2025-10-21,Morning,S. Patel,Care Worker,Daily,Supported wash with encouragement,Settled,Good,1542,,Yes,,No,Music session,Music session — participated well.,Good,No,,0,"Ethel presented as her usual self this morning. Supported wash with encouragement; no skin concerns noted, pressure areas clear. Fluid intake recorded at 1542 ml. Appetite described as good. Bright and settled for most of the shift; enjoyed music session.",Nothing further to report.,Routine care given.,Nil to hand over.,0,approved,,,2026-10-08 07:34:04
669,RES003,2025-10-22,Afternoon,S. Patel,Care Worker,Daily,Full assistance with washing and dressing,Settled,Good,1449,,Yes,,No,Armchair exercises,Armchair exercises — participated well.,Good,Yes,,0,"Ethel presented as her usual self this afternoon. Full assistance with washing and dressing completed with the usual level of support. Skin checked, intact throughout. Fluid intake recorded at 1449 ml. Appetite described as good. Presented as settled; joined in with armchair exercises.",Nothing further to report.,Routine care given.,Nil to hand over.,0,approved,,,2026-10-08 07:34:04
670,RES003,2025-10-23,Morning,S. Patel,Care Worker,Daily,Supported wash with encouragement,Settled,Good,1399,,Yes,,No,One-to-one chat,One-to-one chat — participated well.,Good,No,,0,"A good morning for Ethel. Supported wash with encouragement; no skin concerns noted, pressure areas clear. Fluid intake recorded at 1399 ml. Appetite described as good. Mood settled and engaged well with one-to-one chat.",Continue with the current plan of care.,Routine care given.,Nil to hand over.,0,approved,,,2026-10-08 07:34:04
671,RES003,2025-10-26,Night,C. Fernandes,Care Worker,Daily,Assisted shower,Settled,Good,1390,,Yes,,No,Visiting singer,Visiting singer — participated well.,Good,Yes,,0,"Ethel presented as her usual self this night. Assisted shower; no skin concerns noted, pressure areas clear. Fluid intake recorded at 1390 ml. Appetite described as good. Presented as settled; joined in with visiting singer.",No concerns to hand over.,Routine care given.,Nil to hand over.,0,approved,,,2026-10-08 07:34:04
672,RES003,2025-10-27,Night,B. Mensah,Care Worker,Daily,Full wash at the sink,Settled,Good,1529,,Yes,,No,Craft table,Craft table — participated well.,Good,Yes,,0,"Ethel has had a settled night. Full wash at the sink; no skin concerns noted, pressure areas clear. Fluid intake recorded at 1529 ml. Appetite described as good. Bright and settled for most of the shift; enjoyed craft table.",Nothing further to report.,Routine care given.,Nil to hand over.,0,approved,,,2026-10-08 07:34:04
673,RES003,2025-10-28,Night,B. Mensah,Care Worker,Daily,Bed bath,Settled,Good,1391,,Yes,,No,Newspaper reading,Newspaper reading — participated well.,Good,No,,0,A good night for Ethel. Bed bath carried out; Ethel was able to assist with parts of her own care. Fluid intake recorded at 1391 ml. Appetite described as good. Bright and settled for most of the shift; enjoyed newspaper reading.,Nothing further to report.,Routine care given.,Nil to hand over.,0,approved,,,2026-10-08 07:34:04
674,RES003,2025-10-29,Afternoon,D. Osei,Care Worker,Daily,Full assistance with washing and dressing,Settled,Good,1360,,Yes,,No,One-to-one chat,One-to-one chat — participated well.,Good,Yes,,0,No concerns raised for Ethel during the afternoon. Full assistance with washing and dressing carried out; Ethel was able to assist with parts of her own care. 1360 ml of fluid encouraged across the shift; appetite good. Mood settled and engaged well with one-to-one chat.,Continue with the current plan of care.,Routine care given.,Nil to hand over.,0,approved,,,2026-10-08 07:34:04
675,RES003,2025-10-31,Night,T. Nguyen,Care Worker,Daily,Assisted shower,Settled,Good,1686,,Yes,,No,Music session,Music session — participated well.,Good,Yes,,0,Ethel presented as her usual self this night. Assisted shower carried out; Ethel was able to assist with parts of her own care. 1686 ml of fluid encouraged across the shift; appetite good. Mood settled and engaged well with music session.,Continue with the current plan of care.,Routine care given.,Nil to hand over.,0,approved,,,2026-10-08 07:34:04
676,RES003,2025-11-01,Night,L. Ahmed,Care Worker,Daily,Full assistance with washing and dressing,Settled,Good,1502,,Yes,,No,Newspaper reading,Newspaper reading — participated well.,Good,No,,0,Ethel presented as her usual self this night. Full assistance with washing and dressing carried out; Ethel was able to assist with parts of her own care. 1502 ml of fluid encouraged across the shift; appetite good. Bright and settled for most of the shift; enjoyed newspaper reading.,Continue with the current plan of care.,Routine care given.,Nil to hand over.,0,approved,,,2026-10-08 07:34:04
677,RES003,2025-11-02,Night,S. Patel,Care Worker,Daily,Full assistance with washing and dressing,Settled,Good,1455,,Yes,,No,Garden walk with staff,Garden walk with staff — participated well.,Good,No,,0,"Ethel has had a settled night. Full assistance with washing and dressing; no skin concerns noted, pressure areas clear. Fluid intake recorded at 1455 ml. Appetite described as good. Bright and settled for most of the shift; enjoyed garden walk with staff.",Continue with the current plan of care.,Routine care given.,Nil to hand over.,0,approved,,,2026-10-08 07:34:04
678,RES003,2025-11-03,Morning,P. Sharma,Care Worker,Daily,Full wash at the sink,Settled,Good,1441,,Yes,,No,Newspaper reading,Newspaper reading — participated well.,Good,No,,0,No concerns raised for Ethel during the morning. Full wash at the sink carried out; Ethel was able to assist with parts of her own care. 1441 ml of fluid encouraged across the shift; appetite good. Mood settled and engaged well with newspaper reading.,No concerns to hand over.,Routine care given.,Nil to hand over.,0,approved,,,2026-10-08 07:34:04
679,RES003,2025-11-04,Morning,T. Nguyen,Care Worker,Daily,Strip wash in bedroom,Settled,Good,1371,,Yes,,No,Music session,Music session — participated well.,Good,No,,0,"No concerns raised for Ethel during the morning. Strip wash in bedroom completed with the usual level of support. Skin checked, intact throughout. 1371 ml of fluid encouraged across the shift; appetite good. Mood settled and engaged well with music session.",Continue with the current plan of care.,Routine care given.,Nil to hand over.,0,approved,,,2026-10-08 07:34:04
680,RES003,2025-11-07,Night,M. Nowak,Care Worker,Daily,Full wash at the sink,Settled,Good,1272,,Yes,,No,Bingo in the lounge,Bingo in the lounge — participated well.,Good,No,,0,"Ethel has had a settled night. Full wash at the sink completed with the usual level of support. Skin checked, intact throughout. 1272 ml of fluid encouraged across the shift; appetite good. Presented as settled; joined in with bingo in the lounge.",Nothing further to report.,Routine care given.,Nil to hand over.,0,approved,,,2026-10-08 07:34:04
681,RES003,2025-11-08,Afternoon,P. Sharma,Care Worker,Daily,Strip wash in bedroom,Settled,Good,1347,,Yes,,No,Rested in room,Rested in room — participated well.,Good,No,,0,"Ethel presented as her usual self this afternoon. Strip wash in bedroom completed with the usual level of support. Skin checked, intact throughout. Fluid intake recorded at 1347 ml. Appetite described as good. Bright and settled for most of the shift; enjoyed rested in room.",Nothing further to report.,Routine care given.,Nil to hand over.,0,approved,,,2026-10-08 07:34:04
682,RES003,2025-11-10,Morning,R. Kowalski,Care Worker,Daily,Full wash at the sink,Settled,Good,1367,,Yes,,No,Newspaper reading,Newspaper reading — participated well.,Good,Yes,,0,"Ethel presented as her usual self this morning. Full wash at the sink; no skin concerns noted, pressure areas clear. Fluids 1367 ml over the morning, good appetite at meals. Mood settled and engaged well with newspaper reading.",Nothing further to report.,Routine care given.,Nil to hand over.,0,approved,,,2026-10-08 07:34:04
683,RES003,2025-11-11,Night,K. Adeyemi,Care Worker,Daily,Full assistance with washing and dressing,Settled,Good,1439,,Yes,,No,Hand massage,Hand massage — participated well.,Good,No,,0,"No concerns raised for Ethel during the night. Full assistance with washing and dressing completed with the usual level of support. Skin checked, intact throughout. Fluid intake recorded at 1439 ml. Appetite described as good. Presented as settled; joined in with hand massage.",Continue with the current plan of care.,Routine care given.,Nil to hand over.,0,approved,,,2026-10-08 07:34:04
684,RES003,2025-11-13,Morning,R. Kowalski,Care Worker,Daily,Strip wash in bedroom,Settled,Good,1442,,Yes,,No,Newspaper reading,Newspaper reading — participated well.,Good,No,,0,"Ethel presented as her usual self this morning. Strip wash in bedroom completed with the usual level of support. Skin checked, intact throughout. Took 1442 ml of fluids; ate good at lunch and tea. Presented as settled; joined in with newspaper reading.",Continue with the current plan of care.,Routine care given.,Nil to hand over.,0,approved,,,2026-10-08 07:34:04
685,RES003,2025-11-15,Afternoon,B. Mensah,Care Worker,Daily,Bed bath,Settled,Good,1516,,Yes,,No,One-to-one chat,One-to-one chat — participated well.,Good,No,,0,"Ethel has had a settled afternoon. Bed bath completed with the usual level of support. Skin checked, intact throughout. 1516 ml of fluid encouraged across the shift; appetite good. Presented as settled; joined in with one-to-one chat.",Nothing further to report.,Routine care given.,Nil to hand over.,0,approved,,,2026-10-08 07:34:04
686,RES003,2025-11-16,Night,A. Whitfield,Care Worker,Daily,Full wash at the sink,Settled,Good,1387,,Yes,,No,Craft table,Craft table — participated well.,Good,No,,0,"Ethel has had a settled night. Full wash at the sink completed with the usual level of support. Skin checked, intact throughout. Fluid intake recorded at 1387 ml. Appetite described as good. Bright and settled for most of the shift; enjoyed craft table.",No concerns to hand over.,Routine care given.,Nil to hand over.,0,approved,,,2026-10-08 07:34:04
687,RES003,2025-11-17,Night,B. Mensah,Care Worker,Daily,Bed bath,Settled,Good,1474,,Yes,,No,Craft table,Craft table — participated well.,Good,No,,0,"No concerns raised for Ethel during the night. Bed bath carried out; Ethel was able to assist with parts of her own care. Fluids 1474 ml over the night, good appetite at meals. Presented as settled; joined in with craft table.",No concerns to hand over.,Routine care given.,Nil to hand over.,0,approved,,,2026-10-08 07:34:04
688,RES003,2025-11-18,Night,C. Fernandes,Care Worker,Daily,Assisted shower,Settled,Good,1499,,Yes,,No,Garden walk with staff,Garden walk with staff — participated well.,Good,Yes,,0,"Ethel presented as her usual self this night. Assisted shower; no skin concerns noted, pressure areas clear. Fluids 1499 ml over the night, good appetite at meals. Presented as settled; joined in with garden walk with staff.",No concerns to hand over.,Routine care given.,Nil to hand over.,0,approved,,,2026-10-08 07:34:04
689,RES003,2025-11-19,Afternoon,B. Mensah,Care Worker,Daily,Strip wash in bedroom,Settled,Good,1483,,Yes,,No,Music session,Music session — participated well.,Good,No,,0,"No concerns raised for Ethel during the afternoon. Strip wash in bedroom; no skin concerns noted, pressure areas clear. 1483 ml of fluid encouraged across the shift; appetite good. Bright and settled for most of the shift; enjoyed music session.",No concerns to hand over.,Routine care given.,Nil to hand over.,0,approved,,,2026-10-08 07:34:04
690,RES003,2025-11-21,Night,S. Patel,Care Worker,Daily,Full assistance with washing and dressing,Settled,Good,1418,,Yes,,No,Rested in room,Rested in room — participated well.,Good,No,,0,"Ethel has had a settled night. Full assistance with washing and dressing carried out; Ethel was able to assist with parts of her own care. Fluids 1418 ml over the night, good appetite at meals. Mood settled and engaged well with rested in room.",Nothing further to report.,Routine care given.,Nil to hand over.,0,approved,,,2026-10-08 07:34:04
691,RES003,2025-11-22,Night,B. Mensah,Care Worker,Daily,Bed bath,Settled,Good,1512,,Yes,,No,One-to-one chat,One-to-one chat — participated well.,Good,No,,0,Ethel has had a settled night. Bed bath carried out; Ethel was able to assist with parts of her own care. 1512 ml of fluid encouraged across the shift; appetite good. Bright and settled for most of the shift; enjoyed one-to-one chat.,No concerns to hand over.,Routine care given.,Nil to hand over.,0,approved,,,2026-10-08 07:34:04
692,RES003,2025-11-23,Afternoon,B. Mensah,Care Worker,Daily,Assisted shower,Settled,Good,1470,,Yes,,No,Visiting singer,Visiting singer — participated well.,Good,No,,0,"Ethel has had a settled afternoon. Assisted shower; no skin concerns noted, pressure areas clear. Took 1470 ml of fluids; ate good at lunch and tea. Bright and settled for most of the shift; enjoyed visiting singer.",Continue with the current plan of care.,Routine care given.,Nil to hand over.,0,approved,,,2026-10-08 07:34:04
693,RES003,2025-11-24,Night,S. Patel,Care Worker,Daily,Bed bath,Settled,Good,1444,,Yes,,No,Bingo in the lounge,Bingo in the lounge — participated well.,Good,Yes,,0,Ethel has had a settled night. Bed bath carried out; Ethel was able to assist with parts of her own care. 1444 ml of fluid encouraged across the shift; appetite good. Mood settled and engaged well with bingo in the lounge.,Continue with the current plan of care.,Routine care given.,Nil to hand over.,0,approved,,,2026-10-08 07:34:04
694,RES003,2025-11-25,Morning,J. Okafor,Care Worker,Daily,Assisted shower,Settled,Good,1578,,Yes,,No,Music session,Music session — participated well.,Good,No,,0,"No concerns raised for Ethel during the morning. Assisted shower completed with the usual level of support. Skin checked, intact throughout. 1578 ml of fluid encouraged across the shift; appetite good. Mood settled and engaged well with music session.",Continue with the current plan of care.,Routine care given.,Nil to hand over.,0,approved,,,2026-10-08 07:34:04
695,RES003,2025-11-26,Night,M. Nowak,Care Worker,Daily,Assisted shower,Settled,Good,1433,,Yes,,No,Music session,Music session — participated well.,Good,No,,0,"Ethel presented as her usual self this night. Assisted shower carried out; Ethel was able to assist with parts of her own care. Fluids 1433 ml over the night, good appetite at meals. Bright and settled for most of the shift; enjoyed music session.",Nothing further to report.,Routine care given.,Nil to hand over.,0,approved,,,2026-10-08 07:34:04
696,RES003,2025-11-28,Morning,T. Nguyen,Care Worker,Daily,Supported wash with encouragement,Settled,Good,1463,,Yes,,No,Music session,Music session — participated well.,Good,No,,0,"A good morning for Ethel. Supported wash with encouragement; no skin concerns noted, pressure areas clear. Took 1463 ml of fluids; ate good at lunch and tea. Bright and settled for most of the shift; enjoyed music session.",No concerns to hand over.,Routine care given.,Nil to hand over.,0,approved,,,2026-10-08 07:34:04
697,RES003,2025-11-29,Afternoon,A. Whitfield,Care Worker,Daily,Strip wash in bedroom,Settled,Good,1394,,Yes,,No,Craft table,Craft table — participated well.,Good,No,,0,"No concerns raised for Ethel during the afternoon. Strip wash in bedroom completed with the usual level of support. Skin checked, intact throughout. 1394 ml of fluid encouraged across the shift; appetite good. Bright and settled for most of the shift; enjoyed craft table.",No concerns to hand over.,Routine care given.,Nil to hand over.,0,approved,,,2026-10-08 07:34:04
698,RES003,2025-11-30,Afternoon,J. Okafor,Care Worker,Daily,Supported wash with encouragement,Settled,Good,1526,,Yes,,No,Music session,Music session — participated well.,Good,No,,0,"A good afternoon for Ethel. Supported wash with encouragement completed with the usual level of support. Skin checked, intact throughout. Fluids 1526 ml over the afternoon, good appetite at meals. Mood settled and engaged well with music session.",Nothing further to report.,Routine care given.,Nil to hand over.,0,approved,,,2026-10-08 07:34:04
699,RES003,2025-12-01,Afternoon,T. Nguyen,Care Worker,Daily,Full assistance with washing and dressing,Settled,Good,1452,,Yes,,No,Craft table,Craft table — participated well.,Good,No,,0,"A good afternoon for Ethel. Full assistance with washing and dressing; no skin concerns noted, pressure areas clear. Took 1452 ml of fluids; ate good at lunch and tea. Bright and settled for most of the shift; enjoyed craft table.",No concerns to hand over.,Routine care given.,Nil to hand over.,0,approved,,,2026-10-08 07:34:04
700,RES003,2025-12-02,Night,S. Patel,Care Worker,Daily,Full assistance with washing and dressing,Settled,Good,1488,,Yes,,No,Newspaper reading,Newspaper reading — participated well.,Good,No,,0,"No concerns raised for Ethel during the night. Full assistance with washing and dressing; no skin concerns noted, pressure areas clear. Fluids 1488 ml over the night, good appetite at meals. Bright and settled for most of the shift; enjoyed newspaper reading.",No concerns to hand over.,Routine care given.,Nil to hand over.,0,approved,,,2026-10-08 07:34:04
701,RES003,2025-12-03,Afternoon,P. Sharma,Care Worker,Daily,Bed bath,Settled,Good,1526,,Yes,,No,One-to-one chat,One-to-one chat — participated well.,Good,No,,0,"Ethel presented as her usual self this afternoon. Bed bath; no skin concerns noted, pressure areas clear. Fluid intake recorded at 1526 ml. Appetite described as good. Presented as settled; joined in with one-to-one chat.",Continue with the current plan of care.,Routine care given.,Nil to hand over.,0,approved,,,2026-10-08 07:34:04
702,RES003,2025-12-04,Morning,C. Fernandes,Care Worker,Daily,Strip wash in bedroom,Settled,Good,1543,,Yes,,No,Reminiscence group,Reminiscence group — participated well.,Good,No,,0,"A good morning for Ethel. Strip wash in bedroom completed with the usual level of support. Skin checked, intact throughout. Fluids 1543 ml over the morning, good appetite at meals. Presented as settled; joined in with reminiscence group.",Continue with the current plan of care.,Routine care given.,Nil to hand over.,0,approved,,,2026-10-08 07:34:04
703,RES003,2025-12-05,Night,M. Nowak,Care Worker,Daily,Full assistance with washing and dressing,Settled,Good,1431,,Yes,,No,Bingo in the lounge,Bingo in the lounge — participated well.,Good,Yes,,0,A good night for Ethel. Full assistance with washing and dressing carried out; Ethel was able to assist with parts of her own care. Fluid intake recorded at 1431 ml. Appetite described as good. Bright and settled for most of the shift; enjoyed bingo in the lounge.,No concerns to hand over.,Routine care given.,Nil to hand over.,0,approved,,,2026-10-08 07:34:04
704,RES003,2025-12-06,Afternoon,A. Whitfield,Care Worker,Daily,Full assistance with washing and dressing,Settled,Good,1532,,Yes,,No,Visiting singer,Visiting singer — participated well.,Good,No,,0,Ethel has had a settled afternoon. Full assistance with washing and dressing carried out; Ethel was able to assist with parts of her own care. Took 1532 ml of fluids; ate good at lunch and tea. Mood settled and engaged well with visiting singer.,Nothing further to report.,Routine care given.,Nil to hand over.,0,approved,,,2026-10-08 07:34:04
705,RES003,2025-12-07,Afternoon,B. Mensah,Care Worker,Daily,Full assistance with washing and dressing,Settled,Good,1532,,Yes,,No,Rested in room,Rested in room — participated well.,Good,Yes,,0,"A good afternoon for Ethel. Full assistance with washing and dressing completed with the usual level of support. Skin checked, intact throughout. Took 1532 ml of fluids; ate good at lunch and tea. Bright and settled for most of the shift; enjoyed rested in room.",No concerns to hand over.,Routine care given.,Nil to hand over.,0,approved,,,2026-10-08 07:34:04
706,RES003,2025-12-08,Afternoon,J. Okafor,Care Worker,Daily,Assisted shower,Settled,Good,1484,,Yes,,No,Craft table,Craft table — participated well.,Good,No,,0,"Ethel presented as her usual self this afternoon. Assisted shower completed with the usual level of support. Skin checked, intact throughout. 1484 ml of fluid encouraged across the shift; appetite good. Bright and settled for most of the shift; enjoyed craft table.",No concerns to hand over.,Routine care given.,Nil to hand over.,0,approved,,,2026-10-08 07:34:04
707,RES003,2025-12-09,Night,P. Sharma,Care Worker,Daily,Bed bath,Settled,Good,1667,,Yes,,No,Music session,Music session — participated well.,Good,No,,0,"Ethel presented as her usual self this night. Bed bath; no skin concerns noted, pressure areas clear. Took 1667 ml of fluids; ate good at lunch and tea. Presented as settled; joined in with music session.",Nothing further to report.,Routine care given.,Nil to hand over.,0,approved,,,2026-10-08 07:34:04
708,RES003,2025-12-10,Afternoon,J. Okafor,Care Worker,Daily,Full assistance with washing and dressing,Settled,Good,1530,,Yes,,No,Armchair exercises,Armchair exercises — participated well.,Good,No,,0,Ethel presented as her usual self this afternoon. Full assistance with washing and dressing carried out; Ethel was able to assist with parts of her own care. 1530 ml of fluid encouraged across the shift; appetite good. Bright and settled for most of the shift; enjoyed armchair exercises.,Continue with the current plan of care.,Routine care given.,Nil to hand over.,0,approved,,,2026-10-08 07:34:04
709,RES003,2025-12-11,Afternoon,T. Nguyen,Care Worker,Daily,Full wash at the sink,Settled,Good,1515,,Yes,,No,Garden walk with staff,Garden walk with staff — participated well.,Good,Yes,,0,Ethel has had a settled afternoon. Full wash at the sink carried out; Ethel was able to assist with parts of her own care. Took 1515 ml of fluids; ate good at lunch and tea. Presented as settled; joined in with garden walk with staff.,Nothing further to report.,Routine care given.,Nil to hand over.,0,approved,,,2026-10-08 07:34:04
710,RES003,2025-12-12,Afternoon,C. Fernandes,Care Worker,Daily,Assisted shower,Settled,Good,1446,,Yes,,No,Craft table,Craft table — participated well.,Good,No,,0,"Ethel has had a settled afternoon. Assisted shower completed with the usual level of support. Skin checked, intact throughout. 1446 ml of fluid encouraged across the shift; appetite good. Presented as settled; joined in with craft table.",Continue with the current plan of care.,Routine care given.,Nil to hand over.,0,approved,,,2026-10-08 07:34:04
711,RES003,2025-12-13,Afternoon,B. Mensah,Care Worker,Daily,Full wash at the sink,Settled,Good,1474,,Yes,,No,Reminiscence group,Reminiscence group — participated well.,Good,No,,0,"No concerns raised for Ethel during the afternoon. Full wash at the sink completed with the usual level of support. Skin checked, intact throughout. Fluids 1474 ml over the afternoon, good appetite at meals. Bright and settled for most of the shift; enjoyed reminiscence group.",Nothing further to report.,Routine care given.,Nil to hand over.,0,approved,,,2026-10-08 07:34:04
712,RES003,2025-12-14,Afternoon,K. Adeyemi,Care Worker,Daily,Bed bath,Settled,Good,1524,,Yes,,No,Craft table,Craft table — participated well.,Good,Yes,,0,"No concerns raised for Ethel during the afternoon. Bed bath; no skin concerns noted, pressure areas clear. Fluids 1524 ml over the afternoon, good appetite at meals. Bright and settled for most of the shift; enjoyed craft table.",No concerns to hand over.,Routine care given.,Nil to hand over.,0,approved,,,2026-10-08 07:34:04
713,RES003,2025-12-15,Morning,L. Ahmed,Care Worker,Daily,Strip wash in bedroom,Settled,Good,1381,,Yes,,No,Craft table,Craft table — participated well.,Good,No,,0,"A good morning for Ethel. Strip wash in bedroom completed with the usual level of support. Skin checked, intact throughout. Fluid intake recorded at 1381 ml. Appetite described as good. Bright and settled for most of the shift; enjoyed craft table.",No concerns to hand over.,Routine care given.,Nil to hand over.,0,approved,,,2026-10-08 07:34:04
714,RES003,2025-12-16,Afternoon,C. Fernandes,Care Worker,Daily,Bed bath,Settled,Good,1489,,Yes,,No,Hand massage,Hand massage — participated well.,Good,No,,0,"Ethel presented as her usual self this afternoon. Bed bath; no skin concerns noted, pressure areas clear. 1489 ml of fluid encouraged across the shift; appetite good. Bright and settled for most of the shift; enjoyed hand massage.",Continue with the current plan of care.,Routine care given.,Nil to hand over.,0,approved,,,2026-10-08 07:34:04
715,RES003,2025-12-17,Morning,R. Kowalski,Care Worker,Daily,Strip wash in bedroom,Settled,Good,1583,,Yes,,No,Reminiscence group,Reminiscence group — participated well.,Good,No,,0,"No concerns raised for Ethel during the morning. Strip wash in bedroom; no skin concerns noted, pressure areas clear. 1583 ml of fluid encouraged across the shift; appetite good. Mood settled and engaged well with reminiscence group.",No concerns to hand over.,Routine care given.,Nil to hand over.,0,approved,,,2026-10-08 07:34:04
716,RES003,2025-12-19,Night,P. Sharma,Care Worker,Daily,Supported wash with encouragement,Settled,Good,1711,,Yes,,No,Hand massage,Hand massage — participated well.,Good,Yes,,0,"A good night for Ethel. Supported wash with encouragement; no skin concerns noted, pressure areas clear. Fluid intake recorded at 1711 ml. Appetite described as good. Presented as settled; joined in with hand massage.",No concerns to hand over.,Routine care given.,Nil to hand over.,0,approved,,,2026-10-08 07:34:04
717,RES003,2025-12-20,Afternoon,S. Patel,Care Worker,Daily,Full assistance with washing and dressing,Settled,Good,1558,,Yes,,No,Armchair exercises,Armchair exercises — participated well.,Good,No,,0,"Ethel has had a settled afternoon. Full assistance with washing and dressing; no skin concerns noted, pressure areas clear. Fluid intake recorded at 1558 ml. Appetite described as good. Mood settled and engaged well with armchair exercises.",Nothing further to report.,Routine care given.,Nil to hand over.,0,approved,,,2026-10-08 07:34:04
718,RES003,2025-12-21,Morning,M. Nowak,Care Worker,Daily,Assisted shower,Settled,Good,1603,,Yes,,No,Reminiscence group,Reminiscence group — participated well.,Good,No,,0,"No concerns raised for Ethel during the morning. Assisted shower completed with the usual level of support. Skin checked, intact throughout. 1603 ml of fluid encouraged across the shift; appetite good. Presented as settled; joined in with reminiscence group.",Continue with the current plan of care.,Routine care given.,Nil to hand over.,0,approved,,,2026-10-08 07:34:04
719,RES003,2025-12-22,Night,T. Nguyen,Care Worker,Daily,Strip wash in bedroom,Settled,Good,1549,,Yes,,No,One-to-one chat,One-to-one chat — participated well.,Good,No,,0,A good night for Ethel. Strip wash in bedroom carried out; Ethel was able to assist with parts of her own care. 1549 ml of fluid encouraged across the shift; appetite good. Bright and settled for most of the shift; enjoyed one-to-one chat.,No concerns to hand over.,Routine care given.,Nil to hand over.,0,approved,,,2026-10-08 07:34:04
720,RES003,2025-12-23,Afternoon,P. Sharma,Care Worker,Daily,Full assistance with washing and dressing,Settled,Good,1560,,Yes,,No,One-to-one chat,One-to-one chat — participated well.,Good,No,,0,Ethel presented as her usual self this afternoon. Full assistance with washing and dressing carried out; Ethel was able to assist with parts of her own care. 1560 ml of fluid encouraged across the shift; appetite good. Presented as settled; joined in with one-to-one chat.,Continue with the current plan of care.,Routine care given.,Nil to hand over.,0,approved,,,2026-10-08 07:34:04
721,RES003,2025-12-24,Afternoon,T. Nguyen,Care Worker,Daily,Strip wash in bedroom,Settled,Good,1663,,Yes,,No,Rested in room,Rested in room — participated well.,Good,No,,0,"A good afternoon for Ethel. Strip wash in bedroom completed with the usual level of support. Skin checked, intact throughout. Fluid intake recorded at 1663 ml. Appetite described as good. Mood settled and engaged well with rested in room.",No concerns to hand over.,Routine care given.,Nil to hand over.,0,approved,,,2026-10-08 07:34:04
722,RES003,2025-12-25,Night,M. Nowak,Care Worker,Daily,Supported wash with encouragement,Settled,Good,1483,,Yes,,No,Reminiscence group,Reminiscence group — participated well.,Good,No,,0,"Ethel presented as her usual self this night. Supported wash with encouragement completed with the usual level of support. Skin checked, intact throughout. 1483 ml of fluid encouraged across the shift; appetite good. Bright and settled for most of the shift; enjoyed reminiscence group.",Continue with the current plan of care.,Routine care given.,Nil to hand over.,0,approved,,,2026-10-08 07:34:04
723,RES003,2025-12-26,Afternoon,R. Kowalski,Care Worker,Daily,Supported wash with encouragement,Settled,Good,1517,,Yes,,No,Bingo in the lounge,Bingo in the lounge — participated well.,Good,No,,0,"Ethel has had a settled afternoon. Supported wash with encouragement; no skin concerns noted, pressure areas clear. Took 1517 ml of fluids; ate good at lunch and tea. Bright and settled for most of the shift; enjoyed bingo in the lounge.",Nothing further to report.,Routine care given.,Nil to hand over.,0,approved,,,2026-10-08 07:34:04
724,RES003,2025-12-27,Afternoon,C. Fernandes,Care Worker,Daily,Supported wash with encouragement,Settled,Good,1754,,Yes,,No,Reminiscence group,Reminiscence group — participated well.,Good,No,,0,"A good afternoon for Ethel. Supported wash with encouragement completed with the usual level of support. Skin checked, intact throughout. Fluids 1754 ml over the afternoon, good appetite at meals. Bright and settled for most of the shift; enjoyed reminiscence group.",No concerns to hand over.,Routine care given.,Nil to hand over.,0,approved,,,2026-10-08 07:34:04
725,RES003,2025-12-28,Morning,C. Fernandes,Care Worker,Daily,Full assistance with washing and dressing,Settled,Good,1539,,Yes,,No,Craft table,Craft table — participated well.,Good,No,,0,Ethel presented as her usual self this morning. Full assistance with washing and dressing carried out; Ethel was able to assist with parts of her own care. Took 1539 ml of fluids; ate good at lunch and tea. Bright and settled for most of the shift; enjoyed craft table.,Nothing further to report.,Routine care given.,Nil to hand over.,0,approved,,,2026-10-08 07:34:04
726,RES003,2025-12-29,Afternoon,R. Kowalski,Care Worker,Daily,Full assistance with washing and dressing,Settled,Good,1583,,Yes,,No,Rested in room,Rested in room — participated well.,Good,No,,0,"A good afternoon for Ethel. Full assistance with washing and dressing completed with the usual level of support. Skin checked, intact throughout. Fluid intake recorded at 1583 ml. Appetite described as good. Presented as settled; joined in with rested in room.",Continue with the current plan of care.,Routine care given.,Nil to hand over.,0,approved,,,2026-10-08 07:34:04
727,RES003,2025-12-31,Night,M. Nowak,Care Worker,Daily,Supported wash with encouragement,Settled,Good,1537,,Yes,,No,Hand massage,Hand massage — participated well.,Good,Yes,,0,"Ethel presented as her usual self this night. Supported wash with encouragement completed with the usual level of support. Skin checked, intact throughout. 1537 ml of fluid encouraged across the shift; appetite good. Bright and settled for most of the shift; enjoyed hand massage.",Continue with the current plan of care.,Routine care given.,Nil to hand over.,0,approved,,,2026-10-08 07:34:04
728,RES003,2026-01-03,Morning,B. Mensah,Care Worker,Daily,Bed bath,Settled,Good,1601,,Yes,,No,Visiting singer,Visiting singer — participated well.,Good,No,,0,"A good morning for Ethel. Bed bath; no skin concerns noted, pressure areas clear. Fluid intake recorded at 1601 ml. Appetite described as good. Bright and settled for most of the shift; enjoyed visiting singer.",Continue with the current plan of care.,Routine care given.,Nil to hand over.,0,approved,,,2026-10-08 07:34:04
729,RES003,2026-01-04,Morning,P. Sharma,Care Worker,Daily,Full wash at the sink,Settled,Good,1598,,Yes,,No,Reminiscence group,Reminiscence group — participated well.,Good,No,,0,"Ethel presented as her usual self this morning. Full wash at the sink completed with the usual level of support. Skin checked, intact throughout. 1598 ml of fluid encouraged across the shift; appetite good. Presented as settled; joined in with reminiscence group.",Continue with the current plan of care.,Routine care given.,Nil to hand over.,0,approved,,,2026-10-08 07:34:04
730,RES003,2026-01-05,Night,L. Ahmed,Care Worker,Daily,Assisted shower,Settled,Good,1592,,Yes,,No,Armchair exercises,Armchair exercises — participated well.,Good,No,,0,A good night for Ethel. Assisted shower carried out; Ethel was able to assist with parts of her own care. 1592 ml of fluid encouraged across the shift; appetite good. Bright and settled for most of the shift; enjoyed armchair exercises.,No concerns to hand over.,Routine care given.,Nil to hand over.,0,approved,,,2026-10-08 07:34:04
731,RES003,2026-01-06,Night,P. Sharma,Care Worker,Daily,Strip wash in bedroom,Settled,Good,1415,,Yes,,No,Reminiscence group,Reminiscence group — participated well.,Good,No,,0,"Ethel has had a settled night. Strip wash in bedroom carried out; Ethel was able to assist with parts of her own care. Fluids 1415 ml over the night, good appetite at meals. Mood settled and engaged well with reminiscence group.",Nothing further to report.,Routine care given.,Nil to hand over.,0,approved,,,2026-10-08 07:34:04
732,RES003,2026-01-07,Afternoon,C. Fernandes,Care Worker,Daily,Full assistance with washing and dressing,Settled,Good,1516,,Yes,,No,One-to-one chat,One-to-one chat — participated well.,Good,Yes,,0,"No concerns raised for Ethel during the afternoon. Full assistance with washing and dressing completed with the usual level of support. Skin checked, intact throughout. Fluid intake recorded at 1516 ml. Appetite described as good. Presented as settled; joined in with one-to-one chat.",No concerns to hand over.,Routine care given.,Nil to hand over.,0,approved,,,2026-10-08 07:34:04
733,RES003,2026-01-08,Night,P. Sharma,Care Worker,Daily,Bed bath,Settled,Good,1575,,Yes,,No,Newspaper reading,Newspaper reading — participated well.,Good,No,,0,"No concerns raised for Ethel during the night. Bed bath completed with the usual level of support. Skin checked, intact throughout. Fluid intake recorded at 1575 ml. Appetite described as good. Bright and settled for most of the shift; enjoyed newspaper reading.",Continue with the current plan of care.,Routine care given.,Nil to hand over.,0,approved,,,2026-10-08 07:34:04
734,RES003,2026-01-09,Afternoon,A. Whitfield,Care Worker,Daily,Strip wash in bedroom,Settled,Good,1461,,Yes,,No,Armchair exercises,Armchair exercises — participated well.,Good,No,,0,Ethel presented as her usual self this afternoon. Strip wash in bedroom carried out; Ethel was able to assist with parts of her own care. Took 1461 ml of fluids; ate good at lunch and tea. Mood settled and engaged well with armchair exercises.,Continue with the current plan of care.,Routine care given.,Nil to hand over.,0,approved,,,2026-10-08 07:34:04
735,RES003,2026-01-10,Afternoon,L. Ahmed,Care Worker,Daily,Supported wash with encouragement,Settled,Good,1553,,Yes,,No,Newspaper reading,Newspaper reading — participated well.,Good,No,,0,"No concerns raised for Ethel during the afternoon. Supported wash with encouragement completed with the usual level of support. Skin checked, intact throughout. Took 1553 ml of fluids; ate good at lunch and tea. Bright and settled for most of the shift; enjoyed newspaper reading.",No concerns to hand over.,Routine care given.,Nil to hand over.,0,approved,,,2026-10-08 07:34:04
736,RES003,2026-01-11,Night,R. Kowalski,Care Worker,Daily,Full wash at the sink,Settled,Good,1469,,Yes,,No,Bingo in the lounge,Bingo in the lounge — participated well.,Good,No,,0,"A good night for Ethel. Full wash at the sink carried out; Ethel was able to assist with parts of her own care. Fluids 1469 ml over the night, good appetite at meals. Mood settled and engaged well with bingo in the lounge.",No concerns to hand over.,Routine care given.,Nil to hand over.,0,approved,,,2026-10-08 07:34:04
737,RES003,2026-01-12,Morning,R. Kowalski,Care Worker,Daily,Bed bath,Settled,Good,1574,,Yes,,No,Music session,Music session — participated well.,Good,No,,0,"A good morning for Ethel. Bed bath; no skin concerns noted, pressure areas clear. Took 1574 ml of fluids; ate good at lunch and tea. Mood settled and engaged well with music session.",Nothing further to report.,Routine care given.,Nil to hand over.,0,approved,,,2026-10-08 07:34:04
738,RES003,2026-01-13,Night,D. Osei,Care Worker,Daily,Supported wash with encouragement,Settled,Good,1576,,Yes,,No,Craft table,Craft table — participated well.,Good,No,,0,"No concerns raised for Ethel during the night. Supported wash with encouragement completed with the usual level of support. Skin checked, intact throughout. 1576 ml of fluid encouraged across the shift; appetite good. Bright and settled for most of the shift; enjoyed craft table.",No concerns to hand over.,Routine care given.,Nil to hand over.,0,approved,,,2026-10-08 07:34:04
739,RES003,2026-01-14,Morning,M. Nowak,Care Worker,Daily,Bed bath,Settled,Good,1536,,Yes,,No,Garden walk with staff,Garden walk with staff — participated well.,Good,Yes,,0,Ethel presented as her usual self this morning. Bed bath carried out; Ethel was able to assist with parts of her own care. Took 1536 ml of fluids; ate good at lunch and tea. Mood settled and engaged well with garden walk with staff.,No concerns to hand over.,Routine care given.,Nil to hand over.,0,approved,,,2026-10-08 07:34:04
740,RES003,2026-01-15,Morning,B. Mensah,Care Worker,Daily,Assisted shower,Settled,Good,1385,,Yes,,No,Garden walk with staff,Garden walk with staff — participated well.,Good,No,,0,"Ethel has had a settled morning. Assisted shower completed with the usual level of support. Skin checked, intact throughout. Took 1385 ml of fluids; ate good at lunch and tea. Presented as settled; joined in with garden walk with staff.",Nothing further to report.,Routine care given.,Nil to hand over.,0,approved,,,2026-10-08 07:34:04
741,RES003,2026-01-17,Night,B. Mensah,Care Worker,Daily,Supported wash with encouragement,Settled,Good,1509,,Yes,,No,Rested in room,Rested in room — participated well.,Good,No,,0,"No concerns raised for Ethel during the night. Supported wash with encouragement carried out; Ethel was able to assist with parts of her own care. Fluids 1509 ml over the night, good appetite at meals. Mood settled and engaged well with rested in room.",No concerns to hand over.,Routine care given.,Nil to hand over.,0,approved,,,2026-10-08 07:34:04
742,RES003,2026-01-18,Morning,J. Okafor,Care Worker,Daily,Assisted shower,Settled,Good,1547,,Yes,,No,Newspaper reading,Newspaper reading — participated well.,Good,No,,0,"Ethel presented as her usual self this morning. Assisted shower carried out; Ethel was able to assist with parts of her own care. Fluids 1547 ml over the morning, good appetite at meals. Mood settled and engaged well with newspaper reading.",Continue with the current plan of care.,Routine care given.,Nil to hand over.,0,approved,,,2026-10-08 07:34:04
743,RES003,2026-01-19,Night,K. Adeyemi,Care Worker,Daily,Full assistance with washing and dressing,Settled,Good,1510,,Yes,,No,Visiting singer,Visiting singer — participated well.,Good,No,,0,"Ethel has had a settled night. Full assistance with washing and dressing completed with the usual level of support. Skin checked, intact throughout. 1510 ml of fluid encouraged across the shift; appetite good. Presented as settled; joined in with visiting singer.",Continue with the current plan of care.,Routine care given.,Nil to hand over.,0,approved,,,2026-10-08 07:34:04
744,RES003,2026-01-20,Morning,M. Nowak,Care Worker,Daily,Full wash at the sink,Settled,Good,1638,,Yes,,No,Music session,Music session — participated well.,Good,No,,0,"A good morning for Ethel. Full wash at the sink completed with the usual level of support. Skin checked, intact throughout. 1638 ml of fluid encouraged across the shift; appetite good. Bright and settled for most of the shift; enjoyed music session.",No concerns to hand over.,Routine care given.,Nil to hand over.,0,approved,,,2026-10-08 07:34:04
745,RES003,2026-01-21,Afternoon,P. Sharma,Care Worker,Daily,Full assistance with washing and dressing,Settled,Good,1519,,Yes,,No,Newspaper reading,Newspaper reading — participated well.,Good,No,,0,A good afternoon for Ethel. Full assistance with washing and dressing carried out; Ethel was able to assist with parts of her own care. Fluid intake recorded at 1519 ml. Appetite described as good. Mood settled and engaged well with newspaper reading.,Continue with the current plan of care.,Routine care given.,Nil to hand over.,0,approved,,,2026-10-08 07:34:04
746,RES003,2026-01-22,Morning,L. Ahmed,Care Worker,Daily,Bed bath,Settled,Good,1478,,Yes,,No,One-to-one chat,One-to-one chat — participated well.,Good,Yes,,0,"Ethel presented as her usual self this morning. Bed bath; no skin concerns noted, pressure areas clear. Took 1478 ml of fluids; ate good at lunch and tea. Mood settled and engaged well with one-to-one chat.",Nothing further to report.,Routine care given.,Nil to hand over.,0,approved,,,2026-10-08 07:34:04
747,RES003,2026-01-23,Afternoon,P. Sharma,Care Worker,Daily,Full wash at the sink,Settled,Good,1700,,Yes,,No,Reminiscence group,Reminiscence group — participated well.,Good,No,,0,"A good afternoon for Ethel. Full wash at the sink; no skin concerns noted, pressure areas clear. 1700 ml of fluid encouraged across the shift; appetite good. Mood settled and engaged well with reminiscence group.",Nothing further to report.,Routine care given.,Nil to hand over.,0,approved,,,2026-10-08 07:34:04
748,RES003,2026-01-24,Afternoon,T. Nguyen,Care Worker,Daily,Full wash at the sink,Settled,Good,1541,,Yes,,No,Reminiscence group,Reminiscence group — participated well.,Good,No,,0,No concerns raised for Ethel during the afternoon. Full wash at the sink carried out; Ethel was able to assist with parts of her own care. Took 1541 ml of fluids; ate good at lunch and tea. Bright and settled for most of the shift; enjoyed reminiscence group.,No concerns to hand over.,Routine care given.,Nil to hand over.,0,approved,,,2026-10-08 07:34:04
749,RES003,2026-01-26,Morning,A. Whitfield,Care Worker,Daily,Strip wash in bedroom,Settled,Good,1674,,Yes,,No,One-to-one chat,One-to-one chat — participated well.,Good,No,,0,"Ethel has had a settled morning. Strip wash in bedroom; no skin concerns noted, pressure areas clear. Fluid intake recorded at 1674 ml. Appetite described as good. Presented as settled; joined in with one-to-one chat.",Nothing further to report.,Routine care given.,Nil to hand over.,0,approved,,,2026-10-08 07:34:04
750,RES003,2026-01-27,Afternoon,S. Patel,Care Worker,Daily,Full wash at the sink,Settled,Good,1346,,Yes,,No,Music session,Music session — participated well.,Good,No,,0,"Ethel presented as her usual self this afternoon. Full wash at the sink completed with the usual level of support. Skin checked, intact throughout. 1346 ml of fluid encouraged across the shift; appetite good. Mood settled and engaged well with music session.",Nothing further to report.,Routine care given.,Nil to hand over.,0,approved,,,2026-10-08 07:34:04
751,RES003,2026-01-28,Afternoon,P. Sharma,Care Worker,Daily,Assisted shower,Settled,Good,1540,,Yes,,No,One-to-one chat,One-to-one chat — participated well.,Good,No,,0,"Ethel presented as her usual self this afternoon. Assisted shower completed with the usual level of support. Skin checked, intact throughout. 1540 ml of fluid encouraged across the shift; appetite good. Bright and settled for most of the shift; enjoyed one-to-one chat.",Nothing further to report.,Routine care given.,Nil to hand over.,0,approved,,,2026-10-08 07:34:04
752,RES003,2026-01-30,Night,A. Whitfield,Care Worker,Daily,Supported wash with encouragement,Settled,Good,1514,,Yes,,No,Hand massage,Hand massage — participated well.,Good,No,,0,"Ethel has had a settled night. Supported wash with encouragement completed with the usual level of support. Skin checked, intact throughout. Fluids 1514 ml over the night, good appetite at meals. Mood settled and engaged well with hand massage.",Nothing further to report.,Routine care given.,Nil to hand over.,0,approved,,,2026-10-08 07:34:04
753,RES003,2026-02-01,Morning,C. Fernandes,Care Worker,Daily,Supported wash with encouragement,Settled,Good,1545,,Yes,,No,Craft table,Craft table — participated well.,Good,No,,0,No concerns raised for Ethel during the morning. Supported wash with encouragement carried out; Ethel was able to assist with parts of her own care. Fluid intake recorded at 1545 ml. Appetite described as good. Bright and settled for most of the shift; enjoyed craft table.,Nothing further to report.,Routine care given.,Nil to hand over.,0,approved,,,2026-10-08 07:34:04
754,RES003,2026-02-04,Morning,C. Fernandes,Care Worker,Daily,Full wash at the sink,Settled,Good,1464,,Yes,,No,Hand massage,Hand massage — participated well.,Good,No,,0,A good morning for Ethel. Full wash at the sink carried out; Ethel was able to assist with parts of her own care. Fluid intake recorded at 1464 ml. Appetite described as good. Mood settled and engaged well with hand massage.,Continue with the current plan of care.,Routine care given.,Nil to hand over.,0,approved,,,2026-10-08 07:34:04
755,RES003,2026-02-05,Morning,L. Ahmed,Care Worker,Daily,Assisted shower,Settled,Good,1467,,Yes,,No,Hand massage,Hand massage — participated well.,Good,Yes,,0,"Ethel has had a settled morning. Assisted shower completed with the usual level of support. Skin checked, intact throughout. Fluid intake recorded at 1467 ml. Appetite described as good. Bright and settled for most of the shift; enjoyed hand massage.",Nothing further to report.,Routine care given.,Nil to hand over.,0,approved,,,2026-10-08 07:34:04
756,RES003,2026-02-06,Afternoon,B. Mensah,Care Worker,Daily,Bed bath,Settled,Good,1431,,Yes,,No,Newspaper reading,Newspaper reading — participated well.,Good,No,,0,"A good afternoon for Ethel. Bed bath completed with the usual level of support. Skin checked, intact throughout. Fluid intake recorded at 1431 ml. Appetite described as good. Presented as settled; joined in with newspaper reading.",Nothing further to report.,Routine care given.,Nil to hand over.,0,approved,,,2026-10-08 07:34:04
757,RES003,2026-02-07,Afternoon,J. Okafor,Care Worker,Daily,Supported wash with encouragement,Settled,Good,1607,,Yes,,No,Bingo in the lounge,Bingo in the lounge — participated well.,Good,Yes,,0,"Ethel has had a settled afternoon. Supported wash with encouragement completed with the usual level of support. Skin checked, intact throughout. Took 1607 ml of fluids; ate good at lunch and tea. Presented as settled; joined in with bingo in the lounge.",Nothing further to report.,Routine care given.,Nil to hand over.,0,approved,,,2026-10-08 07:34:04
758,RES003,2026-02-08,Night,T. Nguyen,Care Worker,Daily,Supported wash with encouragement,Settled,Good,1475,,Yes,,No,Rested in room,Rested in room — participated well.,Good,No,,0,No concerns raised for Ethel during the night. Supported wash with encouragement carried out; Ethel was able to assist with parts of her own care. 1475 ml of fluid encouraged across the shift; appetite good. Presented as settled; joined in with rested in room.,Nothing further to report.,Routine care given.,Nil to hand over.,0,approved,,,2026-10-08 07:34:04
759,RES003,2026-02-09,Afternoon,A. Whitfield,Care Worker,Daily,Full assistance with washing and dressing,Settled,Good,1503,,Yes,,No,Armchair exercises,Armchair exercises — participated well.,Good,No,,0,"A good afternoon for Ethel. Full assistance with washing and dressing; no skin concerns noted, pressure areas clear. Fluid intake recorded at 1503 ml. Appetite described as good. Presented as settled; joined in with armchair exercises.",Continue with the current plan of care.,Routine care given.,Nil to hand over.,0,approved,,,2026-10-08 07:34:04
760,RES003,2026-02-10,Morning,C. Fernandes,Care Worker,Daily,Full wash at the sink,Settled,Good,1506,,Yes,,No,Reminiscence group,Reminiscence group — participated well.,Good,Yes,,0,"A good morning for Ethel. Full wash at the sink carried out; Ethel was able to assist with parts of her own care. Fluids 1506 ml over the morning, good appetite at meals. Presented as settled; joined in with reminiscence group.",No concerns to hand over.,Routine care given.,Nil to hand over.,0,approved,,,2026-10-08 07:34:04
761,RES003,2026-02-11,Afternoon,R. Kowalski,Care Worker,Daily,Supported wash with encouragement,Settled,Good,1615,,Yes,,No,Rested in room,Rested in room — participated well.,Good,No,,0,"No concerns raised for Ethel during the afternoon. Supported wash with encouragement; no skin concerns noted, pressure areas clear. Fluid intake recorded at 1615 ml. Appetite described as good. Mood settled and engaged well with rested in room.",Continue with the current plan of care.,Routine care given.,Nil to hand over.,0,approved,,,2026-10-08 07:34:04
762,RES003,2026-02-12,Afternoon,M. Nowak,Care Worker,Daily,Strip wash in bedroom,Settled,Good,1293,,Yes,,No,Visiting singer,Visiting singer — participated well.,Good,No,,0,"Ethel presented as her usual self this afternoon. Strip wash in bedroom completed with the usual level of support. Skin checked, intact throughout. Fluid intake recorded at 1293 ml. Appetite described as good. Bright and settled for most of the shift; enjoyed visiting singer.",Nothing further to report.,Routine care given.,Nil to hand over.,0,approved,,,2026-10-08 07:34:04
763,RES003,2026-02-13,Afternoon,T. Nguyen,Care Worker,Daily,Strip wash in bedroom,Settled,Good,1538,,Yes,,No,Craft table,Craft table — participated well.,Good,No,,0,No concerns raised for Ethel during the afternoon. Strip wash in bedroom carried out; Ethel was able to assist with parts of her own care. Took 1538 ml of fluids; ate good at lunch and tea. Bright and settled for most of the shift; enjoyed craft table.,Continue with the current plan of care.,Routine care given.,Nil to hand over.,0,approved,,,2026-10-08 07:34:04
764,RES003,2026-02-15,Morning,R. Kowalski,Care Worker,Daily,Strip wash in bedroom,Settled,Good,1507,,Yes,,No,Garden walk with staff,Garden walk with staff — participated well.,Good,No,,0,Ethel has had a settled morning. Strip wash in bedroom carried out; Ethel was able to assist with parts of her own care. Fluid intake recorded at 1507 ml. Appetite described as good. Mood settled and engaged well with garden walk with staff.,No concerns to hand over.,Routine care given.,Nil to hand over.,0,approved,,,2026-10-08 07:34:04
765,RES003,2026-02-17,Morning,P. Sharma,Care Worker,Daily,Assisted shower,Settled,Good,1474,,Yes,,No,Armchair exercises,Armchair exercises — participated well.,Good,No,,0,No concerns raised for Ethel during the morning. Assisted shower carried out; Ethel was able to assist with parts of her own care. 1474 ml of fluid encouraged across the shift; appetite good. Bright and settled for most of the shift; enjoyed armchair exercises.,No concerns to hand over.,Routine care given.,Nil to hand over.,0,approved,,,2026-10-08 07:34:04
766,RES003,2026-02-18,Night,L. Ahmed,Care Worker,Daily,Bed bath,Settled,Good,1642,,Yes,,No,Music session,Music session — participated well.,Good,No,,0,"Ethel has had a settled night. Bed bath; no skin concerns noted, pressure areas clear. 1642 ml of fluid encouraged across the shift; appetite good. Bright and settled for most of the shift; enjoyed music session.",Continue with the current plan of care.,Routine care given.,Nil to hand over.,0,approved,,,2026-10-08 07:34:04
767,RES003,2026-02-19,Morning,J. Okafor,Care Worker,Daily,Full wash at the sink,Settled,Good,1379,,Yes,,No,Music session,Music session — participated well.,Good,No,,0,No concerns raised for Ethel during the morning. Full wash at the sink carried out; Ethel was able to assist with parts of her own care. Fluid intake recorded at 1379 ml. Appetite described as good. Presented as settled; joined in with music session.,No concerns to hand over.,Routine care given.,Nil to hand over.,0,approved,,,2026-10-08 07:34:04
768,RES003,2026-02-20,Night,B. Mensah,Care Worker,Daily,Bed bath,Settled,Good,1643,,Yes,,No,Craft table,Craft table — participated well.,Good,No,,0,"No concerns raised for Ethel during the night. Bed bath; no skin concerns noted, pressure areas clear. Fluids 1643 ml over the night, good appetite at meals. Mood settled and engaged well with craft table.",No concerns to hand over.,Routine care given.,Nil to hand over.,0,approved,,,2026-10-08 07:34:04
769,RES003,2026-02-21,Morning,J. Okafor,Care Worker,Daily,Full wash at the sink,Settled,Good,1440,,Yes,,No,Garden walk with staff,Garden walk with staff — participated well.,Good,Yes,,0,No concerns raised for Ethel during the morning. Full wash at the sink carried out; Ethel was able to assist with parts of her own care. 1440 ml of fluid encouraged across the shift; appetite good. Presented as settled; joined in with garden walk with staff.,No concerns to hand over.,Routine care given.,Nil to hand over.,0,approved,,,2026-10-08 07:34:04
770,RES003,2026-02-22,Morning,D. Osei,Care Worker,Daily,Assisted shower,Settled,Good,1727,,Yes,,No,One-to-one chat,One-to-one chat — participated well.,Good,No,,0,"No concerns raised for Ethel during the morning. Assisted shower completed with the usual level of support. Skin checked, intact throughout. 1727 ml of fluid encouraged across the shift; appetite good. Bright and settled for most of the shift; enjoyed one-to-one chat.",Continue with the current plan of care.,Routine care given.,Nil to hand over.,0,approved,,,2026-10-08 07:34:04
771,RES003,2026-02-24,Morning,S. Patel,Care Worker,Daily,Bed bath,Settled,Good,1548,,Yes,,No,Music session,Music session — participated well.,Good,No,,0,"Ethel presented as her usual self this morning. Bed bath; no skin concerns noted, pressure areas clear. Fluids 1548 ml over the morning, good appetite at meals. Bright and settled for most of the shift; enjoyed music session.",No concerns to hand over.,Routine care given.,Nil to hand over.,0,approved,,,2026-10-08 07:34:04
772,RES003,2026-02-25,Afternoon,J. Okafor,Care Worker,Daily,Full wash at the sink,Settled,Good,1407,,Yes,,No,Music session,Music session — participated well.,Good,No,,0,Ethel presented as her usual self this afternoon. Full wash at the sink carried out; Ethel was able to assist with parts of her own care. 1407 ml of fluid encouraged across the shift; appetite good. Presented as settled; joined in with music session.,Nothing further to report.,Routine care given.,Nil to hand over.,0,approved,,,2026-10-08 07:34:04
773,RES003,2026-02-26,Afternoon,J. Okafor,Care Worker,Daily,Strip wash in bedroom,Settled,Good,1392,,Yes,,No,Rested in room,Rested in room — participated well.,Good,No,,0,"A good afternoon for Ethel. Strip wash in bedroom carried out; Ethel was able to assist with parts of her own care. Fluids 1392 ml over the afternoon, good appetite at meals. Presented as settled; joined in with rested in room.",Continue with the current plan of care.,Routine care given.,Nil to hand over.,0,approved,,,2026-10-08 07:34:04
774,RES003,2026-02-27,Afternoon,R. Kowalski,Care Worker,Daily,Strip wash in bedroom,Settled,Good,1496,,Yes,,No,Newspaper reading,Newspaper reading — participated well.,Good,No,,0,"Ethel presented as her usual self this afternoon. Strip wash in bedroom completed with the usual level of support. Skin checked, intact throughout. Fluid intake recorded at 1496 ml. Appetite described as good. Mood settled and engaged well with newspaper reading.",No concerns to hand over.,Routine care given.,Nil to hand over.,0,approved,,,2026-10-08 07:34:04
775,RES003,2026-03-01,Night,C. Fernandes,Care Worker,Daily,Supported wash with encouragement,Settled,Good,1599,,Yes,,No,Armchair exercises,Armchair exercises — participated well.,Good,No,,0,"No concerns raised for Ethel during the night. Supported wash with encouragement; no skin concerns noted, pressure areas clear. 1599 ml of fluid encouraged across the shift; appetite good. Presented as settled; joined in with armchair exercises.",Continue with the current plan of care.,Routine care given.,Nil to hand over.,0,approved,,,2026-10-08 07:34:04
776,RES003,2026-03-02,Night,B. Mensah,Care Worker,Daily,Full wash at the sink,Settled,Good,1543,,Yes,,No,Visiting singer,Visiting singer — participated well.,Good,No,,0,"Ethel has had a settled night. Full wash at the sink carried out; Ethel was able to assist with parts of her own care. Fluids 1543 ml over the night, good appetite at meals. Bright and settled for most of the shift; enjoyed visiting singer.",No concerns to hand over.,Routine care given.,Nil to hand over.,0,approved,,,2026-10-08 07:34:04
777,RES003,2026-03-03,Afternoon,A. Whitfield,Care Worker,Daily,Assisted shower,Settled,Good,1512,,Yes,,No,Bingo in the lounge,Bingo in the lounge — participated well.,Good,No,,0,Ethel presented as her usual self this afternoon. Assisted shower carried out; Ethel was able to assist with parts of her own care. Fluid intake recorded at 1512 ml. Appetite described as good. Bright and settled for most of the shift; enjoyed bingo in the lounge.,Continue with the current plan of care.,Routine care given.,Nil to hand over.,0,approved,,,2026-10-08 07:34:04
778,RES003,2026-03-06,Afternoon,M. Nowak,Care Worker,Daily,Full wash at the sink,Settled,Good,1506,,Yes,,No,Music session,Music session — participated well.,Good,No,,0,"No concerns raised for Ethel during the afternoon. Full wash at the sink completed with the usual level of support. Skin checked, intact throughout. 1506 ml of fluid encouraged across the shift; appetite good. Presented as settled; joined in with music session.",Nothing further to report.,Routine care given.,Nil to hand over.,0,approved,,,2026-10-08 07:34:04
779,RES003,2026-03-07,Night,P. Sharma,Care Worker,Daily,Full wash at the sink,Settled,Good,1436,,Yes,,No,Newspaper reading,Newspaper reading — participated well.,Good,No,,0,Ethel presented as her usual self this night. Full wash at the sink carried out; Ethel was able to assist with parts of her own care. Fluid intake recorded at 1436 ml. Appetite described as good. Presented as settled; joined in with newspaper reading.,Nothing further to report.,Routine care given.,Nil to hand over.,0,approved,,,2026-10-08 07:34:04
780,RES003,2026-03-08,Afternoon,L. Ahmed,Care Worker,Daily,Strip wash in bedroom,Settled,Good,1480,,Yes,,No,Hand massage,Hand massage — participated well.,Good,No,,0,"Ethel presented as her usual self this afternoon. Strip wash in bedroom completed with the usual level of support. Skin checked, intact throughout. 1480 ml of fluid encouraged across the shift; appetite good. Presented as settled; joined in with hand massage.",Continue with the current plan of care.,Routine care given.,Nil to hand over.,0,approved,,,2026-10-08 07:34:04
781,RES003,2026-03-09,Night,R. Kowalski,Care Worker,Daily,Supported wash with encouragement,Settled,Good,1426,,Yes,,No,Visiting singer,Visiting singer — participated well.,Good,No,,0,A good night for Ethel. Supported wash with encouragement carried out; Ethel was able to assist with parts of her own care. Fluid intake recorded at 1426 ml. Appetite described as good. Bright and settled for most of the shift; enjoyed visiting singer.,Continue with the current plan of care.,Routine care given.,Nil to hand over.,0,approved,,,2026-10-08 07:34:04
782,RES003,2026-03-10,Morning,M. Nowak,Care Worker,Daily,Supported wash with encouragement,Settled,Good,1426,,Yes,,No,Rested in room,Rested in room — participated well.,Good,No,,0,"No concerns raised for Ethel during the morning. Supported wash with encouragement; no skin concerns noted, pressure areas clear. Fluid intake recorded at 1426 ml. Appetite described as good. Mood settled and engaged well with rested in room.",Nothing further to report.,Routine care given.,Nil to hand over.,0,approved,,,2026-10-08 07:34:04
783,RES003,2026-03-11,Afternoon,B. Mensah,Care Worker,Daily,Full assistance with washing and dressing,Settled,Good,1509,,Yes,,No,One-to-one chat,One-to-one chat — participated well.,Good,No,,0,"No concerns raised for Ethel during the afternoon. Full assistance with washing and dressing; no skin concerns noted, pressure areas clear. 1509 ml of fluid encouraged across the shift; appetite good. Presented as settled; joined in with one-to-one chat.",Continue with the current plan of care.,Routine care given.,Nil to hand over.,0,approved,,,2026-10-08 07:34:04
784,RES003,2026-03-12,Morning,P. Sharma,Care Worker,Daily,Bed bath,Settled,Good,1594,,Yes,,No,Reminiscence group,Reminiscence group — participated well.,Good,Yes,,0,"Ethel presented as her usual self this morning. Bed bath; no skin concerns noted, pressure areas clear. 1594 ml of fluid encouraged across the shift; appetite good. Presented as settled; joined in with reminiscence group.",Continue with the current plan of care.,Routine care given.,Nil to hand over.,0,approved,,,2026-10-08 07:34:04
785,RES003,2026-03-13,Afternoon,S. Patel,Care Worker,Daily,Bed bath,Settled,Good,1468,,Yes,,No,Visiting singer,Visiting singer — participated well.,Good,Yes,,0,A good afternoon for Ethel. Bed bath carried out; Ethel was able to assist with parts of her own care. Fluid intake recorded at 1468 ml. Appetite described as good. Presented as settled; joined in with visiting singer.,No concerns to hand over.,Routine care given.,Nil to hand over.,0,approved,,,2026-10-08 07:34:04
786,RES003,2026-03-14,Morning,P. Sharma,Care Worker,Daily,Bed bath,Settled,Good,1618,,Yes,,No,Rested in room,Rested in room — participated well.,Good,No,,0,"Ethel has had a settled morning. Bed bath completed with the usual level of support. Skin checked, intact throughout. Took 1618 ml of fluids; ate good at lunch and tea. Presented as settled; joined in with rested in room.",Nothing further to report.,Routine care given.,Nil to hand over.,0,approved,,,2026-10-08 07:34:04
787,RES003,2026-03-15,Morning,R. Kowalski,Care Worker,Daily,Bed bath,Settled,Good,1305,,Yes,,No,Rested in room,Rested in room — participated well.,Good,No,,0,"No concerns raised for Ethel during the morning. Bed bath completed with the usual level of support. Skin checked, intact throughout. 1305 ml of fluid encouraged across the shift; appetite good. Mood settled and engaged well with rested in room.",No concerns to hand over.,Routine care given.,Nil to hand over.,0,approved,,,2026-10-08 07:34:04
788,RES003,2026-03-16,Night,D. Osei,Care Worker,Daily,Full assistance with washing and dressing,Settled,Good,1433,,Yes,,No,Armchair exercises,Armchair exercises — participated well.,Good,Yes,,0,"A good night for Ethel. Full assistance with washing and dressing carried out; Ethel was able to assist with parts of her own care. Fluids 1433 ml over the night, good appetite at meals. Bright and settled for most of the shift; enjoyed armchair exercises.",Continue with the current plan of care.,Routine care given.,Nil to hand over.,0,approved,,,2026-10-08 07:34:04
789,RES003,2026-03-17,Afternoon,T. Nguyen,Care Worker,Daily,Bed bath,Settled,Good,1481,,Yes,,No,Bingo in the lounge,Bingo in the lounge — participated well.,Good,No,,0,"No concerns raised for Ethel during the afternoon. Bed bath completed with the usual level of support. Skin checked, intact throughout. Took 1481 ml of fluids; ate good at lunch and tea. Presented as settled; joined in with bingo in the lounge.",No concerns to hand over.,Routine care given.,Nil to hand over.,0,approved,,,2026-10-08 07:34:04
790,RES003,2026-03-18,Morning,D. Osei,Care Worker,Daily,Strip wash in bedroom,Settled,Good,1533,,Yes,,No,Newspaper reading,Newspaper reading — participated well.,Good,No,,0,Ethel has had a settled morning. Strip wash in bedroom carried out; Ethel was able to assist with parts of her own care. Took 1533 ml of fluids; ate good at lunch and tea. Mood settled and engaged well with newspaper reading.,Continue with the current plan of care.,Routine care given.,Nil to hand over.,0,approved,,,2026-10-08 07:34:04
791,RES003,2026-03-19,Morning,T. Nguyen,Care Worker,Daily,Supported wash with encouragement,Settled,Good,1309,,Yes,,No,Armchair exercises,Armchair exercises — participated well.,Good,No,,0,"A good morning for Ethel. Supported wash with encouragement carried out; Ethel was able to assist with parts of her own care. Fluids 1309 ml over the morning, good appetite at meals. Mood settled and engaged well with armchair exercises.",No concerns to hand over.,Routine care given.,Nil to hand over.,0,approved,,,2026-10-08 07:34:04
792,RES003,2026-03-20,Afternoon,M. Nowak,Care Worker,Daily,Supported wash with encouragement,Settled,Good,1415,,Yes,,No,Reminiscence group,Reminiscence group — participated well.,Good,No,,0,"Ethel presented as her usual self this afternoon. Supported wash with encouragement completed with the usual level of support. Skin checked, intact throughout. Fluid intake recorded at 1415 ml. Appetite described as good. Presented as settled; joined in with reminiscence group.",Nothing further to report.,Routine care given.,Nil to hand over.,0,approved,,,2026-10-08 07:34:04
793,RES003,2026-03-21,Morning,C. Fernandes,Care Worker,Daily,Strip wash in bedroom,Settled,Good,1445,,Yes,,No,Garden walk with staff,Garden walk with staff — participated well.,Good,No,,0,"Ethel has had a settled morning. Strip wash in bedroom completed with the usual level of support. Skin checked, intact throughout. Took 1445 ml of fluids; ate good at lunch and tea. Mood settled and engaged well with garden walk with staff.",No concerns to hand over.,Routine care given.,Nil to hand over.,0,approved,,,2026-10-08 07:34:04
794,RES003,2026-03-22,Night,S. Patel,Care Worker,Daily,Bed bath,Settled,Good,1506,,Yes,,No,One-to-one chat,One-to-one chat — participated well.,Good,No,,0,"No concerns raised for Ethel during the night. Bed bath completed with the usual level of support. Skin checked, intact throughout. Took 1506 ml of fluids; ate good at lunch and tea. Mood settled and engaged well with one-to-one chat.",Nothing further to report.,Routine care given.,Nil to hand over.,0,approved,,,2026-10-08 07:34:04
795,RES003,2026-03-23,Night,T. Nguyen,Care Worker,Daily,Strip wash in bedroom,Settled,Good,1400,,Yes,,No,Garden walk with staff,Garden walk with staff — participated well.,Good,Yes,,0,"A good night for Ethel. Strip wash in bedroom; no skin concerns noted, pressure areas clear. Fluids 1400 ml over the night, good appetite at meals. Mood settled and engaged well with garden walk with staff.",No concerns to hand over.,Routine care given.,Nil to hand over.,0,approved,,,2026-10-08 07:34:04
796,RES003,2026-03-24,Morning,L. Ahmed,Care Worker,Daily,Full assistance with washing and dressing,Settled,Good,1679,,Yes,,No,Garden walk with staff,Garden walk with staff — participated well.,Good,No,,0,"Ethel has had a settled morning. Full assistance with washing and dressing; no skin concerns noted, pressure areas clear. 1679 ml of fluid encouraged across the shift; appetite good. Mood settled and engaged well with garden walk with staff.",Continue with the current plan of care.,Routine care given.,Nil to hand over.,0,approved,,,2026-10-08 07:34:04
797,RES003,2026-03-26,Morning,P. Sharma,Care Worker,Daily,Assisted shower,Settled,Good,1416,,Yes,,No,Visiting singer,Visiting singer — participated well.,Good,No,,0,"No concerns raised for Ethel during the morning. Assisted shower completed with the usual level of support. Skin checked, intact throughout. Fluids 1416 ml over the morning, good appetite at meals. Bright and settled for most of the shift; enjoyed visiting singer.",No concerns to hand over.,Routine care given.,Nil to hand over.,0,approved,,,2026-10-08 07:34:04
798,RES003,2026-03-27,Afternoon,C. Fernandes,Care Worker,Daily,Full assistance with washing and dressing,Settled,Good,1551,,Yes,,No,One-to-one chat,One-to-one chat — participated well.,Good,No,,0,"Ethel has had a settled afternoon. Full assistance with washing and dressing completed with the usual level of support. Skin checked, intact throughout. Fluids 1551 ml over the afternoon, good appetite at meals. Mood settled and engaged well with one-to-one chat.",Continue with the current plan of care.,Routine care given.,Nil to hand over.,0,approved,,,2026-10-08 07:34:04
799,RES003,2026-03-28,Night,R. Kowalski,Care Worker,Daily,Supported wash with encouragement,Settled,Good,1514,,Yes,,No,Armchair exercises,Armchair exercises — participated well.,Good,No,,0,"A good night for Ethel. Supported wash with encouragement; no skin concerns noted, pressure areas clear. Took 1514 ml of fluids; ate good at lunch and tea. Bright and settled for most of the shift; enjoyed armchair exercises.",Nothing further to report.,Routine care given.,Nil to hand over.,0,approved,,,2026-10-08 07:34:04
800,RES003,2026-03-29,Afternoon,L. Ahmed,Care Worker,Daily,Supported wash with encouragement,Settled,Good,1449,,Yes,,No,Visiting singer,Visiting singer — participated well.,Good,No,,0,"Ethel presented as her usual self this afternoon. Supported wash with encouragement completed with the usual level of support. Skin checked, intact throughout. Fluids 1449 ml over the afternoon, good appetite at meals. Bright and settled for most of the shift; enjoyed visiting singer.",Nothing further to report.,Routine care given.,Nil to hand over.,0,approved,,,2026-10-08 07:34:04
801,RES003,2026-03-30,Morning,J. Okafor,Care Worker,Daily,Strip wash in bedroom,Settled,Good,1510,,Yes,,No,Hand massage,Hand massage — participated well.,Good,No,,0,"No concerns raised for Ethel during the morning. Strip wash in bedroom; no skin concerns noted, pressure areas clear. Fluid intake recorded at 1510 ml. Appetite described as good. Mood settled and engaged well with hand massage.",Continue with the current plan of care.,Routine care given.,Nil to hand over.,0,approved,,,2026-10-08 07:34:04
802,RES003,2026-03-31,Night,L. Ahmed,Care Worker,Daily,Bed bath,Settled,Good,1624,,Yes,,No,Craft table,Craft table — participated well.,Good,No,,0,Ethel has had a settled night. Bed bath carried out; Ethel was able to assist with parts of her own care. Fluid intake recorded at 1624 ml. Appetite described as good. Presented as settled; joined in with craft table.,No concerns to hand over.,Routine care given.,Nil to hand over.,0,approved,,,2026-10-08 07:34:04
803,RES003,2026-04-02,Afternoon,K. Adeyemi,Care Worker,Daily,Bed bath,Settled,Good,1555,,Yes,,No,Armchair exercises,Armchair exercises — participated well.,Good,No,,0,"No concerns raised for Ethel during the afternoon. Bed bath; no skin concerns noted, pressure areas clear. Fluids 1555 ml over the afternoon, good appetite at meals. Mood settled and engaged well with armchair exercises.",Continue with the current plan of care.,Routine care given.,Nil to hand over.,0,approved,,,2026-10-08 07:34:04
804,RES003,2026-04-03,Morning,M. Nowak,Care Worker,Daily,Assisted shower,Settled,Good,1216,,Yes,,No,One-to-one chat,One-to-one chat — participated well.,Good,No,,0,A good morning for Ethel. Assisted shower carried out; Ethel was able to assist with parts of her own care. Fluid intake recorded at 1216 ml. Appetite described as good. Presented as settled; joined in with one-to-one chat.,No concerns to hand over.,Routine care given.,Nil to hand over.,0,approved,,,2026-10-08 07:34:04
805,RES003,2026-04-05,Morning,K. Adeyemi,Care Worker,Daily,Strip wash in bedroom,Settled,Good,1311,,Yes,,No,Music session,Music session — participated well.,Good,No,,0,Ethel presented as her usual self this morning. Strip wash in bedroom carried out; Ethel was able to assist with parts of her own care. Took 1311 ml of fluids; ate good at lunch and tea. Presented as settled; joined in with music session.,No concerns to hand over.,Routine care given.,Nil to hand over.,0,approved,,,2026-10-08 07:34:04
806,RES003,2026-04-06,Afternoon,C. Fernandes,Care Worker,Daily,Supported wash with encouragement,Low,Fair,1186,,Yes,,No,Reminiscence group,Reminiscence group — brief participation.,Disturbed,No,,0,"Staff noted a change in Ethel over the afternoon. Supported wash with encouragement completed; slight redness noted to the sacrum, repositioning chart started. 1186 ml of fluid encouraged across the shift; appetite fair. Mood fluctuated and was largely low. Did not settle to reminiscence group.",Please continue to observe closely; senior carer informed.,Fluids encouraged; senior carer made aware.,Monitor intake and mood.,0,approved,,,2026-10-08 07:34:04
807,RES003,2026-04-07,Afternoon,P. Sharma,Care Worker,Daily,Bed bath,Low,Fair,1502,,Yes,,No,Hand massage,Hand massage — brief participation.,Disturbed,No,,0,A more difficult afternoon for Ethel. Bed bath with two staff as Ethel was unsteady on transfer. Fluid intake recorded at 1502 ml. Appetite described as fair. Mood low at times; declined hand massage and preferred to stay in her room.,Please continue to observe closely; senior carer informed.,Fluids encouraged; senior carer made aware.,Monitor intake and mood.,0,approved,,,2026-10-08 07:34:04
808,RES003,2026-04-08,Afternoon,C. Fernandes,Care Worker,Daily,Strip wash in bedroom,Low,Fair,1155,,Yes,,No,Hand massage,Hand massage — brief participation.,Disturbed,No,,0,Staff noted a change in Ethel over the afternoon. Strip wash in bedroom completed but Ethel was reluctant and needed encouragement. 1155 ml of fluid encouraged across the shift; appetite fair. Appeared low; needed reassurance on several occasions.,Please continue to observe closely; senior carer informed.,Fluids encouraged; senior carer made aware.,Monitor intake and mood.,0,approved,,,2026-10-08 07:34:04
809,RES003,2026-04-09,Morning,A. Whitfield,Care Worker,Daily,Full assistance with washing and dressing,Low,Fair,1248,,Yes,,No,Garden walk with staff,Garden walk with staff — brief participation.,Disturbed,Yes,,0,"Ethel has been less settled this morning. Full assistance with washing and dressing completed; slight redness noted to the sacrum, repositioning chart started. Fluid intake recorded at 1248 ml. Appetite described as fair. Mood fluctuated and was largely low. Did not settle to garden walk with staff.",Please continue to observe closely; senior carer informed.,Fluids encouraged; senior carer made aware.,Monitor intake and mood.,0,approved,,,2026-10-08 07:34:04
810,RES003,2026-04-10,Morning,S. Patel,Care Worker,Daily,Assisted shower,Low,Fair,1491,,Yes,,No,Music session,Music session — brief participation.,Disturbed,No,,0,Ethel has been less settled this morning. Assisted shower completed but Ethel was reluctant and needed encouragement. 1491 ml of fluid encouraged across the shift; appetite fair. Appeared low; needed reassurance on several occasions.,Fluids to be encouraged on the next shift; keep under observation.,Fluids encouraged; senior carer made aware.,Monitor intake and mood.,0,approved,,,2026-10-08 07:34:04
811,RES003,2026-04-11,Afternoon,B. Mensah,Care Worker,Daily,Assisted shower,Low,Fair,1234,,Yes,,No,Reminiscence group,Reminiscence group — brief participation.,Disturbed,Yes,,0,Ethel has been less settled this afternoon. Assisted shower with two staff as Ethel was unsteady on transfer. Fluid intake recorded at 1234 ml. Appetite described as fair. Mood fluctuated and was largely low. Did not settle to reminiscence group.,Please continue to observe closely; senior carer informed.,Fluids encouraged; senior carer made aware.,Monitor intake and mood.,0,approved,,,2026-10-08 07:34:04
812,RES003,2026-04-12,Night,D. Osei,Care Worker,Daily,Strip wash in bedroom,Low,Fair,1325,,Yes,,No,Visiting singer,Visiting singer — brief participation.,Disturbed,No,,0,Staff noted a change in Ethel over the night. Strip wash in bedroom completed but Ethel was reluctant and needed encouragement. Fluid intake recorded at 1325 ml. Appetite described as fair. Mood fluctuated and was largely low. Did not settle to visiting singer.,Please continue to observe closely; senior carer informed.,Fluids encouraged; senior carer made aware.,Monitor intake and mood.,0,approved,,,2026-10-08 07:34:04
813,RES003,2026-04-13,Afternoon,B. Mensah,Care Worker,Daily,Supported wash with encouragement,Low,Fair,1316,,Yes,,No,Craft table,Craft table — brief participation.,Disturbed,No,,0,"A more difficult afternoon for Ethel. Supported wash with encouragement with two staff as Ethel was unsteady on transfer. Fluids 1316 ml over the afternoon, fair appetite at meals. Mood low at times; declined craft table and preferred to stay in her room.",Please continue to observe closely; senior carer informed.,Fluids encouraged; senior carer made aware.,Monitor intake and mood.,0,approved,,,2026-10-08 07:34:04
814,RES003,2026-04-14,Morning,R. Kowalski,Care Worker,Daily,Full wash at the sink,Low,Fair,1197,,Yes,,No,Armchair exercises,Armchair exercises — brief participation.,Disturbed,No,,0,Ethel needed more prompting than usual this morning. Full wash at the sink with two staff as Ethel was unsteady on transfer. Took 1197 ml of fluids; ate fair at lunch and tea. Appeared low; needed reassurance on several occasions.,Fluids to be encouraged on the next shift; keep under observation.,Fluids encouraged; senior carer made aware.,Monitor intake and mood.,0,approved,,,2026-10-08 07:34:04
815,RES003,2026-04-16,Morning,M. Nowak,Care Worker,Daily,Assisted shower,Low,Fair,1108,,Yes,,No,One-to-one chat,One-to-one chat — brief participation.,Disturbed,Yes,,0,Staff noted a change in Ethel over the morning. Assisted shower with two staff as Ethel was unsteady on transfer. 1108 ml of fluid encouraged across the shift; appetite fair. Mood low at times; declined one-to-one chat and preferred to stay in her room.,Monitor fluid intake and report any further decline to the senior on duty.,Fluids encouraged; senior carer made aware.,Monitor intake and mood.,0,approved,,,2026-10-08 07:34:04
816,RES003,2026-04-18,Night,L. Ahmed,Care Worker,Daily,Strip wash in bedroom,Agitated,Poor,1119,,Yes,,No,Hand massage,Hand massage — declined.,Poor,No,,0,"Significant concerns for Ethel throughout the night. Strip wash in bedroom with hoist assistance. Skin fragile, barrier cream applied. Fluids 1119 ml over the night, poor appetite at meals. Very agitated. Attempted to mobilise unaided twice and required redirection.",Falls risk discussed at handover; sensor mat in place and hourly checks agreed.,Escalated to senior carer; observations taken.,Falls precautions in place; see incident log.,0,approved,,,2026-10-08 07:34:04
817,RES003,2026-04-19,Night,J. Okafor,Care Worker,Daily,Full assistance with washing and dressing,Confused,Poor,1060,,Yes,,No,Rested in room,Rested in room — declined.,Poor,Yes,,0,"Increased supervision required for Ethel this night. Full assistance with washing and dressing with hoist assistance. Skin fragile, barrier cream applied. Fluid intake recorded at 1060 ml. Appetite described as poor. confused and restless. Remained in bed for most of the shift.",Falls risk discussed at handover; sensor mat in place and hourly checks agreed.,Escalated to senior carer; observations taken.,Falls precautions in place; see incident log.,0,approved,,,2026-10-08 07:34:04
818,RES003,2026-04-20,Night,J. Okafor,Care Worker,Daily,Bed bath,Agitated,Poor,951,,Yes,,No,Reminiscence group,Reminiscence group — declined.,Poor,Yes,,0,Significant concerns for Ethel throughout the night. Bed bath required full assistance from two staff; Ethel was unable to weight-bear reliably. Took 951 ml of fluids; ate poor at lunch and tea. Mood agitated throughout; calling out intermittently and difficult to reassure.,Escalated to the senior on duty. Consider GP review if no improvement.,Escalated to senior carer; observations taken.,Falls precautions in place; see incident log.,0,approved,,,2026-10-08 07:34:04
819,RES003,2026-04-21,Night,S. Patel,Care Worker,Daily,Assisted shower,Confused,Poor,1160,,Yes,,No,Newspaper reading,Newspaper reading — declined.,Poor,Yes,,0,Ethel has had a poor night and needed close support. Assisted shower completed with difficulty. Ethel was resistive at times and care was paused twice. 1160 ml of fluid encouraged across the shift; appetite poor. confused and restless. Remained in bed for most of the shift.,Escalated to the senior on duty. Consider GP review if no improvement.,Escalated to senior carer; observations taken.,Falls precautions in place; see incident log.,0,approved,,,2026-10-08 07:34:04
820,RES003,2026-04-22,Night,D. Osei,Care Worker,Daily,Assisted shower,Anxious,Poor,1077,,Yes,,No,Craft table,Craft table — declined.,Poor,No,,0,"Increased supervision required for Ethel this night. Assisted shower completed with difficulty. Ethel was resistive at times and care was paused twice. Fluids 1077 ml over the night, poor appetite at meals. Mood anxious throughout; calling out intermittently and difficult to reassure.",Escalated to the senior on duty. Consider GP review if no improvement.,Escalated to senior carer; observations taken.,Falls precautions in place; see incident log.,0,approved,,,2026-10-08 07:34:04
821,RES003,2026-04-23,Morning,A. Whitfield,Care Worker,Daily,Strip wash in bedroom,Confused,Poor,1106,,Yes,,No,One-to-one chat,One-to-one chat — declined.,Poor,Yes,,0,"Ethel has had a poor morning and needed close support. Strip wash in bedroom completed with difficulty. Ethel was resistive at times and care was paused twice. Fluids 1106 ml over the morning, poor appetite at meals. confused and restless. Remained in bed for most of the shift.",GP review requested. Family to be updated by the manager.,Escalated to senior carer; observations taken.,Falls precautions in place; see incident log.,0,approved,,,2026-10-08 07:34:04
822,RES003,2026-04-25,Night,D. Osei,Care Worker,Daily,Supported wash with encouragement,Confused,Poor,936,,Yes,,No,Hand massage,Hand massage — declined.,Poor,No,,0,"Significant concerns for Ethel throughout the night. Supported wash with encouragement with hoist assistance. Skin fragile, barrier cream applied. Took 936 ml of fluids; ate poor at lunch and tea. Very confused. Attempted to mobilise unaided twice and required redirection.",GP review requested. Family to be updated by the manager.,Escalated to senior carer; observations taken.,Falls precautions in place; see incident log.,0,approved,,,2026-10-08 07:34:04
823,RES003,2026-04-26,Morning,J. Okafor,Care Worker,Daily,Supported wash with encouragement,Anxious,Poor,1099,,Yes,,No,Visiting singer,Visiting singer — declined.,Poor,Yes,,0,Ethel was noticeably unwell during the morning. Supported wash with encouragement required full assistance from two staff; Ethel was unable to weight-bear reliably. Fluid intake recorded at 1099 ml. Appetite described as poor. anxious and restless. Remained in bed for most of the shift.,GP review requested. Family to be updated by the manager.,Escalated to senior carer; observations taken.,Falls precautions in place; see incident log.,0,approved,,,2026-10-08 07:34:04
824,RES003,2026-04-28,Night,L. Ahmed,Care Worker,Daily,Full assistance with washing and dressing,Confused,Poor,934,,Yes,,No,Newspaper reading,Newspaper reading — declined.,Poor,Yes,,0,"Increased supervision required for Ethel this night. Full assistance with washing and dressing required full assistance from two staff; Ethel was unable to weight-bear reliably. Fluids 934 ml over the night, poor appetite at meals. Very confused. Attempted to mobilise unaided twice and required redirection.",Escalated to the senior on duty. Consider GP review if no improvement.,Escalated to senior carer; observations taken.,Falls precautions in place; see incident log.,0,approved,,,2026-10-08 07:34:04
825,RES003,2026-04-29,Afternoon,M. Nowak,Care Worker,Daily,Full assistance with washing and dressing,Agitated,Poor,1138,,Yes,,No,Hand massage,Hand massage — declined.,Poor,Yes,,0,Ethel has had a poor afternoon and needed close support. Full assistance with washing and dressing completed with difficulty. Ethel was resistive at times and care was paused twice. 1138 ml of fluid encouraged across the shift; appetite poor. Mood agitated throughout; calling out intermittently and difficult to reassure.,GP review requested. Family to be updated by the manager.,Escalated to senior carer; observations taken.,Falls precautions in place; see incident log.,0,approved,,,2026-10-08 07:34:04
826,RES003,2026-04-30,Night,L. Ahmed,Care Worker,Daily,Full wash at the sink,Confused,Poor,1132,,Yes,,No,One-to-one chat,One-to-one chat — declined.,Poor,No,,0,Ethel was noticeably unwell during the night. Full wash at the sink completed with difficulty. Ethel was resistive at times and care was paused twice. Fluid intake recorded at 1132 ml. Appetite described as poor. Very confused. Attempted to mobilise unaided twice and required redirection.,Falls risk discussed at handover; sensor mat in place and hourly checks agreed.,Escalated to senior carer; observations taken.,Falls precautions in place; see incident log.,0,approved,,,2026-10-08 07:34:04
827,RES003,2026-05-01,Afternoon,R. Kowalski,Care Worker,Daily,Full assistance with washing and dressing,Anxious,Poor,952,,Yes,,No,Hand massage,Hand massage — declined.,Poor,Yes,,0,Increased supervision required for Ethel this afternoon. Full assistance with washing and dressing required full assistance from two staff; Ethel was unable to weight-bear reliably. Took 952 ml of fluids; ate poor at lunch and tea. anxious and restless. Remained in bed for most of the shift.,GP review requested. Family to be updated by the manager.,Escalated to senior carer; observations taken.,Falls precautions in place; see incident log.,0,approved,,,2026-10-08 07:34:04
828,RES003,2026-05-02,Night,A. Whitfield,Care Worker,Daily,Full assistance with washing and dressing,Agitated,Poor,1092,,Yes,,No,Craft table,Craft table — declined.,Poor,Yes,,0,Significant concerns for Ethel throughout the night. Full assistance with washing and dressing required full assistance from two staff; Ethel was unable to weight-bear reliably. Fluid intake recorded at 1092 ml. Appetite described as poor. Mood agitated throughout; calling out intermittently and difficult to reassure.,Falls risk discussed at handover; sensor mat in place and hourly checks agreed.,Escalated to senior carer; observations taken.,Falls precautions in place; see incident log.,0,approved,,,2026-10-08 07:34:04
829,RES003,2026-05-05,Morning,T. Nguyen,Care Worker,Daily,Full assistance with washing and dressing,Anxious,Poor,1106,,Yes,,No,Music session,Music session — declined.,Poor,Yes,,0,Ethel has had a poor morning and needed close support. Full assistance with washing and dressing completed with difficulty. Ethel was resistive at times and care was paused twice. 1106 ml of fluid encouraged across the shift; appetite poor. Very anxious. Attempted to mobilise unaided twice and required redirection.,GP review requested. Family to be updated by the manager.,Escalated to senior carer; observations taken.,Falls precautions in place; see incident log.,0,approved,,,2026-10-08 07:34:04
830,RES003,2026-05-06,Night,M. Nowak,Care Worker,Daily,Strip wash in bedroom,Confused,Poor,851,,Yes,,No,Hand massage,Hand massage — declined.,Poor,No,,0,"Significant concerns for Ethel throughout the night. Strip wash in bedroom with hoist assistance. Skin fragile, barrier cream applied. Fluids 851 ml over the night, poor appetite at meals. confused and restless. Remained in bed for most of the shift.",Falls risk discussed at handover; sensor mat in place and hourly checks agreed.,Escalated to senior carer; observations taken.,Falls precautions in place; see incident log.,0,approved,,,2026-10-08 07:34:04
831,RES003,2026-05-07,Afternoon,P. Sharma,Care Worker,Daily,Assisted shower,Agitated,Poor,1050,,Yes,,No,Craft table,Craft table — declined.,Poor,Yes,,0,"Increased supervision required for Ethel this afternoon. Assisted shower with hoist assistance. Skin fragile, barrier cream applied. Took 1050 ml of fluids; ate poor at lunch and tea. Very agitated. Attempted to mobilise unaided twice and required redirection.",Escalated to the senior on duty. Consider GP review if no improvement.,Escalated to senior carer; observations taken.,Falls precautions in place; see incident log.,0,approved,,,2026-10-08 07:34:04
832,RES003,2026-05-08,Night,T. Nguyen,Care Worker,Daily,Full wash at the sink,Agitated,Poor,876,,Yes,,No,Hand massage,Hand massage — declined.,Poor,No,,0,"Increased supervision required for Ethel this night. Full wash at the sink required full assistance from two staff; Ethel was unable to weight-bear reliably. Fluids 876 ml over the night, poor appetite at meals. agitated and restless. Remained in bed for most of the shift.",GP review requested. Family to be updated by the manager.,Escalated to senior carer; observations taken.,Falls precautions in place; see incident log.,0,approved,,,2026-10-08 07:34:04
833,RES003,2026-05-09,Afternoon,D. Osei,Care Worker,Daily,Full assistance with washing and dressing,Agitated,Poor,1210,,Yes,,No,Rested in room,Rested in room — declined.,Poor,No,,0,Significant concerns for Ethel throughout the afternoon. Full assistance with washing and dressing completed with difficulty. Ethel was resistive at times and care was paused twice. Fluid intake recorded at 1210 ml. Appetite described as poor. agitated and restless. Remained in bed for most of the shift.,GP review requested. Family to be updated by the manager.,Escalated to senior carer; observations taken.,Falls precautions in place; see incident log.,0,approved,,,2026-10-08 07:34:04
834,RES003,2026-05-10,Morning,T. Nguyen,Care Worker,Daily,Assisted shower,Agitated,Poor,1173,,Yes,,No,Craft table,Craft table — declined.,Poor,No,,0,Increased supervision required for Ethel this morning. Assisted shower required full assistance from two staff; Ethel was unable to weight-bear reliably. Fluid intake recorded at 1173 ml. Appetite described as poor. Mood agitated throughout; calling out intermittently and difficult to reassure.,GP review requested. Family to be updated by the manager.,Escalated to senior carer; observations taken.,Falls precautions in place; see incident log.,0,approved,,,2026-10-08 07:34:04
835,RES003,2026-05-12,Morning,S. Patel,Care Worker,Daily,Full wash at the sink,Confused,Poor,1030,,Yes,,No,Bingo in the lounge,Bingo in the lounge — declined.,Poor,No,,0,Increased supervision required for Ethel this morning. Full wash at the sink required full assistance from two staff; Ethel was unable to weight-bear reliably. Took 1030 ml of fluids; ate poor at lunch and tea. Mood confused throughout; calling out intermittently and difficult to reassure.,Falls risk discussed at handover; sensor mat in place and hourly checks agreed.,Escalated to senior carer; observations taken.,Falls precautions in place; see incident log.,0,approved,,,2026-10-08 07:34:04
836,RES003,2026-05-13,Night,J. Okafor,Care Worker,Daily,Assisted shower,Anxious,Poor,1216,,Yes,,No,Rested in room,Rested in room — declined.,Poor,Yes,,0,"Increased supervision required for Ethel this night. Assisted shower completed with difficulty. Ethel was resistive at times and care was paused twice. Fluids 1216 ml over the night, poor appetite at meals. anxious and restless. Remained in bed for most of the shift.",Falls risk discussed at handover; sensor mat in place and hourly checks agreed.,Escalated to senior carer; observations taken.,Falls precautions in place; see incident log.,0,approved,,,2026-10-08 07:34:04
837,RES003,2026-05-14,Morning,S. Patel,Care Worker,Daily,Supported wash with encouragement,Agitated,Poor,1148,,Yes,,No,Reminiscence group,Reminiscence group — declined.,Poor,Yes,,0,"Ethel has had a poor morning and needed close support. Supported wash with encouragement with hoist assistance. Skin fragile, barrier cream applied. Fluid intake recorded at 1148 ml. Appetite described as poor. agitated and restless. Remained in bed for most of the shift.",Falls risk discussed at handover; sensor mat in place and hourly checks agreed.,Escalated to senior carer; observations taken.,Falls precautions in place; see incident log.,0,approved,,,2026-10-08 07:34:04
838,RES003,2026-05-15,Afternoon,B. Mensah,Care Worker,Daily,Supported wash with encouragement,Low,Fair,1008,,Yes,,No,Craft table,Craft table — brief participation.,Disturbed,Yes,,0,A more difficult afternoon for Ethel. Supported wash with encouragement with two staff as Ethel was unsteady on transfer. Fluid intake recorded at 1008 ml. Appetite described as fair. Mood low at times; declined craft table and preferred to stay in her room.,Fluids to be encouraged on the next shift; keep under observation.,Fluids encouraged; senior carer made aware.,Monitor intake and mood.,0,approved,,,2026-10-08 07:34:04
839,RES003,2026-05-17,Afternoon,K. Adeyemi,Care Worker,Daily,Supported wash with encouragement,Low,Fair,1122,,Yes,,No,Music session,Music session — brief participation.,Disturbed,Yes,,0,Ethel needed more prompting than usual this afternoon. Supported wash with encouragement with two staff as Ethel was unsteady on transfer. Took 1122 ml of fluids; ate fair at lunch and tea. Mood low at times; declined music session and preferred to stay in her room.,Fluids to be encouraged on the next shift; keep under observation.,Fluids encouraged; senior carer made aware.,Monitor intake and mood.,0,approved,,,2026-10-08 07:34:04
840,RES003,2026-05-18,Morning,L. Ahmed,Care Worker,Daily,Supported wash with encouragement,Low,Fair,1111,,Yes,,No,Visiting singer,Visiting singer — brief participation.,Disturbed,No,,0,Ethel needed more prompting than usual this morning. Supported wash with encouragement completed but Ethel was reluctant and needed encouragement. Took 1111 ml of fluids; ate fair at lunch and tea. Mood low at times; declined visiting singer and preferred to stay in her room.,Monitor fluid intake and report any further decline to the senior on duty.,Fluids encouraged; senior carer made aware.,Monitor intake and mood.,0,approved,,,2026-10-08 07:34:04
841,RES003,2026-05-19,Night,P. Sharma,Care Worker,Daily,Assisted shower,Low,Fair,1157,,Yes,,No,Music session,Music session — brief participation.,Disturbed,No,,0,"Staff noted a change in Ethel over the night. Assisted shower with two staff as Ethel was unsteady on transfer. Fluids 1157 ml over the night, fair appetite at meals. Appeared low; needed reassurance on several occasions.",Monitor fluid intake and report any further decline to the senior on duty.,Fluids encouraged; senior carer made aware.,Monitor intake and mood.,0,approved,,,2026-10-08 07:34:04
842,RES003,2026-05-20,Morning,B. Mensah,Care Worker,Daily,Assisted shower,Low,Fair,1372,,Yes,,No,Music session,Music session — brief participation.,Disturbed,No,,0,"A more difficult morning for Ethel. Assisted shower completed but Ethel was reluctant and needed encouragement. Fluids 1372 ml over the morning, fair appetite at meals. Mood low at times; declined music session and preferred to stay in her room.",Please continue to observe closely; senior carer informed.,Fluids encouraged; senior carer made aware.,Monitor intake and mood.,0,approved,,,2026-10-08 07:34:04
843,RES003,2026-05-21,Afternoon,L. Ahmed,Care Worker,Daily,Full wash at the sink,Low,Fair,1141,,Yes,,No,Hand massage,Hand massage — brief participation.,Disturbed,No,,0,Staff noted a change in Ethel over the afternoon. Full wash at the sink completed but Ethel was reluctant and needed encouragement. 1141 ml of fluid encouraged across the shift; appetite fair. Mood low at times; declined hand massage and preferred to stay in her room.,Please continue to observe closely; senior carer informed.,Fluids encouraged; senior carer made aware.,Monitor intake and mood.,0,approved,,,2026-10-08 07:34:04
844,RES003,2026-05-22,Afternoon,B. Mensah,Care Worker,Daily,Assisted shower,Low,Fair,1158,,Yes,,No,Hand massage,Hand massage — brief participation.,Disturbed,Yes,,0,"A more difficult afternoon for Ethel. Assisted shower completed; slight redness noted to the sacrum, repositioning chart started. 1158 ml of fluid encouraged across the shift; appetite fair. Mood fluctuated and was largely low. Did not settle to hand massage.",Please continue to observe closely; senior carer informed.,Fluids encouraged; senior carer made aware.,Monitor intake and mood.,0,approved,,,2026-10-08 07:34:04
845,RES003,2026-05-23,Night,J. Okafor,Care Worker,Daily,Supported wash with encouragement,Low,Fair,1315,,Yes,,No,Armchair exercises,Armchair exercises — brief participation.,Disturbed,Yes,,0,A more difficult night for Ethel. Supported wash with encouragement with two staff as Ethel was unsteady on transfer. Fluid intake recorded at 1315 ml. Appetite described as fair. Appeared low; needed reassurance on several occasions.,Please continue to observe closely; senior carer informed.,Fluids encouraged; senior carer made aware.,Monitor intake and mood.,0,approved,,,2026-10-08 07:34:04
846,RES003,2026-05-25,Morning,R. Kowalski,Care Worker,Daily,Full assistance with washing and dressing,Low,Fair,1300,,Yes,,No,Garden walk with staff,Garden walk with staff — brief participation.,Disturbed,No,,0,"Ethel needed more prompting than usual this morning. Full assistance with washing and dressing completed; slight redness noted to the sacrum, repositioning chart started. 1300 ml of fluid encouraged across the shift; appetite fair. Mood low at times; declined garden walk with staff and preferred to stay in her room.",Fluids to be encouraged on the next shift; keep under observation.,Fluids encouraged; senior carer made aware.,Monitor intake and mood.,0,approved,,,2026-10-08 07:34:04
847,RES003,2026-05-26,Night,C. Fernandes,Care Worker,Daily,Full wash at the sink,Low,Fair,1362,,Yes,,No,Rested in room,Rested in room — brief participation.,Disturbed,No,,0,"A more difficult night for Ethel. Full wash at the sink with two staff as Ethel was unsteady on transfer. Fluids 1362 ml over the night, fair appetite at meals. Appeared low; needed reassurance on several occasions.",Monitor fluid intake and report any further decline to the senior on duty.,Fluids encouraged; senior carer made aware.,Monitor intake and mood.,0,approved,,,2026-10-08 07:34:04
848,RES003,2026-05-27,Night,P. Sharma,Care Worker,Daily,Supported wash with encouragement,Low,Fair,1263,,Yes,,No,Music session,Music session — brief participation.,Disturbed,No,,0,A more difficult night for Ethel. Supported wash with encouragement with two staff as Ethel was unsteady on transfer. 1263 ml of fluid encouraged across the shift; appetite fair. Mood low at times; declined music session and preferred to stay in her room.,Monitor fluid intake and report any further decline to the senior on duty.,Fluids encouraged; senior carer made aware.,Monitor intake and mood.,0,approved,,,2026-10-08 07:34:04
849,RES003,2026-05-28,Night,A. Whitfield,Care Worker,Daily,Assisted shower,Low,Fair,1401,,Yes,,No,One-to-one chat,One-to-one chat — brief participation.,Disturbed,No,,0,Ethel needed more prompting than usual this night. Assisted shower with two staff as Ethel was unsteady on transfer. Took 1401 ml of fluids; ate fair at lunch and tea. Mood low at times; declined one-to-one chat and preferred to stay in her room.,Please continue to observe closely; senior carer informed.,Fluids encouraged; senior carer made aware.,Monitor intake and mood.,0,approved,,,2026-10-08 07:34:04
850,RES003,2026-05-29,Afternoon,C. Fernandes,Care Worker,Daily,Full assistance with washing and dressing,Low,Fair,1222,,Yes,,No,Music session,Music session — brief participation.,Disturbed,No,,0,A more difficult afternoon for Ethel. Full assistance with washing and dressing completed but Ethel was reluctant and needed encouragement. 1222 ml of fluid encouraged across the shift; appetite fair. Mood low at times; declined music session and preferred to stay in her room.,Fluids to be encouraged on the next shift; keep under observation.,Fluids encouraged; senior carer made aware.,Monitor intake and mood.,0,approved,,,2026-10-08 07:34:04
851,RES003,2026-05-30,Morning,B. Mensah,Care Worker,Daily,Full wash at the sink,Low,Fair,1184,,Yes,,No,Reminiscence group,Reminiscence group — brief participation.,Disturbed,No,,0,Ethel has been less settled this morning. Full wash at the sink with two staff as Ethel was unsteady on transfer. Fluid intake recorded at 1184 ml. Appetite described as fair. Mood low at times; declined reminiscence group and preferred to stay in her room.,Please continue to observe closely; senior carer informed.,Fluids encouraged; senior carer made aware.,Monitor intake and mood.,0,approved,,,2026-10-08 07:34:04
852,RES003,2026-05-31,Morning,T. Nguyen,Care Worker,Daily,Full assistance with washing and dressing,Low,Fair,1143,,Yes,,No,Armchair exercises,Armchair exercises — brief participation.,Disturbed,No,,0,Ethel has been less settled this morning. Full assistance with washing and dressing completed but Ethel was reluctant and needed encouragement. 1143 ml of fluid encouraged across the shift; appetite fair. Mood low at times; declined armchair exercises and preferred to stay in her room.,Fluids to be encouraged on the next shift; keep under observation.,Fluids encouraged; senior carer made aware.,Monitor intake and mood.,0,approved,,,2026-10-08 07:34:04
853,RES003,2026-06-01,Morning,B. Mensah,Care Worker,Daily,Full assistance with washing and dressing,Low,Fair,1104,,Yes,,No,Armchair exercises,Armchair exercises — brief participation.,Disturbed,No,,0,"Ethel has been less settled this morning. Full assistance with washing and dressing completed but Ethel was reluctant and needed encouragement. Fluids 1104 ml over the morning, fair appetite at meals. Mood low at times; declined armchair exercises and preferred to stay in her room.",Monitor fluid intake and report any further decline to the senior on duty.,Fluids encouraged; senior carer made aware.,Monitor intake and mood.,0,approved,,,2026-10-08 07:34:04
854,RES003,2026-06-04,Morning,C. Fernandes,Care Worker,Daily,Strip wash in bedroom,Low,Fair,1084,,Yes,,No,One-to-one chat,One-to-one chat — brief participation.,Disturbed,No,,0,Staff noted a change in Ethel over the morning. Strip wash in bedroom with two staff as Ethel was unsteady on transfer. Fluid intake recorded at 1084 ml. Appetite described as fair. Mood low at times; declined one-to-one chat and preferred to stay in her room.,Fluids to be encouraged on the next shift; keep under observation.,Fluids encouraged; senior carer made aware.,Monitor intake and mood.,0,approved,,,2026-10-08 07:34:04
855,RES003,2026-06-06,Night,B. Mensah,Care Worker,Daily,Full assistance with washing and dressing,Agitated,Poor,1078,,Yes,,No,Reminiscence group,Reminiscence group — declined.,Poor,No,,0,"Ethel has had a poor night and needed close support. Full assistance with washing and dressing completed with difficulty. Ethel was resistive at times and care was paused twice. Fluids 1078 ml over the night, poor appetite at meals. Mood agitated throughout; calling out intermittently and difficult to reassure.",Escalated to the senior on duty. Consider GP review if no improvement.,Escalated to senior carer; observations taken.,Falls precautions in place; see incident log.,0,approved,,,2026-10-08 07:34:04
856,RES003,2026-06-07,Afternoon,S. Patel,Care Worker,Daily,Supported wash with encouragement,Anxious,Poor,1098,,Yes,,No,Bingo in the lounge,Bingo in the lounge — declined.,Poor,Yes,,0,"Ethel was noticeably unwell during the afternoon. Supported wash with encouragement with hoist assistance. Skin fragile, barrier cream applied. Took 1098 ml of fluids; ate poor at lunch and tea. Very anxious. Attempted to mobilise unaided twice and required redirection.",Escalated to the senior on duty. Consider GP review if no improvement.,Escalated to senior carer; observations taken.,Falls precautions in place; see incident log.,0,approved,,,2026-10-08 07:34:04
857,RES003,2026-06-09,Night,B. Mensah,Care Worker,Daily,Assisted shower,Confused,Poor,1252,,Yes,,No,Reminiscence group,Reminiscence group — declined.,Poor,No,,0,Increased supervision required for Ethel this night. Assisted shower completed with difficulty. Ethel was resistive at times and care was paused twice. Took 1252 ml of fluids; ate poor at lunch and tea. Mood confused throughout; calling out intermittently and difficult to reassure.,GP review requested. Family to be updated by the manager.,Escalated to senior carer; observations taken.,Falls precautions in place; see incident log.,0,approved,,,2026-10-08 07:34:04
858,RES003,2026-06-10,Night,A. Whitfield,Care Worker,Daily,Strip wash in bedroom,Confused,Poor,1123,,Yes,,No,Newspaper reading,Newspaper reading — declined.,Poor,No,,0,Increased supervision required for Ethel this night. Strip wash in bedroom required full assistance from two staff; Ethel was unable to weight-bear reliably. Fluid intake recorded at 1123 ml. Appetite described as poor. Very confused. Attempted to mobilise unaided twice and required redirection.,Escalated to the senior on duty. Consider GP review if no improvement.,Escalated to senior carer; observations taken.,Falls precautions in place; see incident log.,0,approved,,,2026-10-08 07:34:04
859,RES003,2026-06-11,Afternoon,A. Whitfield,Care Worker,Daily,Full wash at the sink,Confused,Poor,899,,Yes,,No,Rested in room,Rested in room — declined.,Poor,No,,0,Ethel has had a poor afternoon and needed close support. Full wash at the sink required full assistance from two staff; Ethel was unable to weight-bear reliably. 899 ml of fluid encouraged across the shift; appetite poor. Very confused. Attempted to mobilise unaided twice and required redirection.,Escalated to the senior on duty. Consider GP review if no improvement.,Escalated to senior carer; observations taken.,Falls precautions in place; see incident log.,0,approved,,,2026-10-08 07:34:04
860,RES003,2026-06-12,Night,M. Nowak,Care Worker,Daily,Full assistance with washing and dressing,Anxious,Poor,898,,Yes,,No,Newspaper reading,Newspaper reading — declined.,Poor,Yes,,0,Ethel was noticeably unwell during the night. Full assistance with washing and dressing completed with difficulty. Ethel was resistive at times and care was paused twice. Took 898 ml of fluids; ate poor at lunch and tea. anxious and restless. Remained in bed for most of the shift.,GP review requested. Family to be updated by the manager.,Escalated to senior carer; observations taken.,Falls precautions in place; see incident log.,0,approved,,,2026-10-08 07:34:04
861,RES003,2026-06-13,Night,S. Patel,Care Worker,Daily,Supported wash with encouragement,Anxious,Poor,1080,,Yes,,No,Armchair exercises,Armchair exercises — declined.,Poor,Yes,,0,Ethel was noticeably unwell during the night. Supported wash with encouragement completed with difficulty. Ethel was resistive at times and care was paused twice. Took 1080 ml of fluids; ate poor at lunch and tea. Mood anxious throughout; calling out intermittently and difficult to reassure.,Falls risk discussed at handover; sensor mat in place and hourly checks agreed.,Escalated to senior carer; observations taken.,Falls precautions in place; see incident log.,0,approved,,,2026-10-08 07:34:04
862,RES003,2026-06-14,Morning,J. Okafor,Care Worker,Daily,Strip wash in bedroom,Agitated,Poor,825,,Yes,,No,Rested in room,Rested in room — declined.,Poor,No,,0,"Significant concerns for Ethel throughout the morning. Strip wash in bedroom with hoist assistance. Skin fragile, barrier cream applied. Took 825 ml of fluids; ate poor at lunch and tea. Very agitated. Attempted to mobilise unaided twice and required redirection.",Falls risk discussed at handover; sensor mat in place and hourly checks agreed.,Escalated to senior carer; observations taken.,Falls precautions in place; see incident log.,0,approved,,,2026-10-08 07:34:04
863,RES003,2026-06-15,Night,J. Okafor,Care Worker,Daily,Strip wash in bedroom,Agitated,Poor,871,,Yes,,No,Hand massage,Hand massage — declined.,Poor,Yes,,0,Ethel was noticeably unwell during the night. Strip wash in bedroom required full assistance from two staff; Ethel was unable to weight-bear reliably. 871 ml of fluid encouraged across the shift; appetite poor. Mood agitated throughout; calling out intermittently and difficult to reassure.,GP review requested. Family to be updated by the manager.,Escalated to senior carer; observations taken.,Falls precautions in place; see incident log.,0,approved,,,2026-10-08 07:34:04
864,RES003,2026-06-16,Morning,B. Mensah,Care Worker,Daily,Full wash at the sink,Confused,Poor,1032,,Yes,,No,Music session,Music session — declined.,Poor,Yes,,0,Ethel was noticeably unwell during the morning. Full wash at the sink completed with difficulty. Ethel was resistive at times and care was paused twice. 1032 ml of fluid encouraged across the shift; appetite poor. Very confused. Attempted to mobilise unaided twice and required redirection.,Escalated to the senior on duty. Consider GP review if no improvement.,Escalated to senior carer; observations taken.,Falls precautions in place; see incident log.,0,approved,,,2026-10-08 07:34:04
865,RES003,2026-06-17,Morning,J. Okafor,Care Worker,Daily,Bed bath,Agitated,Poor,1029,,Yes,,No,Music session,Music session — declined.,Poor,Yes,,0,Significant concerns for Ethel throughout the morning. Bed bath required full assistance from two staff; Ethel was unable to weight-bear reliably. Fluid intake recorded at 1029 ml. Appetite described as poor. Mood agitated throughout; calling out intermittently and difficult to reassure.,Falls risk discussed at handover; sensor mat in place and hourly checks agreed.,Escalated to senior carer; observations taken.,Falls precautions in place; see incident log.,0,approved,,,2026-10-08 07:34:04
866,RES003,2026-06-18,Night,T. Nguyen,Care Worker,Daily,Supported wash with encouragement,Agitated,Poor,830,,Yes,,No,Craft table,Craft table — declined.,Poor,Yes,,0,"Ethel has had a poor night and needed close support. Supported wash with encouragement with hoist assistance. Skin fragile, barrier cream applied. 830 ml of fluid encouraged across the shift; appetite poor. Very agitated. Attempted to mobilise unaided twice and required redirection.",GP review requested. Family to be updated by the manager.,Escalated to senior carer; observations taken.,Falls precautions in place; see incident log.,0,approved,,,2026-10-08 07:34:04
867,RES003,2026-06-19,Night,A. Whitfield,Care Worker,Daily,Full assistance with washing and dressing,Agitated,Poor,1099,,Yes,,No,Newspaper reading,Newspaper reading — declined.,Poor,No,,0,Significant concerns for Ethel throughout the night. Full assistance with washing and dressing required full assistance from two staff; Ethel was unable to weight-bear reliably. Fluid intake recorded at 1099 ml. Appetite described as poor. Very agitated. Attempted to mobilise unaided twice and required redirection.,Escalated to the senior on duty. Consider GP review if no improvement.,Escalated to senior carer; observations taken.,Falls precautions in place; see incident log.,0,approved,,,2026-10-08 07:34:04
868,RES003,2026-06-20,Afternoon,D. Osei,Care Worker,Daily,Strip wash in bedroom,Agitated,Poor,856,,Yes,,No,Reminiscence group,Reminiscence group — declined.,Poor,No,,0,"Ethel has had a poor afternoon and needed close support. Strip wash in bedroom required full assistance from two staff; Ethel was unable to weight-bear reliably. Fluids 856 ml over the afternoon, poor appetite at meals. Very agitated. Attempted to mobilise unaided twice and required redirection.",GP review requested. Family to be updated by the manager.,Escalated to senior carer; observations taken.,Falls precautions in place; see incident log.,0,approved,,,2026-10-08 07:34:04
869,RES003,2026-06-21,Morning,C. Fernandes,Care Worker,Daily,Full assistance with washing and dressing,Agitated,Poor,959,,Yes,,No,Armchair exercises,Armchair exercises — declined.,Poor,No,,0,"Significant concerns for Ethel throughout the morning. Full assistance with washing and dressing with hoist assistance. Skin fragile, barrier cream applied. 959 ml of fluid encouraged across the shift; appetite poor. Very agitated. Attempted to mobilise unaided twice and required redirection.",Escalated to the senior on duty. Consider GP review if no improvement.,Escalated to senior carer; observations taken.,Falls precautions in place; see incident log.,0,approved,,,2026-10-08 07:34:04
870,RES003,2026-06-22,Morning,S. Patel,Care Worker,Daily,Assisted shower,Confused,Poor,1160,,Yes,,No,One-to-one chat,One-to-one chat — declined.,Poor,No,,0,"Increased supervision required for Ethel this morning. Assisted shower completed with difficulty. Ethel was resistive at times and care was paused twice. Fluids 1160 ml over the morning, poor appetite at meals. confused and restless. Remained in bed for most of the shift.",GP review requested. Family to be updated by the manager.,Escalated to senior carer; observations taken.,Falls precautions in place; see incident log.,0,approved,,,2026-10-08 07:34:04
871,RES003,2026-06-23,Afternoon,R. Kowalski,Care Worker,Daily,Assisted shower,Anxious,Poor,1054,,Yes,,No,One-to-one chat,One-to-one chat — declined.,Poor,No,,0,"Significant concerns for Ethel throughout the afternoon. Assisted shower completed with difficulty. Ethel was resistive at times and care was paused twice. Fluids 1054 ml over the afternoon, poor appetite at meals. Mood anxious throughout; calling out intermittently and difficult to reassure.",GP review requested. Family to be updated by the manager.,Escalated to senior carer; observations taken.,Falls precautions in place; see incident log.,0,approved,,,2026-10-08 07:34:04
872,RES003,2026-06-24,Night,K. Adeyemi,Care Worker,Daily,Bed bath,Confused,Poor,1037,,Yes,,No,Bingo in the lounge,Bingo in the lounge — declined.,Poor,Yes,,0,"Significant concerns for Ethel throughout the night. Bed bath with hoist assistance. Skin fragile, barrier cream applied. Fluids 1037 ml over the night, poor appetite at meals. Very confused. Attempted to mobilise unaided twice and required redirection.",GP review requested. Family to be updated by the manager.,Escalated to senior carer; observations taken.,Falls precautions in place; see incident log.,0,approved,,,2026-10-08 07:34:04
873,RES003,2026-06-25,Night,M. Nowak,Care Worker,Daily,Full assistance with washing and dressing,Agitated,Poor,1079,,Yes,,No,Visiting singer,Visiting singer — declined.,Poor,Yes,,0,"Significant concerns for Ethel throughout the night. Full assistance with washing and dressing with hoist assistance. Skin fragile, barrier cream applied. Fluid intake recorded at 1079 ml. Appetite described as poor. agitated and restless. Remained in bed for most of the shift.",Falls risk discussed at handover; sensor mat in place and hourly checks agreed.,Escalated to senior carer; observations taken.,Falls precautions in place; see incident log.,0,approved,,,2026-10-08 07:34:04
874,RES003,2026-06-26,Morning,T. Nguyen,Care Worker,Daily,Strip wash in bedroom,Agitated,Poor,1130,,Yes,,No,Armchair exercises,Armchair exercises — declined.,Poor,Yes,,0,"Significant concerns for Ethel throughout the morning. Strip wash in bedroom required full assistance from two staff; Ethel was unable to weight-bear reliably. Fluids 1130 ml over the morning, poor appetite at meals. Very agitated. Attempted to mobilise unaided twice and required redirection.",Falls risk discussed at handover; sensor mat in place and hourly checks agreed.,Escalated to senior carer; observations taken.,Falls precautions in place; see incident log.,0,approved,,,2026-10-08 07:34:04
875,RES003,2026-06-27,Night,S. Patel,Care Worker,Daily,Bed bath,Agitated,Poor,1182,,Yes,,No,Visiting singer,Visiting singer — declined.,Poor,No,,0,Significant concerns for Ethel throughout the night. Bed bath required full assistance from two staff; Ethel was unable to weight-bear reliably. Took 1182 ml of fluids; ate poor at lunch and tea. agitated and restless. Remained in bed for most of the shift.,Falls risk discussed at handover; sensor mat in place and hourly checks agreed.,Escalated to senior carer; observations taken.,Falls precautions in place; see incident log.,0,approved,,,2026-10-08 07:34:04
876,RES003,2026-06-28,Night,S. Patel,Care Worker,Daily,Assisted shower,Agitated,Poor,1224,,Yes,,No,Music session,Music session — declined.,Poor,Yes,,0,Increased supervision required for Ethel this night. Assisted shower required full assistance from two staff; Ethel was unable to weight-bear reliably. Took 1224 ml of fluids; ate poor at lunch and tea. Mood agitated throughout; calling out intermittently and difficult to reassure.,Escalated to the senior on duty. Consider GP review if no improvement.,Escalated to senior carer; observations taken.,Falls precautions in place; see incident log.,0,approved,,,2026-10-08 07:34:04
877,RES003,2026-06-29,Morning,L. Ahmed,Care Worker,Daily,Bed bath,Low,Fair,1191,,Yes,,No,One-to-one chat,One-to-one chat — brief participation.,Disturbed,Yes,,0,"A more difficult morning for Ethel. Bed bath completed; slight redness noted to the sacrum, repositioning chart started. Fluids 1191 ml over the morning, fair appetite at meals. Mood low at times; declined one-to-one chat and preferred to stay in her room.",Fluids to be encouraged on the next shift; keep under observation.,Fluids encouraged; senior carer made aware.,Monitor intake and mood.,0,approved,,,2026-10-08 07:34:04
878,RES003,2026-06-30,Morning,J. Okafor,Care Worker,Daily,Strip wash in bedroom,Low,Fair,1152,,Yes,,No,Newspaper reading,Newspaper reading — brief participation.,Disturbed,Yes,,0,A more difficult morning for Ethel. Strip wash in bedroom with two staff as Ethel was unsteady on transfer. Fluid intake recorded at 1152 ml. Appetite described as fair. Appeared low; needed reassurance on several occasions.,Fluids to be encouraged on the next shift; keep under observation.,Fluids encouraged; senior carer made aware.,Monitor intake and mood.,0,approved,,,2026-10-08 07:34:04
879,RES003,2026-07-01,Afternoon,B. Mensah,Care Worker,Daily,Bed bath,Low,Fair,1283,,Yes,,No,Bingo in the lounge,Bingo in the lounge — brief participation.,Disturbed,No,,0,A more difficult afternoon for Ethel. Bed bath with two staff as Ethel was unsteady on transfer. 1283 ml of fluid encouraged across the shift; appetite fair. Appeared low; needed reassurance on several occasions.,Monitor fluid intake and report any further decline to the senior on duty.,Fluids encouraged; senior carer made aware.,Monitor intake and mood.,0,approved,,,2026-10-08 07:34:04
880,RES003,2026-07-02,Afternoon,A. Whitfield,Care Worker,Daily,Assisted shower,Low,Fair,1226,,Yes,,No,Music session,Music session — brief participation.,Disturbed,No,,0,Ethel needed more prompting than usual this afternoon. Assisted shower completed but Ethel was reluctant and needed encouragement. Took 1226 ml of fluids; ate fair at lunch and tea. Mood low at times; declined music session and preferred to stay in her room.,Please continue to observe closely; senior carer informed.,Fluids encouraged; senior carer made aware.,Monitor intake and mood.,0,approved,,,2026-10-08 07:34:04
881,RES003,2026-07-04,Night,T. Nguyen,Care Worker,Daily,Assisted shower,Low,Fair,1177,,Yes,,No,Armchair exercises,Armchair exercises — brief participation.,Disturbed,Yes,,0,"Ethel needed more prompting than usual this night. Assisted shower completed; slight redness noted to the sacrum, repositioning chart started. 1177 ml of fluid encouraged across the shift; appetite fair. Mood low at times; declined armchair exercises and preferred to stay in her room.",Please continue to observe closely; senior carer informed.,Fluids encouraged; senior carer made aware.,Monitor intake and mood.,0,approved,,,2026-10-08 07:34:04
882,RES003,2026-07-05,Night,L. Ahmed,Care Worker,Daily,Supported wash with encouragement,Low,Fair,1439,,Yes,,No,Garden walk with staff,Garden walk with staff — brief participation.,Disturbed,No,,0,"A more difficult night for Ethel. Supported wash with encouragement completed; slight redness noted to the sacrum, repositioning chart started. Fluid intake recorded at 1439 ml. Appetite described as fair. Mood fluctuated and was largely low. Did not settle to garden walk with staff.",Monitor fluid intake and report any further decline to the senior on duty.,Fluids encouraged; senior carer made aware.,Monitor intake and mood.,0,approved,,,2026-10-08 07:34:04
883,RES003,2026-07-06,Night,M. Nowak,Care Worker,Daily,Bed bath,Low,Fair,1097,,Yes,,No,Garden walk with staff,Garden walk with staff — brief participation.,Disturbed,No,,0,"Ethel needed more prompting than usual this night. Bed bath completed; slight redness noted to the sacrum, repositioning chart started. Took 1097 ml of fluids; ate fair at lunch and tea. Appeared low; needed reassurance on several occasions.",Fluids to be encouraged on the next shift; keep under observation.,Fluids encouraged; senior carer made aware.,Monitor intake and mood.,0,approved,,,2026-10-08 07:34:04
884,RES003,2026-07-07,Afternoon,D. Osei,Care Worker,Daily,Assisted shower,Low,Fair,1343,,Yes,,No,Visiting singer,Visiting singer — brief participation.,Disturbed,Yes,,0,"Ethel needed more prompting than usual this afternoon. Assisted shower completed; slight redness noted to the sacrum, repositioning chart started. Fluid intake recorded at 1343 ml. Appetite described as fair. Mood fluctuated and was largely low. Did not settle to visiting singer.",Fluids to be encouraged on the next shift; keep under observation.,Fluids encouraged; senior carer made aware.,Monitor intake and mood.,0,approved,,,2026-10-08 07:34:04
885,RES003,2026-07-08,Morning,R. Kowalski,Care Worker,Daily,Assisted shower,Low,Fair,1229,,Yes,,No,Newspaper reading,Newspaper reading — brief participation.,Disturbed,No,,0,"Staff noted a change in Ethel over the morning. Assisted shower completed; slight redness noted to the sacrum, repositioning chart started. Fluid intake recorded at 1229 ml. Appetite described as fair. Mood fluctuated and was largely low. Did not settle to newspaper reading.",Please continue to observe closely; senior carer informed.,Fluids encouraged; senior carer made aware.,Monitor intake and mood.,0,approved,,,2026-10-08 07:34:04
886,RES003,2026-07-09,Afternoon,B. Mensah,Care Worker,Daily,Strip wash in bedroom,Low,Fair,1483,,Yes,,No,Bingo in the lounge,Bingo in the lounge — brief participation.,Disturbed,No,,0,Ethel needed more prompting than usual this afternoon. Strip wash in bedroom with two staff as Ethel was unsteady on transfer. Fluid intake recorded at 1483 ml. Appetite described as fair. Mood low at times; declined bingo in the lounge and preferred to stay in her room.,Please continue to observe closely; senior carer informed.,Fluids encouraged; senior carer made aware.,Monitor intake and mood.,0,approved,,,2026-10-08 07:34:04
887,RES003,2026-07-10,Night,P. Sharma,Care Worker,Daily,Strip wash in bedroom,Low,Fair,1490,,Yes,,No,One-to-one chat,One-to-one chat — brief participation.,Disturbed,Yes,,0,"Ethel has been less settled this night. Strip wash in bedroom completed; slight redness noted to the sacrum, repositioning chart started. Fluids 1490 ml over the night, fair appetite at meals. Mood fluctuated and was largely low. Did not settle to one-to-one chat.",Please continue to observe closely; senior carer informed.,Fluids encouraged; senior carer made aware.,Monitor intake and mood.,0,approved,,,2026-10-08 07:34:04
888,RES003,2026-07-11,Night,B. Mensah,Care Worker,Daily,Full wash at the sink,Low,Fair,1549,,Yes,,No,Hand massage,Hand massage — brief participation.,Disturbed,No,,0,"A more difficult night for Ethel. Full wash at the sink completed; slight redness noted to the sacrum, repositioning chart started. 1549 ml of fluid encouraged across the shift; appetite fair. Mood fluctuated and was largely low. Did not settle to hand massage.",Monitor fluid intake and report any further decline to the senior on duty.,Fluids encouraged; senior carer made aware.,Monitor intake and mood.,0,approved,,,2026-10-08 07:34:04
889,RES003,2026-07-12,Morning,C. Fernandes,Care Worker,Daily,Bed bath,Low,Fair,1313,,Yes,,No,Newspaper reading,Newspaper reading — brief participation.,Disturbed,No,,0,"Ethel has been less settled this morning. Bed bath completed; slight redness noted to the sacrum, repositioning chart started. Fluid intake recorded at 1313 ml. Appetite described as fair. Mood low at times; declined newspaper reading and preferred to stay in her room.",Monitor fluid intake and report any further decline to the senior on duty.,Fluids encouraged; senior carer made aware.,Monitor intake and mood.,0,approved,,,2026-10-08 07:34:04
890,RES003,2026-07-13,Morning,J. Okafor,Care Worker,Daily,Full assistance with washing and dressing,Low,Fair,1394,,Yes,,No,Music session,Music session — brief participation.,Disturbed,Yes,,0,Ethel needed more prompting than usual this morning. Full assistance with washing and dressing completed but Ethel was reluctant and needed encouragement. Took 1394 ml of fluids; ate fair at lunch and tea. Mood low at times; declined music session and preferred to stay in her room.,Please continue to observe closely; senior carer informed.,Fluids encouraged; senior carer made aware.,Monitor intake and mood.,0,approved,,,2026-10-08 07:34:04
891,RES003,2026-07-14,Afternoon,M. Nowak,Care Worker,Daily,Full wash at the sink,Low,Fair,1387,,Yes,,No,Garden walk with staff,Garden walk with staff — brief participation.,Disturbed,Yes,,0,"Ethel needed more prompting than usual this afternoon. Full wash at the sink completed; slight redness noted to the sacrum, repositioning chart started. Took 1387 ml of fluids; ate fair at lunch and tea. Appeared low; needed reassurance on several occasions.",Monitor fluid intake and report any further decline to the senior on duty.,Fluids encouraged; senior carer made aware.,Monitor intake and mood.,0,approved,,,2026-10-08 07:34:04
892,RES003,2026-07-15,Afternoon,R. Kowalski,Care Worker,Daily,Assisted shower,Low,Fair,1457,,Yes,,No,Hand massage,Hand massage — brief participation.,Disturbed,No,,0,A more difficult afternoon for Ethel. Assisted shower completed but Ethel was reluctant and needed encouragement. Fluid intake recorded at 1457 ml. Appetite described as fair. Mood fluctuated and was largely low. Did not settle to hand massage.,Please continue to observe closely; senior carer informed.,Fluids encouraged; senior carer made aware.,Monitor intake and mood.,0,approved,,,2026-10-08 07:34:04
893,RES003,2026-07-16,Night,B. Mensah,Care Worker,Daily,Strip wash in bedroom,Low,Fair,1366,,Yes,,No,Rested in room,Rested in room — brief participation.,Disturbed,Yes,,0,"Staff noted a change in Ethel over the night. Strip wash in bedroom with two staff as Ethel was unsteady on transfer. Fluids 1366 ml over the night, fair appetite at meals. Mood low at times; declined rested in room and preferred to stay in her room.",Fluids to be encouraged on the next shift; keep under observation.,Fluids encouraged; senior carer made aware.,Monitor intake and mood.,0,approved,,,2026-10-08 07:34:04
894,RES003,2026-07-17,Night,A. Whitfield,Care Worker,Daily,Bed bath,Low,Fair,1277,,Yes,,No,Bingo in the lounge,Bingo in the lounge — brief participation.,Disturbed,No,,0,Ethel has been less settled this night. Bed bath completed but Ethel was reluctant and needed encouragement. Fluid intake recorded at 1277 ml. Appetite described as fair. Mood fluctuated and was largely low. Did not settle to bingo in the lounge.,Monitor fluid intake and report any further decline to the senior on duty.,Fluids encouraged; senior carer made aware.,Monitor intake and mood.,0,approved,,,2026-10-08 07:34:04
895,RES003,2026-07-18,Afternoon,A. Whitfield,Care Worker,Daily,Full assistance with washing and dressing,Low,Fair,1283,,Yes,,No,Bingo in the lounge,Bingo in the lounge — brief participation.,Disturbed,No,,0,Ethel has been less settled this afternoon. Full assistance with washing and dressing completed but Ethel was reluctant and needed encouragement. Took 1283 ml of fluids; ate fair at lunch and tea. Appeared low; needed reassurance on several occasions.,Please continue to observe closely; senior carer informed.,Fluids encouraged; senior carer made aware.,Monitor intake and mood.,0,approved,,,2026-10-08 07:34:04
896,RES003,2026-07-19,Afternoon,L. Ahmed,Care Worker,Daily,Full assistance with washing and dressing,Low,Fair,1455,,Yes,,No,Newspaper reading,Newspaper reading — brief participation.,Disturbed,Yes,,0,"Ethel needed more prompting than usual this afternoon. Full assistance with washing and dressing completed but Ethel was reluctant and needed encouragement. Fluids 1455 ml over the afternoon, fair appetite at meals. Mood fluctuated and was largely low. Did not settle to newspaper reading.",Monitor fluid intake and report any further decline to the senior on duty.,Fluids encouraged; senior carer made aware.,Monitor intake and mood.,0,approved,,,2026-10-08 07:34:04
897,RES003,2026-07-21,Night,T. Nguyen,Care Worker,Daily,Strip wash in bedroom,Low,Fair,1263,,Yes,,No,Hand massage,Hand massage — brief participation.,Disturbed,No,,0,Ethel needed more prompting than usual this night. Strip wash in bedroom with two staff as Ethel was unsteady on transfer. Fluid intake recorded at 1263 ml. Appetite described as fair. Mood low at times; declined hand massage and preferred to stay in her room.,Fluids to be encouraged on the next shift; keep under observation.,Fluids encouraged; senior carer made aware.,Monitor intake and mood.,0,approved,,,2026-10-08 07:34:04
898,RES003,2026-07-22,Morning,B. Mensah,Care Worker,Daily,Supported wash with encouragement,Low,Fair,1546,,Yes,,No,Craft table,Craft table — brief participation.,Disturbed,Yes,,0,Ethel needed more prompting than usual this morning. Supported wash with encouragement completed but Ethel was reluctant and needed encouragement. Took 1546 ml of fluids; ate fair at lunch and tea. Mood fluctuated and was largely low. Did not settle to craft table.,Monitor fluid intake and report any further decline to the senior on duty.,Fluids encouraged; senior carer made aware.,Monitor intake and mood.,0,approved,,,2026-10-08 07:34:04
899,RES003,2026-07-23,Night,T. Nguyen,Care Worker,Daily,Assisted shower,Low,Fair,1377,,Yes,,No,Hand massage,Hand massage — brief participation.,Disturbed,No,,0,Ethel needed more prompting than usual this night. Assisted shower with two staff as Ethel was unsteady on transfer. Took 1377 ml of fluids; ate fair at lunch and tea. Mood fluctuated and was largely low. Did not settle to hand massage.,Monitor fluid intake and report any further decline to the senior on duty.,Fluids encouraged; senior carer made aware.,Monitor intake and mood.,0,approved,,,2026-10-08 07:34:04
900,RES003,2026-07-24,Morning,L. Ahmed,Care Worker,Daily,Strip wash in bedroom,Low,Fair,1447,,Yes,,No,Rested in room,Rested in room — brief participation.,Disturbed,Yes,,0,"Ethel needed more prompting than usual this morning. Strip wash in bedroom completed; slight redness noted to the sacrum, repositioning chart started. Took 1447 ml of fluids; ate fair at lunch and tea. Mood fluctuated and was largely low. Did not settle to rested in room.",Please continue to observe closely; senior carer informed.,Fluids encouraged; senior carer made aware.,Monitor intake and mood.,0,approved,,,2026-10-08 07:34:04
901,RES003,2026-07-25,Afternoon,K. Adeyemi,Care Worker,Daily,Bed bath,Low,Fair,1284,,Yes,,No,Craft table,Craft table — brief participation.,Disturbed,No,,0,"Ethel needed more prompting than usual this afternoon. Bed bath completed; slight redness noted to the sacrum, repositioning chart started. 1284 ml of fluid encouraged across the shift; appetite fair. Appeared low; needed reassurance on several occasions.",Please continue to observe closely; senior carer informed.,Fluids encouraged; senior carer made aware.,Monitor intake and mood.,0,approved,,,2026-10-08 07:34:04
902,RES003,2026-07-26,Morning,D. Osei,Care Worker,Daily,Bed bath,Low,Fair,1264,,Yes,,No,Visiting singer,Visiting singer — brief participation.,Disturbed,No,,0,Ethel has been less settled this morning. Bed bath with two staff as Ethel was unsteady on transfer. Fluid intake recorded at 1264 ml. Appetite described as fair. Mood fluctuated and was largely low. Did not settle to visiting singer.,Please continue to observe closely; senior carer informed.,Fluids encouraged; senior carer made aware.,Monitor intake and mood.,0,approved,,,2026-10-08 07:34:04
903,RES003,2026-07-27,Night,S. Patel,Care Worker,Daily,Strip wash in bedroom,Low,Fair,1308,,Yes,,No,Newspaper reading,Newspaper reading — brief participation.,Disturbed,No,,0,"A more difficult night for Ethel. Strip wash in bedroom completed; slight redness noted to the sacrum, repositioning chart started. Fluids 1308 ml over the night, fair appetite at meals. Mood fluctuated and was largely low. Did not settle to newspaper reading.",Monitor fluid intake and report any further decline to the senior on duty.,Fluids encouraged; senior carer made aware.,Monitor intake and mood.,0,approved,,,2026-10-08 07:34:04
904,RES003,2026-07-28,Afternoon,T. Nguyen,Care Worker,Daily,Supported wash with encouragement,Low,Fair,1397,,Yes,,No,Craft table,Craft table — brief participation.,Disturbed,Yes,,0,Ethel has been less settled this afternoon. Supported wash with encouragement with two staff as Ethel was unsteady on transfer. Took 1397 ml of fluids; ate fair at lunch and tea. Mood low at times; declined craft table and preferred to stay in her room.,Please continue to observe closely; senior carer informed.,Fluids encouraged; senior carer made aware.,Monitor intake and mood.,0,approved,,,2026-10-08 07:34:04
905,RES003,2026-07-29,Night,S. Patel,Care Worker,Daily,Full assistance with washing and dressing,Low,Fair,1322,,Yes,,No,Music session,Music session — brief participation.,Disturbed,No,,0,Staff noted a change in Ethel over the night. Full assistance with washing and dressing completed but Ethel was reluctant and needed encouragement. Fluid intake recorded at 1322 ml. Appetite described as fair. Appeared low; needed reassurance on several occasions.,Monitor fluid intake and report any further decline to the senior on duty.,Fluids encouraged; senior carer made aware.,Monitor intake and mood.,0,approved,,,2026-10-08 07:34:04
906,RES003,2026-07-30,Morning,C. Fernandes,Care Worker,Daily,Assisted shower,Low,Fair,1367,,Yes,,No,Garden walk with staff,Garden walk with staff — brief participation.,Disturbed,Yes,,0,Ethel has been less settled this morning. Assisted shower with two staff as Ethel was unsteady on transfer. 1367 ml of fluid encouraged across the shift; appetite fair. Mood fluctuated and was largely low. Did not settle to garden walk with staff.,Monitor fluid intake and report any further decline to the senior on duty.,Fluids encouraged; senior carer made aware.,Monitor intake and mood.,0,approved,,,2026-10-08 07:34:04
907,RES003,2026-07-31,Morning,T. Nguyen,Care Worker,Daily,Full assistance with washing and dressing,Low,Fair,1486,,Yes,,No,Armchair exercises,Armchair exercises — brief participation.,Disturbed,Yes,,0,"A more difficult morning for Ethel. Full assistance with washing and dressing completed; slight redness noted to the sacrum, repositioning chart started. 1486 ml of fluid encouraged across the shift; appetite fair. Mood fluctuated and was largely low. Did not settle to armchair exercises.",Please continue to observe closely; senior carer informed.,Fluids encouraged; senior carer made aware.,Monitor intake and mood.,0,approved,,,2026-10-08 07:34:04
908,RES003,2026-08-01,Afternoon,C. Fernandes,Care Worker,Daily,Assisted shower,Low,Fair,1260,,Yes,,No,Hand massage,Hand massage — brief participation.,Disturbed,No,,0,Staff noted a change in Ethel over the afternoon. Assisted shower with two staff as Ethel was unsteady on transfer. Took 1260 ml of fluids; ate fair at lunch and tea. Mood fluctuated and was largely low. Did not settle to hand massage.,Fluids to be encouraged on the next shift; keep under observation.,Fluids encouraged; senior carer made aware.,Monitor intake and mood.,0,approved,,,2026-10-08 07:34:04
909,RES003,2026-08-02,Morning,S. Patel,Care Worker,Daily,Strip wash in bedroom,Low,Fair,1307,,Yes,,No,One-to-one chat,One-to-one chat — brief participation.,Disturbed,Yes,,0,Ethel needed more prompting than usual this morning. Strip wash in bedroom completed but Ethel was reluctant and needed encouragement. Took 1307 ml of fluids; ate fair at lunch and tea. Mood fluctuated and was largely low. Did not settle to one-to-one chat.,Please continue to observe closely; senior carer informed.,Fluids encouraged; senior carer made aware.,Monitor intake and mood.,0,approved,,,2026-10-08 07:34:04
910,RES003,2026-08-03,Night,J. Okafor,Care Worker,Daily,Bed bath,Low,Fair,1452,,Yes,,No,Bingo in the lounge,Bingo in the lounge — brief participation.,Disturbed,Yes,,0,"A more difficult night for Ethel. Bed bath completed; slight redness noted to the sacrum, repositioning chart started. Fluid intake recorded at 1452 ml. Appetite described as fair. Mood fluctuated and was largely low. Did not settle to bingo in the lounge.",Please continue to observe closely; senior carer informed.,Fluids encouraged; senior carer made aware.,Monitor intake and mood.,0,approved,,,2026-10-08 07:34:04
911,RES003,2026-08-04,Night,K. Adeyemi,Care Worker,Daily,Strip wash in bedroom,Low,Fair,1242,,Yes,,No,Music session,Music session — brief participation.,Disturbed,No,,0,"Ethel has been less settled this night. Strip wash in bedroom completed; slight redness noted to the sacrum, repositioning chart started. Took 1242 ml of fluids; ate fair at lunch and tea. Appeared low; needed reassurance on several occasions.",Please continue to observe closely; senior carer informed.,Fluids encouraged; senior carer made aware.,Monitor intake and mood.,0,approved,,,2026-10-08 07:34:04
912,RES003,2026-08-05,Afternoon,C. Fernandes,Care Worker,Daily,Full assistance with washing and dressing,Low,Fair,1373,,Yes,,No,Reminiscence group,Reminiscence group — brief participation.,Disturbed,No,,0,"A more difficult afternoon for Ethel. Full assistance with washing and dressing completed but Ethel was reluctant and needed encouragement. Fluids 1373 ml over the afternoon, fair appetite at meals. Mood fluctuated and was largely low. Did not settle to reminiscence group.",Please continue to observe closely; senior carer informed.,Fluids encouraged; senior carer made aware.,Monitor intake and mood.,0,approved,,,2026-10-08 07:34:04
913,RES003,2026-08-06,Night,K. Adeyemi,Care Worker,Daily,Supported wash with encouragement,Low,Fair,1201,,Yes,,No,Garden walk with staff,Garden walk with staff — brief participation.,Disturbed,No,,0,Ethel needed more prompting than usual this night. Supported wash with encouragement completed but Ethel was reluctant and needed encouragement. 1201 ml of fluid encouraged across the shift; appetite fair. Mood low at times; declined garden walk with staff and preferred to stay in her room.,Fluids to be encouraged on the next shift; keep under observation.,Fluids encouraged; senior carer made aware.,Monitor intake and mood.,0,approved,,,2026-10-08 07:34:04
914,RES003,2026-08-07,Night,J. Okafor,Care Worker,Daily,Full wash at the sink,Low,Fair,1284,,Yes,,No,One-to-one chat,One-to-one chat — brief participation.,Disturbed,No,,0,A more difficult night for Ethel. Full wash at the sink with two staff as Ethel was unsteady on transfer. Fluid intake recorded at 1284 ml. Appetite described as fair. Appeared low; needed reassurance on several occasions.,Monitor fluid intake and report any further decline to the senior on duty.,Fluids encouraged; senior carer made aware.,Monitor intake and mood.,0,approved,,,2026-10-08 07:34:04
915,RES003,2026-08-08,Afternoon,C. Fernandes,Care Worker,Daily,Strip wash in bedroom,Low,Fair,1170,,Yes,,No,Armchair exercises,Armchair exercises — brief participation.,Disturbed,No,,0,"Ethel needed more prompting than usual this afternoon. Strip wash in bedroom completed; slight redness noted to the sacrum, repositioning chart started. 1170 ml of fluid encouraged across the shift; appetite fair. Mood low at times; declined armchair exercises and preferred to stay in her room.",Monitor fluid intake and report any further decline to the senior on duty.,Fluids encouraged; senior carer made aware.,Monitor intake and mood.,0,approved,,,2026-10-08 07:34:04
916,RES003,2026-08-10,Morning,C. Fernandes,Care Worker,Daily,Assisted shower,Low,Fair,1366,,Yes,,No,Newspaper reading,Newspaper reading — brief participation.,Disturbed,No,,0,"Staff noted a change in Ethel over the morning. Assisted shower completed but Ethel was reluctant and needed encouragement. Fluids 1366 ml over the morning, fair appetite at meals. Mood low at times; declined newspaper reading and preferred to stay in her room.",Fluids to be encouraged on the next shift; keep under observation.,Fluids encouraged; senior carer made aware.,Monitor intake and mood.,0,approved,,,2026-10-08 07:34:04
917,RES003,2026-08-11,Morning,S. Patel,Care Worker,Daily,Bed bath,Low,Fair,1224,,Yes,,No,Craft table,Craft table — brief participation.,Disturbed,No,,0,"Ethel has been less settled this morning. Bed bath completed; slight redness noted to the sacrum, repositioning chart started. Took 1224 ml of fluids; ate fair at lunch and tea. Mood low at times; declined craft table and preferred to stay in her room.",Please continue to observe closely; senior carer informed.,Fluids encouraged; senior carer made aware.,Monitor intake and mood.,0,approved,,,2026-10-08 07:34:04
918,RES003,2026-08-12,Night,M. Nowak,Care Worker,Daily,Supported wash with encouragement,Low,Fair,1228,,Yes,,No,Newspaper reading,Newspaper reading — brief participation.,Disturbed,Yes,,0,"A more difficult night for Ethel. Supported wash with encouragement completed; slight redness noted to the sacrum, repositioning chart started. Took 1228 ml of fluids; ate fair at lunch and tea. Mood fluctuated and was largely low. Did not settle to newspaper reading.",Monitor fluid intake and report any further decline to the senior on duty.,Fluids encouraged; senior carer made aware.,Monitor intake and mood.,0,approved,,,2026-10-08 07:34:04
919,RES003,2026-08-13,Night,B. Mensah,Care Worker,Daily,Full wash at the sink,Low,Fair,1076,,Yes,,No,Bingo in the lounge,Bingo in the lounge — brief participation.,Disturbed,No,,0,"Staff noted a change in Ethel over the night. Full wash at the sink completed but Ethel was reluctant and needed encouragement. Fluids 1076 ml over the night, fair appetite at meals. Mood fluctuated and was largely low. Did not settle to bingo in the lounge.",Fluids to be encouraged on the next shift; keep under observation.,Fluids encouraged; senior carer made aware.,Monitor intake and mood.,0,approved,,,2026-10-08 07:34:04
920,RES003,2026-08-14,Morning,M. Nowak,Care Worker,Daily,Supported wash with encouragement,Low,Fair,1273,,Yes,,No,Bingo in the lounge,Bingo in the lounge — brief participation.,Disturbed,No,,0,A more difficult morning for Ethel. Supported wash with encouragement with two staff as Ethel was unsteady on transfer. Took 1273 ml of fluids; ate fair at lunch and tea. Appeared low; needed reassurance on several occasions.,Please continue to observe closely; senior carer informed.,Fluids encouraged; senior carer made aware.,Monitor intake and mood.,0,approved,,,2026-10-08 07:34:04
921,RES003,2026-08-15,Afternoon,K. Adeyemi,Care Worker,Daily,Full wash at the sink,Low,Fair,1246,,Yes,,No,Armchair exercises,Armchair exercises — brief participation.,Disturbed,No,,0,Ethel needed more prompting than usual this afternoon. Full wash at the sink completed but Ethel was reluctant and needed encouragement. Took 1246 ml of fluids; ate fair at lunch and tea. Appeared low; needed reassurance on several occasions.,Please continue to observe closely; senior carer informed.,Fluids encouraged; senior carer made aware.,Monitor intake and mood.,0,approved,,,2026-10-08 07:34:04
922,RES003,2026-08-18,Morning,S. Patel,Care Worker,Daily,Full wash at the sink,Low,Fair,1381,,Yes,,No,Newspaper reading,Newspaper reading — brief participation.,Disturbed,No,,0,A more difficult morning for Ethel. Full wash at the sink completed but Ethel was reluctant and needed encouragement. Fluid intake recorded at 1381 ml. Appetite described as fair. Mood fluctuated and was largely low. Did not settle to newspaper reading.,Monitor fluid intake and report any further decline to the senior on duty.,Fluids encouraged; senior carer made aware.,Monitor intake and mood.,0,approved,,,2026-10-08 07:34:04
923,RES003,2026-08-19,Afternoon,B. Mensah,Care Worker,Daily,Bed bath,Low,Fair,1199,,Yes,,No,Bingo in the lounge,Bingo in the lounge — brief participation.,Disturbed,No,,0,"A more difficult afternoon for Ethel. Bed bath completed; slight redness noted to the sacrum, repositioning chart started. Took 1199 ml of fluids; ate fair at lunch and tea. Mood low at times; declined bingo in the lounge and preferred to stay in her room.",Monitor fluid intake and report any further decline to the senior on duty.,Fluids encouraged; senior carer made aware.,Monitor intake and mood.,0,approved,,,2026-10-08 07:34:04
924,RES003,2026-08-20,Afternoon,B. Mensah,Care Worker,Daily,Assisted shower,Low,Fair,1378,,Yes,,No,Newspaper reading,Newspaper reading — brief participation.,Disturbed,No,,0,"Staff noted a change in Ethel over the afternoon. Assisted shower with two staff as Ethel was unsteady on transfer. Fluids 1378 ml over the afternoon, fair appetite at meals. Appeared low; needed reassurance on several occasions.",Monitor fluid intake and report any further decline to the senior on duty.,Fluids encouraged; senior carer made aware.,Monitor intake and mood.,0,approved,,,2026-10-08 07:34:04
925,RES004,2025-08-21,Morning,K. Adeyemi,Care Worker,Daily,Supported wash with encouragement,Settled,Good,1605,,Yes,,No,Reminiscence group,Reminiscence group — participated well.,Good,No,,0,"No concerns raised for Arthur during the morning. Supported wash with encouragement completed with the usual level of support. Skin checked, intact throughout. 1605 ml of fluid encouraged across the shift; appetite good. Mood settled and engaged well with reminiscence group.",Nothing further to report.,Routine care given.,Nil to hand over.,0,approved,,,2026-10-08 07:34:04
926,RES004,2025-08-22,Afternoon,L. Ahmed,Care Worker,Daily,Supported wash with encouragement,Settled,Good,1391,,Yes,,No,Rested in room,Rested in room — participated well.,Good,No,,0,"Arthur has had a settled afternoon. Supported wash with encouragement carried out; Arthur was able to assist with parts of his own care. Fluids 1391 ml over the afternoon, good appetite at meals. Mood settled and engaged well with rested in room.",Continue with the current plan of care.,Routine care given.,Nil to hand over.,0,approved,,,2026-10-08 07:34:04
927,RES004,2025-08-23,Afternoon,C. Fernandes,Care Worker,Daily,Strip wash in bedroom,Low,Fair,1336,,Yes,,No,Reminiscence group,Reminiscence group — brief participation.,Disturbed,Yes,,0,Arthur needed more prompting than usual this afternoon. Strip wash in bedroom with two staff as Arthur was unsteady on transfer. 1336 ml of fluid encouraged across the shift; appetite fair. Appeared low; needed reassurance on several occasions.,Monitor fluid intake and report any further decline to the senior on duty.,Fluids encouraged; senior carer made aware.,Monitor intake and mood.,0,approved,,,2026-10-08 07:34:04
928,RES004,2025-08-24,Night,K. Adeyemi,Care Worker,Daily,Full wash at the sink,Low,Fair,1446,,Yes,,No,One-to-one chat,One-to-one chat — brief participation.,Disturbed,No,,0,Arthur needed more prompting than usual this night. Full wash at the sink completed but Arthur was reluctant and needed encouragement. 1446 ml of fluid encouraged across the shift; appetite fair. Mood low at times; declined one-to-one chat and preferred to stay in his room.,Fluids to be encouraged on the next shift; keep under observation.,Fluids encouraged; senior carer made aware.,Monitor intake and mood.,0,approved,,,2026-10-08 07:34:04
929,RES004,2025-08-25,Afternoon,R. Kowalski,Care Worker,Daily,Supported wash with encouragement,Low,Fair,1376,,Yes,,No,Reminiscence group,Reminiscence group — brief participation.,Disturbed,Yes,,0,"Arthur needed more prompting than usual this afternoon. Supported wash with encouragement completed; slight redness noted to the sacrum, repositioning chart started. 1376 ml of fluid encouraged across the shift; appetite fair. Mood low at times; declined reminiscence group and preferred to stay in his room.",Monitor fluid intake and report any further decline to the senior on duty.,Fluids encouraged; senior carer made aware.,Monitor intake and mood.,0,approved,,,2026-10-08 07:34:04
930,RES004,2025-08-26,Afternoon,L. Ahmed,Care Worker,Daily,Assisted shower,Low,Fair,1236,,Yes,,No,Visiting singer,Visiting singer — brief participation.,Disturbed,No,,0,"Arthur needed more prompting than usual this afternoon. Assisted shower completed; slight redness noted to the sacrum, repositioning chart started. 1236 ml of fluid encouraged across the shift; appetite fair. Appeared low; needed reassurance on several occasions.",Monitor fluid intake and report any further decline to the senior on duty.,Fluids encouraged; senior carer made aware.,Monitor intake and mood.,0,approved,,,2026-10-08 07:34:04
931,RES004,2025-08-27,Morning,D. Osei,Care Worker,Daily,Bed bath,Low,Fair,1518,,Yes,,No,Bingo in the lounge,Bingo in the lounge — brief participation.,Disturbed,No,,0,Arthur needed more prompting than usual this morning. Bed bath completed but Arthur was reluctant and needed encouragement. Took 1518 ml of fluids; ate fair at lunch and tea. Mood fluctuated and was largely low. Did not settle to bingo in the lounge.,Fluids to be encouraged on the next shift; keep under observation.,Fluids encouraged; senior carer made aware.,Monitor intake and mood.,0,approved,,,2026-10-08 07:34:04
932,RES004,2025-08-29,Afternoon,K. Adeyemi,Care Worker,Daily,Full wash at the sink,Settled,Good,1468,,Yes,,No,Craft table,Craft table — participated well.,Good,No,,0,"Arthur presented as his usual self this afternoon. Full wash at the sink completed with the usual level of support. Skin checked, intact throughout. Fluids 1468 ml over the afternoon, good appetite at meals. Bright and settled for most of the shift; enjoyed craft table.",Continue with the current plan of care.,Routine care given.,Nil to hand over.,0,approved,,,2026-10-08 07:34:04
933,RES004,2025-08-30,Afternoon,L. Ahmed,Care Worker,Daily,Supported wash with encouragement,Settled,Good,1485,,Yes,,No,Music session,Music session — participated well.,Good,No,,0,A good afternoon for Arthur. Supported wash with encouragement carried out; Arthur was able to assist with parts of his own care. 1485 ml of fluid encouraged across the shift; appetite good. Mood settled and engaged well with music session.,Continue with the current plan of care.,Routine care given.,Nil to hand over.,0,approved,,,2026-10-08 07:34:04
934,RES004,2025-08-31,Afternoon,P. Sharma,Care Worker,Daily,Full wash at the sink,Settled,Good,1307,,Yes,,No,Newspaper reading,Newspaper reading — participated well.,Good,No,,0,"A good afternoon for Arthur. Full wash at the sink completed with the usual level of support. Skin checked, intact throughout. Fluids 1307 ml over the afternoon, good appetite at meals. Mood settled and engaged well with newspaper reading.",Continue with the current plan of care.,Routine care given.,Nil to hand over.,0,approved,,,2026-10-08 07:34:04
935,RES004,2025-09-01,Night,D. Osei,Care Worker,Daily,Supported wash with encouragement,Settled,Good,1444,,Yes,,No,Garden walk with staff,Garden walk with staff — participated well.,Good,No,,0,"Arthur has had a settled night. Supported wash with encouragement completed with the usual level of support. Skin checked, intact throughout. Took 1444 ml of fluids; ate good at lunch and tea. Mood settled and engaged well with garden walk with staff.",No concerns to hand over.,Routine care given.,Nil to hand over.,0,approved,,,2026-10-08 07:34:04
936,RES004,2025-09-02,Morning,K. Adeyemi,Care Worker,Daily,Full assistance with washing and dressing,Low,Fair,1461,,Yes,,No,Reminiscence group,Reminiscence group — brief participation.,Disturbed,Yes,,0,A more difficult morning for Arthur. Full assistance with washing and dressing with two staff as Arthur was unsteady on transfer. Took 1461 ml of fluids; ate fair at lunch and tea. Mood fluctuated and was largely low. Did not settle to reminiscence group.,Fluids to be encouraged on the next shift; keep under observation.,Fluids encouraged; senior carer made aware.,Monitor intake and mood.,0,approved,,,2026-10-08 07:34:04
937,RES004,2025-09-03,Night,P. Sharma,Care Worker,Daily,Strip wash in bedroom,Low,Fair,1441,,Yes,,No,Garden walk with staff,Garden walk with staff — brief participation.,Disturbed,Yes,,0,Arthur needed more prompting than usual this night. Strip wash in bedroom completed but Arthur was reluctant and needed encouragement. 1441 ml of fluid encouraged across the shift; appetite fair. Mood low at times; declined garden walk with staff and preferred to stay in his room.,Monitor fluid intake and report any further decline to the senior on duty.,Fluids encouraged; senior carer made aware.,Monitor intake and mood.,0,approved,,,2026-10-08 07:34:04
938,RES004,2025-09-04,Night,P. Sharma,Care Worker,Daily,Supported wash with encouragement,Low,Fair,1282,,Yes,,No,Music session,Music session — brief participation.,Disturbed,No,,0,"Arthur has been less settled this night. Supported wash with encouragement completed; slight redness noted to the sacrum, repositioning chart started. Fluids 1282 ml over the night, fair appetite at meals. Mood fluctuated and was largely low. Did not settle to music session.",Fluids to be encouraged on the next shift; keep under observation.,Fluids encouraged; senior carer made aware.,Monitor intake and mood.,0,approved,,,2026-10-08 07:34:04
939,RES004,2025-09-05,Afternoon,A. Whitfield,Care Worker,Daily,Full wash at the sink,Low,Fair,1328,,Yes,,No,Bingo in the lounge,Bingo in the lounge — brief participation.,Disturbed,No,,0,Arthur has been less settled this afternoon. Full wash at the sink with two staff as Arthur was unsteady on transfer. Took 1328 ml of fluids; ate fair at lunch and tea. Mood fluctuated and was largely low. Did not settle to bingo in the lounge.,Please continue to observe closely; senior carer informed.,Fluids encouraged; senior carer made aware.,Monitor intake and mood.,0,approved,,,2026-10-08 07:34:04
940,RES004,2025-09-06,Afternoon,S. Patel,Care Worker,Daily,Full wash at the sink,Low,Fair,1448,,Yes,,No,One-to-one chat,One-to-one chat — brief participation.,Disturbed,No,,0,Staff noted a change in Arthur over the afternoon. Full wash at the sink completed but Arthur was reluctant and needed encouragement. Fluid intake recorded at 1448 ml. Appetite described as fair. Appeared low; needed reassurance on several occasions.,Fluids to be encouraged on the next shift; keep under observation.,Fluids encouraged; senior carer made aware.,Monitor intake and mood.,0,approved,,,2026-10-08 07:34:04
941,RES004,2025-09-07,Afternoon,P. Sharma,Care Worker,Daily,Full assistance with washing and dressing,Low,Fair,1372,,Yes,,No,Rested in room,Rested in room — brief participation.,Disturbed,Yes,,0,Staff noted a change in Arthur over the afternoon. Full assistance with washing and dressing with two staff as Arthur was unsteady on transfer. Took 1372 ml of fluids; ate fair at lunch and tea. Mood low at times; declined rested in room and preferred to stay in his room.,Fluids to be encouraged on the next shift; keep under observation.,Fluids encouraged; senior carer made aware.,Monitor intake and mood.,0,approved,,,2026-10-08 07:34:04
942,RES004,2025-09-08,Night,P. Sharma,Care Worker,Daily,Assisted shower,Low,Fair,1343,,Yes,,No,Hand massage,Hand massage — brief participation.,Disturbed,Yes,,0,"Arthur needed more prompting than usual this night. Assisted shower completed; slight redness noted to the sacrum, repositioning chart started. 1343 ml of fluid encouraged across the shift; appetite fair. Appeared low; needed reassurance on several occasions.",Fluids to be encouraged on the next shift; keep under observation.,Fluids encouraged; senior carer made aware.,Monitor intake and mood.,0,approved,,,2026-10-08 07:34:04
943,RES004,2025-09-09,Morning,B. Mensah,Care Worker,Daily,Assisted shower,Low,Fair,1437,,Yes,,No,Rested in room,Rested in room — brief participation.,Disturbed,No,,0,"A more difficult morning for Arthur. Assisted shower completed; slight redness noted to the sacrum, repositioning chart started. Fluid intake recorded at 1437 ml. Appetite described as fair. Appeared low; needed reassurance on several occasions.",Monitor fluid intake and report any further decline to the senior on duty.,Fluids encouraged; senior carer made aware.,Monitor intake and mood.,0,approved,,,2026-10-08 07:34:04
944,RES004,2025-09-10,Morning,T. Nguyen,Care Worker,Daily,Supported wash with encouragement,Low,Fair,1247,,Yes,,No,Music session,Music session — brief participation.,Disturbed,No,,0,Arthur has been less settled this morning. Supported wash with encouragement completed but Arthur was reluctant and needed encouragement. 1247 ml of fluid encouraged across the shift; appetite fair. Mood fluctuated and was largely low. Did not settle to music session.,Please continue to observe closely; senior carer informed.,Fluids encouraged; senior carer made aware.,Monitor intake and mood.,0,approved,,,2026-10-08 07:34:04
945,RES004,2025-09-11,Night,S. Patel,Care Worker,Daily,Assisted shower,Low,Fair,1325,,Yes,,No,Armchair exercises,Armchair exercises — brief participation.,Disturbed,No,,0,Staff noted a change in Arthur over the night. Assisted shower completed but Arthur was reluctant and needed encouragement. Fluid intake recorded at 1325 ml. Appetite described as fair. Mood low at times; declined armchair exercises and preferred to stay in his room.,Fluids to be encouraged on the next shift; keep under observation.,Fluids encouraged; senior carer made aware.,Monitor intake and mood.,0,approved,,,2026-10-08 07:34:04
946,RES004,2025-09-12,Afternoon,D. Osei,Care Worker,Daily,Bed bath,Low,Fair,1356,,Yes,,No,Craft table,Craft table — brief participation.,Disturbed,No,,0,A more difficult afternoon for Arthur. Bed bath completed but Arthur was reluctant and needed encouragement. Took 1356 ml of fluids; ate fair at lunch and tea. Mood fluctuated and was largely low. Did not settle to craft table.,Monitor fluid intake and report any further decline to the senior on duty.,Fluids encouraged; senior carer made aware.,Monitor intake and mood.,0,approved,,,2026-10-08 07:34:04
947,RES004,2025-09-13,Afternoon,R. Kowalski,Care Worker,Daily,Full assistance with washing and dressing,Low,Fair,1367,,Yes,,No,One-to-one chat,One-to-one chat — brief participation.,Disturbed,No,,0,"A more difficult afternoon for Arthur. Full assistance with washing and dressing completed; slight redness noted to the sacrum, repositioning chart started. Took 1367 ml of fluids; ate fair at lunch and tea. Appeared low; needed reassurance on several occasions.",Monitor fluid intake and report any further decline to the senior on duty.,Fluids encouraged; senior carer made aware.,Monitor intake and mood.,0,approved,,,2026-10-08 07:34:04
948,RES004,2025-09-14,Morning,K. Adeyemi,Care Worker,Daily,Full assistance with washing and dressing,Low,Fair,1204,,Yes,,No,Rested in room,Rested in room — brief participation.,Disturbed,Yes,,0,Arthur has been less settled this morning. Full assistance with washing and dressing completed but Arthur was reluctant and needed encouragement. Took 1204 ml of fluids; ate fair at lunch and tea. Mood fluctuated and was largely low. Did not settle to rested in room.,Please continue to observe closely; senior carer informed.,Fluids encouraged; senior carer made aware.,Monitor intake and mood.,0,approved,,,2026-10-08 07:34:04
949,RES004,2025-09-15,Night,A. Whitfield,Care Worker,Daily,Bed bath,Low,Fair,1330,,Yes,,No,Newspaper reading,Newspaper reading — brief participation.,Disturbed,No,,0,"Staff noted a change in Arthur over the night. Bed bath completed but Arthur was reluctant and needed encouragement. Fluids 1330 ml over the night, fair appetite at meals. Mood fluctuated and was largely low. Did not settle to newspaper reading.",Monitor fluid intake and report any further decline to the senior on duty.,Fluids encouraged; senior carer made aware.,Monitor intake and mood.,0,approved,,,2026-10-08 07:34:04
950,RES004,2025-09-17,Morning,C. Fernandes,Care Worker,Daily,Bed bath,Low,Fair,1225,,Yes,,No,Armchair exercises,Armchair exercises — brief participation.,Disturbed,Yes,,0,"Arthur needed more prompting than usual this morning. Bed bath completed but Arthur was reluctant and needed encouragement. Fluids 1225 ml over the morning, fair appetite at meals. Mood low at times; declined armchair exercises and preferred to stay in his room.",Please continue to observe closely; senior carer informed.,Fluids encouraged; senior carer made aware.,Monitor intake and mood.,0,approved,,,2026-10-08 07:34:04
951,RES004,2025-09-18,Morning,D. Osei,Care Worker,Daily,Strip wash in bedroom,Low,Fair,1326,,Yes,,No,Hand massage,Hand massage — brief participation.,Disturbed,No,,0,"A more difficult morning for Arthur. Strip wash in bedroom completed; slight redness noted to the sacrum, repositioning chart started. 1326 ml of fluid encouraged across the shift; appetite fair. Mood fluctuated and was largely low. Did not settle to hand massage.",Please continue to observe closely; senior carer informed.,Fluids encouraged; senior carer made aware.,Monitor intake and mood.,0,approved,,,2026-10-08 07:34:04
952,RES004,2025-09-19,Night,S. Patel,Care Worker,Daily,Assisted shower,Low,Fair,1324,,Yes,,No,Reminiscence group,Reminiscence group — brief participation.,Disturbed,No,,0,"A more difficult night for Arthur. Assisted shower completed; slight redness noted to the sacrum, repositioning chart started. 1324 ml of fluid encouraged across the shift; appetite fair. Mood fluctuated and was largely low. Did not settle to reminiscence group.",Monitor fluid intake and report any further decline to the senior on duty.,Fluids encouraged; senior carer made aware.,Monitor intake and mood.,0,approved,,,2026-10-08 07:34:04
953,RES004,2025-09-20,Afternoon,S. Patel,Care Worker,Daily,Full wash at the sink,Low,Fair,1252,,Yes,,No,Rested in room,Rested in room — brief participation.,Disturbed,No,,0,A more difficult afternoon for Arthur. Full wash at the sink completed but Arthur was reluctant and needed encouragement. 1252 ml of fluid encouraged across the shift; appetite fair. Appeared low; needed reassurance on several occasions.,Please continue to observe closely; senior carer informed.,Fluids encouraged; senior carer made aware.,Monitor intake and mood.,0,approved,,,2026-10-08 07:34:04
954,RES004,2025-09-21,Afternoon,M. Nowak,Care Worker,Daily,Bed bath,Low,Fair,1372,,Yes,,No,One-to-one chat,One-to-one chat — brief participation.,Disturbed,No,,0,"Arthur has been less settled this afternoon. Bed bath completed; slight redness noted to the sacrum, repositioning chart started. Fluids 1372 ml over the afternoon, fair appetite at meals. Mood low at times; declined one-to-one chat and preferred to stay in his room.",Please continue to observe closely; senior carer informed.,Fluids encouraged; senior carer made aware.,Monitor intake and mood.,0,approved,,,2026-10-08 07:34:04
955,RES004,2025-09-22,Night,C. Fernandes,Care Worker,Daily,Full assistance with washing and dressing,Low,Fair,1443,,Yes,,No,One-to-one chat,One-to-one chat — brief participation.,Disturbed,Yes,,0,Arthur has been less settled this night. Full assistance with washing and dressing with two staff as Arthur was unsteady on transfer. 1443 ml of fluid encouraged across the shift; appetite fair. Appeared low; needed reassurance on several occasions.,Fluids to be encouraged on the next shift; keep under observation.,Fluids encouraged; senior carer made aware.,Monitor intake and mood.,0,approved,,,2026-10-08 07:34:04
956,RES004,2025-09-23,Night,T. Nguyen,Care Worker,Daily,Full assistance with washing and dressing,Low,Fair,1284,,Yes,,No,Armchair exercises,Armchair exercises — brief participation.,Disturbed,No,,0,Arthur needed more prompting than usual this night. Full assistance with washing and dressing with two staff as Arthur was unsteady on transfer. 1284 ml of fluid encouraged across the shift; appetite fair. Mood low at times; declined armchair exercises and preferred to stay in his room.,Monitor fluid intake and report any further decline to the senior on duty.,Fluids encouraged; senior carer made aware.,Monitor intake and mood.,0,approved,,,2026-10-08 07:34:04
957,RES004,2025-09-24,Morning,C. Fernandes,Care Worker,Daily,Full wash at the sink,Low,Fair,1349,,Yes,,No,Rested in room,Rested in room — brief participation.,Disturbed,No,,0,Staff noted a change in Arthur over the morning. Full wash at the sink completed but Arthur was reluctant and needed encouragement. 1349 ml of fluid encouraged across the shift; appetite fair. Appeared low; needed reassurance on several occasions.,Monitor fluid intake and report any further decline to the senior on duty.,Fluids encouraged; senior carer made aware.,Monitor intake and mood.,0,approved,,,2026-10-08 07:34:04
958,RES004,2025-09-25,Morning,K. Adeyemi,Care Worker,Daily,Full assistance with washing and dressing,Low,Fair,1415,,Yes,,No,Craft table,Craft table — brief participation.,Disturbed,No,,0,Staff noted a change in Arthur over the morning. Full assistance with washing and dressing with two staff as Arthur was unsteady on transfer. 1415 ml of fluid encouraged across the shift; appetite fair. Appeared low; needed reassurance on several occasions.,Fluids to be encouraged on the next shift; keep under observation.,Fluids encouraged; senior carer made aware.,Monitor intake and mood.,0,approved,,,2026-10-08 07:34:04
959,RES004,2025-09-26,Night,L. Ahmed,Care Worker,Daily,Assisted shower,Low,Fair,1266,,Yes,,No,Bingo in the lounge,Bingo in the lounge — brief participation.,Disturbed,No,,0,"Arthur needed more prompting than usual this night. Assisted shower completed but Arthur was reluctant and needed encouragement. Fluids 1266 ml over the night, fair appetite at meals. Appeared low; needed reassurance on several occasions.",Fluids to be encouraged on the next shift; keep under observation.,Fluids encouraged; senior carer made aware.,Monitor intake and mood.,0,approved,,,2026-10-08 07:34:04
960,RES004,2025-09-27,Morning,P. Sharma,Care Worker,Daily,Full wash at the sink,Low,Fair,1192,,Yes,,No,Visiting singer,Visiting singer — brief participation.,Disturbed,No,,0,A more difficult morning for Arthur. Full wash at the sink with two staff as Arthur was unsteady on transfer. Took 1192 ml of fluids; ate fair at lunch and tea. Mood fluctuated and was largely low. Did not settle to visiting singer.,Fluids to be encouraged on the next shift; keep under observation.,Fluids encouraged; senior carer made aware.,Monitor intake and mood.,0,approved,,,2026-10-08 07:34:04
961,RES004,2025-09-28,Night,J. Okafor,Care Worker,Daily,Bed bath,Low,Fair,1311,,Yes,,No,Garden walk with staff,Garden walk with staff — brief participation.,Disturbed,Yes,,0,Arthur needed more prompting than usual this night. Bed bath completed but Arthur was reluctant and needed encouragement. Took 1311 ml of fluids; ate fair at lunch and tea. Mood low at times; declined garden walk with staff and preferred to stay in his room.,Fluids to be encouraged on the next shift; keep under observation.,Fluids encouraged; senior carer made aware.,Monitor intake and mood.,0,approved,,,2026-10-08 07:34:04
962,RES004,2025-09-29,Morning,B. Mensah,Care Worker,Daily,Bed bath,Low,Fair,1465,,Yes,,No,Reminiscence group,Reminiscence group — brief participation.,Disturbed,No,,0,A more difficult morning for Arthur. Bed bath completed but Arthur was reluctant and needed encouragement. 1465 ml of fluid encouraged across the shift; appetite fair. Appeared low; needed reassurance on several occasions.,Fluids to be encouraged on the next shift; keep under observation.,Fluids encouraged; senior carer made aware.,Monitor intake and mood.,0,approved,,,2026-10-08 07:34:04
963,RES004,2025-09-30,Afternoon,L. Ahmed,Care Worker,Daily,Full assistance with washing and dressing,Low,Fair,1248,,Yes,,No,Rested in room,Rested in room — brief participation.,Disturbed,No,,0,Staff noted a change in Arthur over the afternoon. Full assistance with washing and dressing with two staff as Arthur was unsteady on transfer. 1248 ml of fluid encouraged across the shift; appetite fair. Mood fluctuated and was largely low. Did not settle to rested in room.,Fluids to be encouraged on the next shift; keep under observation.,Fluids encouraged; senior carer made aware.,Monitor intake and mood.,0,approved,,,2026-10-08 07:34:04
964,RES004,2025-10-01,Night,L. Ahmed,Care Worker,Daily,Supported wash with encouragement,Low,Fair,1400,,Yes,,No,Garden walk with staff,Garden walk with staff — brief participation.,Disturbed,No,,0,"Arthur needed more prompting than usual this night. Supported wash with encouragement completed; slight redness noted to the sacrum, repositioning chart started. Fluids 1400 ml over the night, fair appetite at meals. Mood low at times; declined garden walk with staff and preferred to stay in his room.",Please continue to observe closely; senior carer informed.,Fluids encouraged; senior carer made aware.,Monitor intake and mood.,0,approved,,,2026-10-08 07:34:04
965,RES004,2025-10-02,Night,C. Fernandes,Care Worker,Daily,Supported wash with encouragement,Low,Fair,1229,,Yes,,No,Hand massage,Hand massage — brief participation.,Disturbed,Yes,,0,"Arthur needed more prompting than usual this night. Supported wash with encouragement completed; slight redness noted to the sacrum, repositioning chart started. 1229 ml of fluid encouraged across the shift; appetite fair. Appeared low; needed reassurance on several occasions.",Please continue to observe closely; senior carer informed.,Fluids encouraged; senior carer made aware.,Monitor intake and mood.,0,approved,,,2026-10-08 07:34:04
966,RES004,2025-10-03,Morning,P. Sharma,Care Worker,Daily,Assisted shower,Low,Fair,1259,,Yes,,No,Hand massage,Hand massage — brief participation.,Disturbed,No,,0,Staff noted a change in Arthur over the morning. Assisted shower with two staff as Arthur was unsteady on transfer. Fluid intake recorded at 1259 ml. Appetite described as fair. Appeared low; needed reassurance on several occasions.,Monitor fluid intake and report any further decline to the senior on duty.,Fluids encouraged; senior carer made aware.,Monitor intake and mood.,0,approved,,,2026-10-08 07:34:04
967,RES004,2025-10-04,Morning,R. Kowalski,Care Worker,Daily,Full assistance with washing and dressing,Low,Fair,1321,,Yes,,No,Rested in room,Rested in room — brief participation.,Disturbed,No,,0,Arthur needed more prompting than usual this morning. Full assistance with washing and dressing completed but Arthur was reluctant and needed encouragement. 1321 ml of fluid encouraged across the shift; appetite fair. Mood low at times; declined rested in room and preferred to stay in his room.,Monitor fluid intake and report any further decline to the senior on duty.,Fluids encouraged; senior carer made aware.,Monitor intake and mood.,0,approved,,,2026-10-08 07:34:04
968,RES004,2025-10-05,Night,C. Fernandes,Care Worker,Daily,Full assistance with washing and dressing,Low,Fair,1281,,Yes,,No,Music session,Music session — brief participation.,Disturbed,Yes,,0,"Staff noted a change in Arthur over the night. Full assistance with washing and dressing with two staff as Arthur was unsteady on transfer. Fluids 1281 ml over the night, fair appetite at meals. Appeared low; needed reassurance on several occasions.",Please continue to observe closely; senior carer informed.,Fluids encouraged; senior carer made aware.,Monitor intake and mood.,0,approved,,,2026-10-08 07:34:04
969,RES004,2025-10-06,Afternoon,R. Kowalski,Care Worker,Daily,Supported wash with encouragement,Low,Fair,1255,,Yes,,No,Armchair exercises,Armchair exercises — brief participation.,Disturbed,No,,0,Arthur has been less settled this afternoon. Supported wash with encouragement completed but Arthur was reluctant and needed encouragement. Fluid intake recorded at 1255 ml. Appetite described as fair. Mood fluctuated and was largely low. Did not settle to armchair exercises.,Monitor fluid intake and report any further decline to the senior on duty.,Fluids encouraged; senior carer made aware.,Monitor intake and mood.,0,approved,,,2026-10-08 07:34:04
970,RES004,2025-10-07,Morning,K. Adeyemi,Care Worker,Daily,Full wash at the sink,Low,Fair,1249,,Yes,,No,Craft table,Craft table — brief participation.,Disturbed,No,,0,Arthur has been less settled this morning. Full wash at the sink completed but Arthur was reluctant and needed encouragement. Took 1249 ml of fluids; ate fair at lunch and tea. Appeared low; needed reassurance on several occasions.,Fluids to be encouraged on the next shift; keep under observation.,Fluids encouraged; senior carer made aware.,Monitor intake and mood.,0,approved,,,2026-10-08 07:34:04
971,RES004,2025-10-08,Morning,D. Osei,Care Worker,Daily,Full wash at the sink,Low,Fair,1250,,Yes,,No,Craft table,Craft table — brief participation.,Disturbed,No,,0,"Arthur has been less settled this morning. Full wash at the sink completed; slight redness noted to the sacrum, repositioning chart started. 1250 ml of fluid encouraged across the shift; appetite fair. Mood fluctuated and was largely low. Did not settle to craft table.",Please continue to observe closely; senior carer informed.,Fluids encouraged; senior carer made aware.,Monitor intake and mood.,0,approved,,,2026-10-08 07:34:04
972,RES004,2025-10-09,Afternoon,K. Adeyemi,Care Worker,Daily,Supported wash with encouragement,Low,Fair,1135,,Yes,,No,Garden walk with staff,Garden walk with staff — brief participation.,Disturbed,No,,0,A more difficult afternoon for Arthur. Supported wash with encouragement completed but Arthur was reluctant and needed encouragement. Took 1135 ml of fluids; ate fair at lunch and tea. Appeared low; needed reassurance on several occasions.,Please continue to observe closely; senior carer informed.,Fluids encouraged; senior carer made aware.,Monitor intake and mood.,0,approved,,,2026-10-08 07:34:04
973,RES004,2025-10-10,Night,D. Osei,Care Worker,Daily,Full assistance with washing and dressing,Low,Fair,1381,,Yes,,No,Reminiscence group,Reminiscence group — brief participation.,Disturbed,No,,0,Arthur has been less settled this night. Full assistance with washing and dressing with two staff as Arthur was unsteady on transfer. Fluid intake recorded at 1381 ml. Appetite described as fair. Appeared low; needed reassurance on several occasions.,Monitor fluid intake and report any further decline to the senior on duty.,Fluids encouraged; senior carer made aware.,Monitor intake and mood.,0,approved,,,2026-10-08 07:34:04
974,RES004,2025-10-13,Afternoon,R. Kowalski,Care Worker,Daily,Assisted shower,Low,Fair,1250,,Yes,,No,Craft table,Craft table — brief participation.,Disturbed,No,,0,Arthur needed more prompting than usual this afternoon. Assisted shower completed but Arthur was reluctant and needed encouragement. 1250 ml of fluid encouraged across the shift; appetite fair. Mood low at times; declined craft table and preferred to stay in his room.,Monitor fluid intake and report any further decline to the senior on duty.,Fluids encouraged; senior carer made aware.,Monitor intake and mood.,0,approved,,,2026-10-08 07:34:04
975,RES004,2025-10-14,Afternoon,J. Okafor,Care Worker,Daily,Strip wash in bedroom,Low,Fair,1374,,Yes,,No,Rested in room,Rested in room — brief participation.,Disturbed,Yes,,0,"Arthur has been less settled this afternoon. Strip wash in bedroom completed; slight redness noted to the sacrum, repositioning chart started. 1374 ml of fluid encouraged across the shift; appetite fair. Mood low at times; declined rested in room and preferred to stay in his room.",Monitor fluid intake and report any further decline to the senior on duty.,Fluids encouraged; senior carer made aware.,Monitor intake and mood.,0,approved,,,2026-10-08 07:34:04
976,RES004,2025-10-15,Afternoon,A. Whitfield,Care Worker,Daily,Assisted shower,Low,Fair,1312,,Yes,,No,Hand massage,Hand massage — brief participation.,Disturbed,No,,0,Arthur needed more prompting than usual this afternoon. Assisted shower with two staff as Arthur was unsteady on transfer. Took 1312 ml of fluids; ate fair at lunch and tea. Mood fluctuated and was largely low. Did not settle to hand massage.,Please continue to observe closely; senior carer informed.,Fluids encouraged; senior carer made aware.,Monitor intake and mood.,0,approved,,,2026-10-08 07:34:04
977,RES004,2025-10-19,Morning,T. Nguyen,Care Worker,Daily,Full assistance with washing and dressing,Low,Fair,1159,,Yes,,No,Bingo in the lounge,Bingo in the lounge — brief participation.,Disturbed,No,,0,"Arthur needed more prompting than usual this morning. Full assistance with washing and dressing with two staff as Arthur was unsteady on transfer. Fluids 1159 ml over the morning, fair appetite at meals. Mood low at times; declined bingo in the lounge and preferred to stay in his room.",Fluids to be encouraged on the next shift; keep under observation.,Fluids encouraged; senior carer made aware.,Monitor intake and mood.,0,approved,,,2026-10-08 07:34:04
978,RES004,2025-10-21,Night,P. Sharma,Care Worker,Daily,Supported wash with encouragement,Low,Fair,1322,,Yes,,No,Garden walk with staff,Garden walk with staff — brief participation.,Disturbed,No,,0,Arthur needed more prompting than usual this night. Supported wash with encouragement completed but Arthur was reluctant and needed encouragement. Fluid intake recorded at 1322 ml. Appetite described as fair. Mood fluctuated and was largely low. Did not settle to garden walk with staff.,Fluids to be encouraged on the next shift; keep under observation.,Fluids encouraged; senior carer made aware.,Monitor intake and mood.,0,approved,,,2026-10-08 07:34:04
979,RES004,2025-10-22,Afternoon,T. Nguyen,Care Worker,Daily,Full wash at the sink,Low,Fair,1324,,Yes,,No,Armchair exercises,Armchair exercises — brief participation.,Disturbed,No,,0,"Arthur needed more prompting than usual this afternoon. Full wash at the sink completed; slight redness noted to the sacrum, repositioning chart started. Took 1324 ml of fluids; ate fair at lunch and tea. Mood low at times; declined armchair exercises and preferred to stay in his room.",Monitor fluid intake and report any further decline to the senior on duty.,Fluids encouraged; senior carer made aware.,Monitor intake and mood.,0,approved,,,2026-10-08 07:34:04
980,RES004,2025-10-23,Afternoon,T. Nguyen,Care Worker,Daily,Full assistance with washing and dressing,Low,Fair,1323,,Yes,,No,Reminiscence group,Reminiscence group — brief participation.,Disturbed,No,,0,Staff noted a change in Arthur over the afternoon. Full assistance with washing and dressing completed but Arthur was reluctant and needed encouragement. Took 1323 ml of fluids; ate fair at lunch and tea. Mood fluctuated and was largely low. Did not settle to reminiscence group.,Fluids to be encouraged on the next shift; keep under observation.,Fluids encouraged; senior carer made aware.,Monitor intake and mood.,0,approved,,,2026-10-08 07:34:04
981,RES004,2025-10-24,Afternoon,A. Whitfield,Care Worker,Daily,Supported wash with encouragement,Low,Fair,1265,,Yes,,No,Music session,Music session — brief participation.,Disturbed,No,,0,"Arthur has been less settled this afternoon. Supported wash with encouragement completed; slight redness noted to the sacrum, repositioning chart started. Took 1265 ml of fluids; ate fair at lunch and tea. Mood fluctuated and was largely low. Did not settle to music session.",Monitor fluid intake and report any further decline to the senior on duty.,Fluids encouraged; senior carer made aware.,Monitor intake and mood.,0,approved,,,2026-10-08 07:34:04
982,RES004,2025-10-26,Afternoon,C. Fernandes,Care Worker,Daily,Full wash at the sink,Low,Fair,1214,,Yes,,No,Music session,Music session — brief participation.,Disturbed,No,,0,Arthur needed more prompting than usual this afternoon. Full wash at the sink with two staff as Arthur was unsteady on transfer. Fluid intake recorded at 1214 ml. Appetite described as fair. Mood low at times; declined music session and preferred to stay in his room.,Please continue to observe closely; senior carer informed.,Fluids encouraged; senior carer made aware.,Monitor intake and mood.,0,approved,,,2026-10-08 07:34:04
983,RES004,2025-10-27,Night,B. Mensah,Care Worker,Daily,Supported wash with encouragement,Low,Fair,1270,,Yes,,No,Reminiscence group,Reminiscence group — brief participation.,Disturbed,No,,0,Staff noted a change in Arthur over the night. Supported wash with encouragement with two staff as Arthur was unsteady on transfer. 1270 ml of fluid encouraged across the shift; appetite fair. Mood fluctuated and was largely low. Did not settle to reminiscence group.,Monitor fluid intake and report any further decline to the senior on duty.,Fluids encouraged; senior carer made aware.,Monitor intake and mood.,0,approved,,,2026-10-08 07:34:04
984,RES004,2025-10-28,Night,K. Adeyemi,Care Worker,Daily,Strip wash in bedroom,Low,Fair,1419,,Yes,,No,Bingo in the lounge,Bingo in the lounge — brief participation.,Disturbed,Yes,,0,Arthur has been less settled this night. Strip wash in bedroom completed but Arthur was reluctant and needed encouragement. Took 1419 ml of fluids; ate fair at lunch and tea. Mood low at times; declined bingo in the lounge and preferred to stay in his room.,Monitor fluid intake and report any further decline to the senior on duty.,Fluids encouraged; senior carer made aware.,Monitor intake and mood.,0,approved,,,2026-10-08 07:34:04
985,RES004,2025-10-29,Afternoon,L. Ahmed,Care Worker,Daily,Full assistance with washing and dressing,Low,Fair,1172,,Yes,,No,Music session,Music session — brief participation.,Disturbed,No,,0,"A more difficult afternoon for Arthur. Full assistance with washing and dressing completed; slight redness noted to the sacrum, repositioning chart started. Fluids 1172 ml over the afternoon, fair appetite at meals. Mood fluctuated and was largely low. Did not settle to music session.",Monitor fluid intake and report any further decline to the senior on duty.,Fluids encouraged; senior carer made aware.,Monitor intake and mood.,0,approved,,,2026-10-08 07:34:04
986,RES004,2025-10-30,Afternoon,K. Adeyemi,Care Worker,Daily,Full assistance with washing and dressing,Low,Fair,1271,,Yes,,No,Music session,Music session — brief participation.,Disturbed,No,,0,A more difficult afternoon for Arthur. Full assistance with washing and dressing completed but Arthur was reluctant and needed encouragement. Fluid intake recorded at 1271 ml. Appetite described as fair. Mood fluctuated and was largely low. Did not settle to music session.,Fluids to be encouraged on the next shift; keep under observation.,Fluids encouraged; senior carer made aware.,Monitor intake and mood.,0,approved,,,2026-10-08 07:34:04
987,RES004,2025-10-31,Afternoon,J. Okafor,Care Worker,Daily,Bed bath,Low,Fair,1098,,Yes,,No,Hand massage,Hand massage — brief participation.,Disturbed,No,,0,"Staff noted a change in Arthur over the afternoon. Bed bath completed; slight redness noted to the sacrum, repositioning chart started. 1098 ml of fluid encouraged across the shift; appetite fair. Mood low at times; declined hand massage and preferred to stay in his room.",Please continue to observe closely; senior carer informed.,Fluids encouraged; senior carer made aware.,Monitor intake and mood.,0,approved,,,2026-10-08 07:34:04
988,RES004,2025-11-01,Morning,R. Kowalski,Care Worker,Daily,Bed bath,Low,Fair,1229,,Yes,,No,Reminiscence group,Reminiscence group — brief participation.,Disturbed,No,,0,Arthur needed more prompting than usual this morning. Bed bath with two staff as Arthur was unsteady on transfer. Took 1229 ml of fluids; ate fair at lunch and tea. Mood fluctuated and was largely low. Did not settle to reminiscence group.,Monitor fluid intake and report any further decline to the senior on duty.,Fluids encouraged; senior carer made aware.,Monitor intake and mood.,0,approved,,,2026-10-08 07:34:04
989,RES004,2025-11-02,Night,M. Nowak,Care Worker,Daily,Assisted shower,Low,Fair,1337,,Yes,,No,One-to-one chat,One-to-one chat — brief participation.,Disturbed,No,,0,Arthur has been less settled this night. Assisted shower completed but Arthur was reluctant and needed encouragement. Fluid intake recorded at 1337 ml. Appetite described as fair. Mood fluctuated and was largely low. Did not settle to one-to-one chat.,Please continue to observe closely; senior carer informed.,Fluids encouraged; senior carer made aware.,Monitor intake and mood.,0,approved,,,2026-10-08 07:34:04
990,RES004,2025-11-03,Afternoon,A. Whitfield,Care Worker,Daily,Supported wash with encouragement,Low,Fair,1193,,Yes,,No,Armchair exercises,Armchair exercises — brief participation.,Disturbed,No,,0,"Arthur needed more prompting than usual this afternoon. Supported wash with encouragement completed but Arthur was reluctant and needed encouragement. Fluids 1193 ml over the afternoon, fair appetite at meals. Mood fluctuated and was largely low. Did not settle to armchair exercises.",Please continue to observe closely; senior carer informed.,Fluids encouraged; senior carer made aware.,Monitor intake and mood.,0,approved,,,2026-10-08 07:34:04
991,RES004,2025-11-04,Morning,S. Patel,Care Worker,Daily,Full assistance with washing and dressing,Low,Fair,1299,,Yes,,No,Bingo in the lounge,Bingo in the lounge — brief participation.,Disturbed,Yes,,0,"A more difficult morning for Arthur. Full assistance with washing and dressing completed; slight redness noted to the sacrum, repositioning chart started. Took 1299 ml of fluids; ate fair at lunch and tea. Mood fluctuated and was largely low. Did not settle to bingo in the lounge.",Please continue to observe closely; senior carer informed.,Fluids encouraged; senior carer made aware.,Monitor intake and mood.,0,approved,,,2026-10-08 07:34:04
992,RES004,2025-11-05,Afternoon,J. Okafor,Care Worker,Daily,Strip wash in bedroom,Low,Fair,1255,,Yes,,No,Hand massage,Hand massage — brief participation.,Disturbed,No,,0,Arthur needed more prompting than usual this afternoon. Strip wash in bedroom with two staff as Arthur was unsteady on transfer. 1255 ml of fluid encouraged across the shift; appetite fair. Appeared low; needed reassurance on several occasions.,Fluids to be encouraged on the next shift; keep under observation.,Fluids encouraged; senior carer made aware.,Monitor intake and mood.,0,approved,,,2026-10-08 07:34:04
993,RES004,2025-11-07,Afternoon,B. Mensah,Care Worker,Daily,Strip wash in bedroom,Low,Fair,1302,,Yes,,No,Hand massage,Hand massage — brief participation.,Disturbed,Yes,,0,Arthur needed more prompting than usual this afternoon. Strip wash in bedroom with two staff as Arthur was unsteady on transfer. 1302 ml of fluid encouraged across the shift; appetite fair. Mood fluctuated and was largely low. Did not settle to hand massage.,Monitor fluid intake and report any further decline to the senior on duty.,Fluids encouraged; senior carer made aware.,Monitor intake and mood.,0,approved,,,2026-10-08 07:34:04
994,RES004,2025-11-08,Morning,C. Fernandes,Care Worker,Daily,Bed bath,Low,Fair,1343,,Yes,,No,Reminiscence group,Reminiscence group — brief participation.,Disturbed,No,,0,"Arthur needed more prompting than usual this morning. Bed bath completed; slight redness noted to the sacrum, repositioning chart started. Took 1343 ml of fluids; ate fair at lunch and tea. Appeared low; needed reassurance on several occasions.",Please continue to observe closely; senior carer informed.,Fluids encouraged; senior carer made aware.,Monitor intake and mood.,0,approved,,,2026-10-08 07:34:04
995,RES004,2025-11-09,Afternoon,D. Osei,Care Worker,Daily,Bed bath,Low,Fair,1162,,Yes,,No,Music session,Music session — brief participation.,Disturbed,No,,0,Arthur has been less settled this afternoon. Bed bath with two staff as Arthur was unsteady on transfer. 1162 ml of fluid encouraged across the shift; appetite fair. Mood low at times; declined music session and preferred to stay in his room.,Monitor fluid intake and report any further decline to the senior on duty.,Fluids encouraged; senior carer made aware.,Monitor intake and mood.,0,approved,,,2026-10-08 07:34:04
996,RES004,2025-11-12,Afternoon,P. Sharma,Care Worker,Daily,Full assistance with washing and dressing,Anxious,Poor,971,,Yes,,No,Garden walk with staff,Garden walk with staff — declined.,Poor,Yes,,0,"Arthur has had a poor afternoon and needed close support. Full assistance with washing and dressing required full assistance from two staff; Arthur was unable to weight-bear reliably. Fluids 971 ml over the afternoon, poor appetite at meals. anxious and restless. Remained in bed for most of the shift.",Falls risk discussed at handover; sensor mat in place and hourly checks agreed.,Escalated to senior carer; observations taken.,Falls precautions in place; see incident log.,0,approved,,,2026-10-08 07:34:04
997,RES004,2025-11-13,Afternoon,S. Patel,Care Worker,Daily,Full wash at the sink,Anxious,Poor,1196,,Yes,,No,One-to-one chat,One-to-one chat — declined.,Poor,No,,0,"Significant concerns for Arthur throughout the afternoon. Full wash at the sink required full assistance from two staff; Arthur was unable to weight-bear reliably. Fluids 1196 ml over the afternoon, poor appetite at meals. Mood anxious throughout; calling out intermittently and difficult to reassure.",GP review requested. Family to be updated by the manager.,Escalated to senior carer; observations taken.,Falls precautions in place; see incident log.,0,approved,,,2026-10-08 07:34:04
998,RES004,2025-11-14,Afternoon,R. Kowalski,Care Worker,Daily,Strip wash in bedroom,Confused,Poor,1093,,Yes,,No,Newspaper reading,Newspaper reading — declined.,Poor,No,,0,Arthur was noticeably unwell during the afternoon. Strip wash in bedroom completed with difficulty. Arthur was resistive at times and care was paused twice. Took 1093 ml of fluids; ate poor at lunch and tea. Very confused. Attempted to mobilise unaided twice and required redirection.,Escalated to the senior on duty. Consider GP review if no improvement.,Escalated to senior carer; observations taken.,Falls precautions in place; see incident log.,0,approved,,,2026-10-08 07:34:04
999,RES004,2025-11-15,Afternoon,R. Kowalski,Care Worker,Daily,Assisted shower,Anxious,Poor,997,,Yes,,No,One-to-one chat,One-to-one chat — declined.,Poor,Yes,,0,Arthur was noticeably unwell during the afternoon. Assisted shower required full assistance from two staff; Arthur was unable to weight-bear reliably. Took 997 ml of fluids; ate poor at lunch and tea. Mood anxious throughout; calling out intermittently and difficult to reassure.,Escalated to the senior on duty. Consider GP review if no improvement.,Escalated to senior carer; observations taken.,Falls precautions in place; see incident log.,0,approved,,,2026-10-08 07:34:04
1000,RES004,2025-11-16,Afternoon,A. Whitfield,Care Worker,Daily,Strip wash in bedroom,Anxious,Poor,908,,Yes,,No,Rested in room,Rested in room — declined.,Poor,No,,0,"Increased supervision required for Arthur this afternoon. Strip wash in bedroom with hoist assistance. Skin fragile, barrier cream applied. 908 ml of fluid encouraged across the shift; appetite poor. Mood anxious throughout; calling out intermittently and difficult to reassure.",GP review requested. Family to be updated by the manager.,Escalated to senior carer; observations taken.,Falls precautions in place; see incident log.,0,approved,,,2026-10-08 07:34:04
1001,RES004,2025-11-17,Morning,B. Mensah,Care Worker,Daily,Full assistance with washing and dressing,Confused,Poor,1007,,Yes,,No,Armchair exercises,Armchair exercises — declined.,Poor,No,,0,"Arthur was noticeably unwell during the morning. Full assistance with washing and dressing with hoist assistance. Skin fragile, barrier cream applied. 1007 ml of fluid encouraged across the shift; appetite poor. Mood confused throughout; calling out intermittently and difficult to reassure.",Escalated to the senior on duty. Consider GP review if no improvement.,Escalated to senior carer; observations taken.,Falls precautions in place; see incident log.,0,approved,,,2026-10-08 07:34:04
1002,RES004,2025-11-18,Afternoon,R. Kowalski,Care Worker,Daily,Bed bath,Anxious,Poor,940,,Yes,,No,Hand massage,Hand massage — declined.,Poor,Yes,,0,"Arthur was noticeably unwell during the afternoon. Bed bath with hoist assistance. Skin fragile, barrier cream applied. Took 940 ml of fluids; ate poor at lunch and tea. anxious and restless. Remained in bed for most of the shift.",GP review requested. Family to be updated by the manager.,Escalated to senior carer; observations taken.,Falls precautions in place; see incident log.,0,approved,,,2026-10-08 07:34:04
1003,RES004,2025-11-20,Afternoon,B. Mensah,Care Worker,Daily,Full wash at the sink,Agitated,Poor,922,,Yes,,No,Visiting singer,Visiting singer — declined.,Poor,Yes,,0,"Increased supervision required for Arthur this afternoon. Full wash at the sink with hoist assistance. Skin fragile, barrier cream applied. Fluids 922 ml over the afternoon, poor appetite at meals. Mood agitated throughout; calling out intermittently and difficult to reassure.",Falls risk discussed at handover; sensor mat in place and hourly checks agreed.,Escalated to senior carer; observations taken.,Falls precautions in place; see incident log.,0,approved,,,2026-10-08 07:34:04
1004,RES004,2025-11-21,Morning,T. Nguyen,Care Worker,Daily,Bed bath,Agitated,Poor,902,,Yes,,No,Armchair exercises,Armchair exercises — declined.,Poor,No,,0,"Significant concerns for Arthur throughout the morning. Bed bath with hoist assistance. Skin fragile, barrier cream applied. Fluids 902 ml over the morning, poor appetite at meals. agitated and restless. Remained in bed for most of the shift.",GP review requested. Family to be updated by the manager.,Escalated to senior carer; observations taken.,Falls precautions in place; see incident log.,0,approved,,,2026-10-08 07:34:04
1005,RES004,2025-11-23,Morning,A. Whitfield,Care Worker,Daily,Strip wash in bedroom,Anxious,Poor,936,,Yes,,No,One-to-one chat,One-to-one chat — declined.,Poor,Yes,,0,"Significant concerns for Arthur throughout the morning. Strip wash in bedroom with hoist assistance. Skin fragile, barrier cream applied. Fluids 936 ml over the morning, poor appetite at meals. Mood anxious throughout; calling out intermittently and difficult to reassure.",Escalated to the senior on duty. Consider GP review if no improvement.,Escalated to senior carer; observations taken.,Falls precautions in place; see incident log.,0,approved,,,2026-10-08 07:34:04
1006,RES004,2025-11-24,Morning,T. Nguyen,Care Worker,Daily,Assisted shower,Confused,Poor,879,,Yes,,No,Music session,Music session — declined.,Poor,Yes,,0,"Significant concerns for Arthur throughout the morning. Assisted shower with hoist assistance. Skin fragile, barrier cream applied. Took 879 ml of fluids; ate poor at lunch and tea. Very confused. Attempted to mobilise unaided twice and required redirection.",Falls risk discussed at handover; sensor mat in place and hourly checks agreed.,Escalated to senior carer; observations taken.,Falls precautions in place; see incident log.,0,approved,,,2026-10-08 07:34:04
1007,RES004,2025-11-25,Night,S. Patel,Care Worker,Daily,Assisted shower,Anxious,Poor,1131,,Yes,,No,Music session,Music session — declined.,Poor,No,,0,Significant concerns for Arthur throughout the night. Assisted shower required full assistance from two staff; Arthur was unable to weight-bear reliably. Took 1131 ml of fluids; ate poor at lunch and tea. Mood anxious throughout; calling out intermittently and difficult to reassure.,Falls risk discussed at handover; sensor mat in place and hourly checks agreed.,Escalated to senior carer; observations taken.,Falls precautions in place; see incident log.,0,approved,,,2026-10-08 07:34:04
1008,RES004,2025-11-26,Morning,R. Kowalski,Care Worker,Daily,Strip wash in bedroom,Confused,Poor,791,,Yes,,No,Reminiscence group,Reminiscence group — declined.,Poor,No,,0,Arthur has had a poor morning and needed close support. Strip wash in bedroom completed with difficulty. Arthur was resistive at times and care was paused twice. Fluid intake recorded at 791 ml. Appetite described as poor. Very confused. Attempted to mobilise unaided twice and required redirection.,GP review requested. Family to be updated by the manager.,Escalated to senior carer; observations taken.,Falls precautions in place; see incident log.,0,approved,,,2026-10-08 07:34:04
1009,RES004,2025-11-27,Morning,B. Mensah,Care Worker,Daily,Assisted shower,Agitated,Poor,1072,,Yes,,No,Reminiscence group,Reminiscence group — declined.,Poor,No,,0,"Increased supervision required for Arthur this morning. Assisted shower with hoist assistance. Skin fragile, barrier cream applied. Fluid intake recorded at 1072 ml. Appetite described as poor. Very agitated. Attempted to mobilise unaided twice and required redirection.",Falls risk discussed at handover; sensor mat in place and hourly checks agreed.,Escalated to senior carer; observations taken.,Falls precautions in place; see incident log.,0,approved,,,2026-10-08 07:34:04
1010,RES004,2025-11-29,Morning,A. Whitfield,Care Worker,Daily,Full assistance with washing and dressing,Agitated,Poor,962,,Yes,,No,Armchair exercises,Armchair exercises — declined.,Poor,No,,0,Significant concerns for Arthur throughout the morning. Full assistance with washing and dressing completed with difficulty. Arthur was resistive at times and care was paused twice. Took 962 ml of fluids; ate poor at lunch and tea. agitated and restless. Remained in bed for most of the shift.,Falls risk discussed at handover; sensor mat in place and hourly checks agreed.,Escalated to senior carer; observations taken.,Falls precautions in place; see incident log.,0,approved,,,2026-10-08 07:34:04
1011,RES004,2025-11-30,Morning,L. Ahmed,Care Worker,Daily,Supported wash with encouragement,Confused,Poor,836,,Yes,,No,Reminiscence group,Reminiscence group — declined.,Poor,No,,0,"Arthur was noticeably unwell during the morning. Supported wash with encouragement with hoist assistance. Skin fragile, barrier cream applied. Fluid intake recorded at 836 ml. Appetite described as poor. Very confused. Attempted to mobilise unaided twice and required redirection.",Escalated to the senior on duty. Consider GP review if no improvement.,Escalated to senior carer; observations taken.,Falls precautions in place; see incident log.,0,approved,,,2026-10-08 07:34:04
1012,RES004,2025-12-01,Afternoon,K. Adeyemi,Care Worker,Daily,Strip wash in bedroom,Confused,Poor,1000,,Yes,,No,Visiting singer,Visiting singer — declined.,Poor,No,,0,Arthur has had a poor afternoon and needed close support. Strip wash in bedroom completed with difficulty. Arthur was resistive at times and care was paused twice. Took 1000 ml of fluids; ate poor at lunch and tea. Mood confused throughout; calling out intermittently and difficult to reassure.,GP review requested. Family to be updated by the manager.,Escalated to senior carer; observations taken.,Falls precautions in place; see incident log.,0,approved,,,2026-10-08 07:34:04
1013,RES004,2025-12-02,Afternoon,D. Osei,Care Worker,Daily,Full assistance with washing and dressing,Agitated,Poor,890,,Yes,,No,Craft table,Craft table — declined.,Poor,Yes,,0,Significant concerns for Arthur throughout the afternoon. Full assistance with washing and dressing required full assistance from two staff; Arthur was unable to weight-bear reliably. Took 890 ml of fluids; ate poor at lunch and tea. agitated and restless. Remained in bed for most of the shift.,Escalated to the senior on duty. Consider GP review if no improvement.,Escalated to senior carer; observations taken.,Falls precautions in place; see incident log.,0,approved,,,2026-10-08 07:34:04
1014,RES004,2025-12-03,Night,C. Fernandes,Care Worker,Daily,Full assistance with washing and dressing,Confused,Poor,1011,,Yes,,No,Visiting singer,Visiting singer — declined.,Poor,Yes,,0,"Increased supervision required for Arthur this night. Full assistance with washing and dressing with hoist assistance. Skin fragile, barrier cream applied. 1011 ml of fluid encouraged across the shift; appetite poor. Very confused. Attempted to mobilise unaided twice and required redirection.",Falls risk discussed at handover; sensor mat in place and hourly checks agreed.,Escalated to senior carer; observations taken.,Falls precautions in place; see incident log.,0,approved,,,2026-10-08 07:34:04
1015,RES004,2025-12-04,Night,L. Ahmed,Care Worker,Daily,Supported wash with encouragement,Confused,Poor,1045,,Yes,,No,Bingo in the lounge,Bingo in the lounge — declined.,Poor,No,,0,"Increased supervision required for Arthur this night. Supported wash with encouragement completed with difficulty. Arthur was resistive at times and care was paused twice. Fluids 1045 ml over the night, poor appetite at meals. confused and restless. Remained in bed for most of the shift.",Falls risk discussed at handover; sensor mat in place and hourly checks agreed.,Escalated to senior carer; observations taken.,Falls precautions in place; see incident log.,0,approved,,,2026-10-08 07:34:04
1016,RES004,2025-12-05,Afternoon,J. Okafor,Care Worker,Daily,Strip wash in bedroom,Confused,Poor,804,,Yes,,No,One-to-one chat,One-to-one chat — declined.,Poor,No,,0,"Significant concerns for Arthur throughout the afternoon. Strip wash in bedroom with hoist assistance. Skin fragile, barrier cream applied. Took 804 ml of fluids; ate poor at lunch and tea. Mood confused throughout; calling out intermittently and difficult to reassure.",Escalated to the senior on duty. Consider GP review if no improvement.,Escalated to senior carer; observations taken.,Falls precautions in place; see incident log.,0,approved,,,2026-10-08 07:34:04
1017,RES004,2025-12-06,Night,P. Sharma,Care Worker,Daily,Bed bath,Anxious,Poor,933,,Yes,,No,Hand massage,Hand massage — declined.,Poor,No,,0,Significant concerns for Arthur throughout the night. Bed bath completed with difficulty. Arthur was resistive at times and care was paused twice. Took 933 ml of fluids; ate poor at lunch and tea. Very anxious. Attempted to mobilise unaided twice and required redirection.,Falls risk discussed at handover; sensor mat in place and hourly checks agreed.,Escalated to senior carer; observations taken.,Falls precautions in place; see incident log.,0,approved,,,2026-10-08 07:34:04
1018,RES004,2025-12-07,Afternoon,S. Patel,Care Worker,Daily,Supported wash with encouragement,Anxious,Poor,919,,Yes,,No,Music session,Music session — declined.,Poor,No,,0,"Increased supervision required for Arthur this afternoon. Supported wash with encouragement with hoist assistance. Skin fragile, barrier cream applied. Took 919 ml of fluids; ate poor at lunch and tea. anxious and restless. Remained in bed for most of the shift.",Falls risk discussed at handover; sensor mat in place and hourly checks agreed.,Escalated to senior carer; observations taken.,Falls precautions in place; see incident log.,0,approved,,,2026-10-08 07:34:04
1019,RES004,2025-12-08,Afternoon,A. Whitfield,Care Worker,Daily,Supported wash with encouragement,Agitated,Poor,1116,,Yes,,No,Bingo in the lounge,Bingo in the lounge — declined.,Poor,No,,0,Significant concerns for Arthur throughout the afternoon. Supported wash with encouragement completed with difficulty. Arthur was resistive at times and care was paused twice. Took 1116 ml of fluids; ate poor at lunch and tea. Very agitated. Attempted to mobilise unaided twice and required redirection.,GP review requested. Family to be updated by the manager.,Escalated to senior carer; observations taken.,Falls precautions in place; see incident log.,0,approved,,,2026-10-08 07:34:04
1020,RES004,2025-12-09,Night,L. Ahmed,Care Worker,Daily,Bed bath,Confused,Poor,1031,,Yes,,No,Reminiscence group,Reminiscence group — declined.,Poor,No,,0,Arthur has had a poor night and needed close support. Bed bath required full assistance from two staff; Arthur was unable to weight-bear reliably. Fluid intake recorded at 1031 ml. Appetite described as poor. Mood confused throughout; calling out intermittently and difficult to reassure.,Escalated to the senior on duty. Consider GP review if no improvement.,Escalated to senior carer; observations taken.,Falls precautions in place; see incident log.,0,approved,,,2026-10-08 07:34:04
1021,RES004,2025-12-10,Night,D. Osei,Care Worker,Daily,Strip wash in bedroom,Confused,Poor,997,,Yes,,No,Garden walk with staff,Garden walk with staff — declined.,Poor,No,,0,Significant concerns for Arthur throughout the night. Strip wash in bedroom completed with difficulty. Arthur was resistive at times and care was paused twice. Took 997 ml of fluids; ate poor at lunch and tea. Very confused. Attempted to mobilise unaided twice and required redirection.,GP review requested. Family to be updated by the manager.,Escalated to senior carer; observations taken.,Falls precautions in place; see incident log.,0,approved,,,2026-10-08 07:34:04
1022,RES004,2025-12-12,Morning,L. Ahmed,Care Worker,Daily,Assisted shower,Confused,Poor,1179,,Yes,,No,Newspaper reading,Newspaper reading — declined.,Poor,No,,0,"Significant concerns for Arthur throughout the morning. Assisted shower with hoist assistance. Skin fragile, barrier cream applied. Took 1179 ml of fluids; ate poor at lunch and tea. confused and restless. Remained in bed for most of the shift.",GP review requested. Family to be updated by the manager.,Escalated to senior carer; observations taken.,Falls precautions in place; see incident log.,0,approved,,,2026-10-08 07:34:04
1023,RES004,2025-12-13,Night,S. Patel,Care Worker,Daily,Bed bath,Agitated,Poor,924,,Yes,,No,Reminiscence group,Reminiscence group — declined.,Poor,Yes,,0,Arthur has had a poor night and needed close support. Bed bath completed with difficulty. Arthur was resistive at times and care was paused twice. Fluid intake recorded at 924 ml. Appetite described as poor. agitated and restless. Remained in bed for most of the shift.,Falls risk discussed at handover; sensor mat in place and hourly checks agreed.,Escalated to senior carer; observations taken.,Falls precautions in place; see incident log.,0,approved,,,2026-10-08 07:34:04
1024,RES004,2025-12-14,Afternoon,J. Okafor,Care Worker,Daily,Supported wash with encouragement,Agitated,Poor,1019,,Yes,,No,Armchair exercises,Armchair exercises — declined.,Poor,No,,0,"Arthur has had a poor afternoon and needed close support. Supported wash with encouragement required full assistance from two staff; Arthur was unable to weight-bear reliably. Fluids 1019 ml over the afternoon, poor appetite at meals. Mood agitated throughout; calling out intermittently and difficult to reassure.",GP review requested. Family to be updated by the manager.,Escalated to senior carer; observations taken.,Falls precautions in place; see incident log.,0,approved,,,2026-10-08 07:34:04
1025,RES004,2025-12-15,Night,J. Okafor,Care Worker,Daily,Supported wash with encouragement,Confused,Poor,1206,,Yes,,No,Armchair exercises,Armchair exercises — declined.,Poor,No,,0,Increased supervision required for Arthur this night. Supported wash with encouragement completed with difficulty. Arthur was resistive at times and care was paused twice. 1206 ml of fluid encouraged across the shift; appetite poor. confused and restless. Remained in bed for most of the shift.,GP review requested. Family to be updated by the manager.,Escalated to senior carer; observations taken.,Falls precautions in place; see incident log.,0,approved,,,2026-10-08 07:34:04
1026,RES004,2025-12-16,Morning,B. Mensah,Care Worker,Daily,Full wash at the sink,Agitated,Poor,850,,Yes,,No,Reminiscence group,Reminiscence group — declined.,Poor,No,,0,"Increased supervision required for Arthur this morning. Full wash at the sink with hoist assistance. Skin fragile, barrier cream applied. Fluid intake recorded at 850 ml. Appetite described as poor. Very agitated. Attempted to mobilise unaided twice and required redirection.",GP review requested. Family to be updated by the manager.,Escalated to senior carer; observations taken.,Falls precautions in place; see incident log.,0,approved,,,2026-10-08 07:34:04
1027,RES004,2025-12-17,Morning,T. Nguyen,Care Worker,Daily,Assisted shower,Confused,Poor,1032,,Yes,,No,Rested in room,Rested in room — declined.,Poor,Yes,,0,Increased supervision required for Arthur this morning. Assisted shower required full assistance from two staff; Arthur was unable to weight-bear reliably. Took 1032 ml of fluids; ate poor at lunch and tea. confused and restless. Remained in bed for most of the shift.,Escalated to the senior on duty. Consider GP review if no improvement.,Escalated to senior carer; observations taken.,Falls precautions in place; see incident log.,0,approved,,,2026-10-08 07:34:04
1028,RES004,2025-12-18,Morning,K. Adeyemi,Care Worker,Daily,Full assistance with washing and dressing,Confused,Poor,886,,Yes,,No,Hand massage,Hand massage — declined.,Poor,Yes,,0,Significant concerns for Arthur throughout the morning. Full assistance with washing and dressing completed with difficulty. Arthur was resistive at times and care was paused twice. Fluid intake recorded at 886 ml. Appetite described as poor. Mood confused throughout; calling out intermittently and difficult to reassure.,Falls risk discussed at handover; sensor mat in place and hourly checks agreed.,Escalated to senior carer; observations taken.,Falls precautions in place; see incident log.,0,approved,,,2026-10-08 07:34:04
1029,RES004,2025-12-20,Night,P. Sharma,Care Worker,Daily,Full assistance with washing and dressing,Anxious,Poor,1099,,Yes,,No,Craft table,Craft table — declined.,Poor,No,,0,"Increased supervision required for Arthur this night. Full assistance with washing and dressing with hoist assistance. Skin fragile, barrier cream applied. Fluid intake recorded at 1099 ml. Appetite described as poor. anxious and restless. Remained in bed for most of the shift.",GP review requested. Family to be updated by the manager.,Escalated to senior carer; observations taken.,Falls precautions in place; see incident log.,0,approved,,,2026-10-08 07:34:04
1030,RES004,2025-12-21,Morning,L. Ahmed,Care Worker,Daily,Bed bath,Agitated,Poor,1027,,Yes,,No,Garden walk with staff,Garden walk with staff — declined.,Poor,No,,0,Arthur was noticeably unwell during the morning. Bed bath required full assistance from two staff; Arthur was unable to weight-bear reliably. Fluid intake recorded at 1027 ml. Appetite described as poor. agitated and restless. Remained in bed for most of the shift.,Escalated to the senior on duty. Consider GP review if no improvement.,Escalated to senior carer; observations taken.,Falls precautions in place; see incident log.,0,approved,,,2026-10-08 07:34:04
1031,RES004,2025-12-22,Night,C. Fernandes,Care Worker,Daily,Supported wash with encouragement,Confused,Poor,925,,Yes,,No,Rested in room,Rested in room — declined.,Poor,No,,0,"Arthur has had a poor night and needed close support. Supported wash with encouragement required full assistance from two staff; Arthur was unable to weight-bear reliably. Fluids 925 ml over the night, poor appetite at meals. Mood confused throughout; calling out intermittently and difficult to reassure.",GP review requested. Family to be updated by the manager.,Escalated to senior carer; observations taken.,Falls precautions in place; see incident log.,0,approved,,,2026-10-08 07:34:04
1032,RES004,2025-12-23,Morning,T. Nguyen,Care Worker,Daily,Bed bath,Anxious,Poor,1302,,Yes,,No,Newspaper reading,Newspaper reading — declined.,Poor,Yes,,0,"Increased supervision required for Arthur this morning. Bed bath required full assistance from two staff; Arthur was unable to weight-bear reliably. Fluids 1302 ml over the morning, poor appetite at meals. anxious and restless. Remained in bed for most of the shift.",Falls risk discussed at handover; sensor mat in place and hourly checks agreed.,Escalated to senior carer; observations taken.,Falls precautions in place; see incident log.,0,approved,,,2026-10-08 07:34:04
1033,RES004,2025-12-24,Afternoon,C. Fernandes,Care Worker,Daily,Assisted shower,Confused,Poor,1096,,Yes,,No,Music session,Music session — declined.,Poor,No,,0,Arthur was noticeably unwell during the afternoon. Assisted shower completed with difficulty. Arthur was resistive at times and care was paused twice. Took 1096 ml of fluids; ate poor at lunch and tea. confused and restless. Remained in bed for most of the shift.,GP review requested. Family to be updated by the manager.,Escalated to senior carer; observations taken.,Falls precautions in place; see incident log.,0,approved,,,2026-10-08 07:34:04
1034,RES004,2025-12-27,Afternoon,S. Patel,Care Worker,Daily,Assisted shower,Agitated,Poor,1118,,Yes,,No,Bingo in the lounge,Bingo in the lounge — declined.,Poor,Yes,,0,"Significant concerns for Arthur throughout the afternoon. Assisted shower completed with difficulty. Arthur was resistive at times and care was paused twice. Fluids 1118 ml over the afternoon, poor appetite at meals. agitated and restless. Remained in bed for most of the shift.",GP review requested. Family to be updated by the manager.,Escalated to senior carer; observations taken.,Falls precautions in place; see incident log.,0,approved,,,2026-10-08 07:34:04
1035,RES004,2025-12-28,Morning,C. Fernandes,Care Worker,Daily,Full wash at the sink,Confused,Poor,1019,,Yes,,No,Newspaper reading,Newspaper reading — declined.,Poor,No,,0,"Arthur has had a poor morning and needed close support. Full wash at the sink required full assistance from two staff; Arthur was unable to weight-bear reliably. Fluids 1019 ml over the morning, poor appetite at meals. Mood confused throughout; calling out intermittently and difficult to reassure.",Falls risk discussed at handover; sensor mat in place and hourly checks agreed.,Escalated to senior carer; observations taken.,Falls precautions in place; see incident log.,0,approved,,,2026-10-08 07:34:04
1036,RES004,2025-12-29,Night,S. Patel,Care Worker,Daily,Assisted shower,Agitated,Poor,1264,,Yes,,No,Hand massage,Hand massage — declined.,Poor,No,,0,Increased supervision required for Arthur this night. Assisted shower required full assistance from two staff; Arthur was unable to weight-bear reliably. 1264 ml of fluid encouraged across the shift; appetite poor. Very agitated. Attempted to mobilise unaided twice and required redirection.,Falls risk discussed at handover; sensor mat in place and hourly checks agreed.,Escalated to senior carer; observations taken.,Falls precautions in place; see incident log.,0,approved,,,2026-10-08 07:34:04
1037,RES004,2025-12-30,Afternoon,K. Adeyemi,Care Worker,Daily,Bed bath,Low,Fair,1176,,Yes,,No,Rested in room,Rested in room — brief participation.,Disturbed,Yes,,0,"Arthur has been less settled this afternoon. Bed bath completed; slight redness noted to the sacrum, repositioning chart started. Took 1176 ml of fluids; ate fair at lunch and tea. Appeared low; needed reassurance on several occasions.",Fluids to be encouraged on the next shift; keep under observation.,Fluids encouraged; senior carer made aware.,Monitor intake and mood.,0,approved,,,2026-10-08 07:34:04
1038,RES004,2025-12-31,Afternoon,C. Fernandes,Care Worker,Daily,Bed bath,Low,Fair,1086,,Yes,,No,Garden walk with staff,Garden walk with staff — brief participation.,Disturbed,Yes,,0,Arthur needed more prompting than usual this afternoon. Bed bath completed but Arthur was reluctant and needed encouragement. Fluid intake recorded at 1086 ml. Appetite described as fair. Appeared low; needed reassurance on several occasions.,Please continue to observe closely; senior carer informed.,Fluids encouraged; senior carer made aware.,Monitor intake and mood.,0,approved,,,2026-10-08 07:34:04
1039,RES004,2026-01-02,Night,T. Nguyen,Care Worker,Daily,Full wash at the sink,Low,Fair,1223,,Yes,,No,Bingo in the lounge,Bingo in the lounge — brief participation.,Disturbed,No,,0,Arthur needed more prompting than usual this night. Full wash at the sink completed but Arthur was reluctant and needed encouragement. 1223 ml of fluid encouraged across the shift; appetite fair. Mood fluctuated and was largely low. Did not settle to bingo in the lounge.,Please continue to observe closely; senior carer informed.,Fluids encouraged; senior carer made aware.,Monitor intake and mood.,0,approved,,,2026-10-08 07:34:04
1040,RES004,2026-01-05,Morning,T. Nguyen,Care Worker,Daily,Full assistance with washing and dressing,Low,Fair,1224,,Yes,,No,Bingo in the lounge,Bingo in the lounge — brief participation.,Disturbed,Yes,,0,"Staff noted a change in Arthur over the morning. Full assistance with washing and dressing with two staff as Arthur was unsteady on transfer. Fluids 1224 ml over the morning, fair appetite at meals. Mood low at times; declined bingo in the lounge and preferred to stay in his room.",Monitor fluid intake and report any further decline to the senior on duty.,Fluids encouraged; senior carer made aware.,Monitor intake and mood.,0,approved,,,2026-10-08 07:34:04
1041,RES004,2026-01-06,Morning,B. Mensah,Care Worker,Daily,Bed bath,Anxious,Poor,1358,,Yes,,No,Visiting singer,Visiting singer — declined.,Poor,No,,0,"Arthur was noticeably unwell during the morning. Bed bath required full assistance from two staff; Arthur was unable to weight-bear reliably. Fluids 1358 ml over the morning, poor appetite at meals. Very anxious. Attempted to mobilise unaided twice and required redirection.",GP review requested. Family to be updated by the manager.,Escalated to senior carer; observations taken.,Falls precautions in place; see incident log.,0,approved,,,2026-10-08 07:34:04
1042,RES004,2026-01-07,Night,D. Osei,Care Worker,Daily,Assisted shower,Agitated,Poor,1049,,Yes,,No,Craft table,Craft table — declined.,Poor,Yes,,0,"Increased supervision required for Arthur this night. Assisted shower with hoist assistance. Skin fragile, barrier cream applied. Fluid intake recorded at 1049 ml. Appetite described as poor. Mood agitated throughout; calling out intermittently and difficult to reassure.",Escalated to the senior on duty. Consider GP review if no improvement.,Escalated to senior carer; observations taken.,Falls precautions in place; see incident log.,0,approved,,,2026-10-08 07:34:04
1043,RES004,2026-01-10,Night,D. Osei,Care Worker,Daily,Bed bath,Confused,Poor,1112,,Yes,,No,Newspaper reading,Newspaper reading — declined.,Poor,No,,0,"Increased supervision required for Arthur this night. Bed bath with hoist assistance. Skin fragile, barrier cream applied. Fluids 1112 ml over the night, poor appetite at meals. confused and restless. Remained in bed for most of the shift.",Escalated to the senior on duty. Consider GP review if no improvement.,Escalated to senior carer; observations taken.,Falls precautions in place; see incident log.,0,approved,,,2026-10-08 07:34:04
1044,RES004,2026-01-12,Night,M. Nowak,Care Worker,Daily,Full wash at the sink,Agitated,Poor,1189,,Yes,,No,Hand massage,Hand massage — declined.,Poor,Yes,,0,Significant concerns for Arthur throughout the night. Full wash at the sink completed with difficulty. Arthur was resistive at times and care was paused twice. 1189 ml of fluid encouraged across the shift; appetite poor. Mood agitated throughout; calling out intermittently and difficult to reassure.,Falls risk discussed at handover; sensor mat in place and hourly checks agreed.,Escalated to senior carer; observations taken.,Falls precautions in place; see incident log.,0,approved,,,2026-10-08 07:34:04
1045,RES004,2026-01-13,Morning,L. Ahmed,Care Worker,Daily,Assisted shower,Agitated,Poor,1329,,Yes,,No,Armchair exercises,Armchair exercises — declined.,Poor,No,,0,Increased supervision required for Arthur this morning. Assisted shower required full assistance from two staff; Arthur was unable to weight-bear reliably. 1329 ml of fluid encouraged across the shift; appetite poor. Mood agitated throughout; calling out intermittently and difficult to reassure.,GP review requested. Family to be updated by the manager.,Escalated to senior carer; observations taken.,Falls precautions in place; see incident log.,0,approved,,,2026-10-08 07:34:04
1046,RES004,2026-01-14,Morning,J. Okafor,Care Worker,Daily,Assisted shower,Agitated,Poor,1287,,Yes,,No,Reminiscence group,Reminiscence group — declined.,Poor,No,,0,"Arthur has had a poor morning and needed close support. Assisted shower with hoist assistance. Skin fragile, barrier cream applied. Took 1287 ml of fluids; ate poor at lunch and tea. agitated and restless. Remained in bed for most of the shift.",Falls risk discussed at handover; sensor mat in place and hourly checks agreed.,Escalated to senior carer; observations taken.,Falls precautions in place; see incident log.,0,approved,,,2026-10-08 07:34:04
1047,RES004,2026-01-16,Night,D. Osei,Care Worker,Daily,Full wash at the sink,Confused,Poor,1047,,Yes,,No,Craft table,Craft table — declined.,Poor,Yes,,0,Arthur has had a poor night and needed close support. Full wash at the sink required full assistance from two staff; Arthur was unable to weight-bear reliably. 1047 ml of fluid encouraged across the shift; appetite poor. Mood confused throughout; calling out intermittently and difficult to reassure.,GP review requested. Family to be updated by the manager.,Escalated to senior carer; observations taken.,Falls precautions in place; see incident log.,0,approved,,,2026-10-08 07:34:04
1048,RES004,2026-01-17,Afternoon,A. Whitfield,Care Worker,Daily,Bed bath,Agitated,Poor,1084,,Yes,,No,Newspaper reading,Newspaper reading — declined.,Poor,No,,0,"Arthur was noticeably unwell during the afternoon. Bed bath with hoist assistance. Skin fragile, barrier cream applied. Fluid intake recorded at 1084 ml. Appetite described as poor. Very agitated. Attempted to mobilise unaided twice and required redirection.",Falls risk discussed at handover; sensor mat in place and hourly checks agreed.,Escalated to senior carer; observations taken.,Falls precautions in place; see incident log.,0,approved,,,2026-10-08 07:34:04
1049,RES004,2026-01-18,Night,T. Nguyen,Care Worker,Daily,Supported wash with encouragement,Confused,Poor,1167,,Yes,,No,Hand massage,Hand massage — declined.,Poor,Yes,,0,Significant concerns for Arthur throughout the night. Supported wash with encouragement completed with difficulty. Arthur was resistive at times and care was paused twice. Fluid intake recorded at 1167 ml. Appetite described as poor. Mood confused throughout; calling out intermittently and difficult to reassure.,GP review requested. Family to be updated by the manager.,Escalated to senior carer; observations taken.,Falls precautions in place; see incident log.,0,approved,,,2026-10-08 07:34:04
1050,RES004,2026-01-19,Night,A. Whitfield,Care Worker,Daily,Strip wash in bedroom,Agitated,Poor,1213,,Yes,,No,Music session,Music session — declined.,Poor,Yes,,0,Arthur has had a poor night and needed close support. Strip wash in bedroom completed with difficulty. Arthur was resistive at times and care was paused twice. Took 1213 ml of fluids; ate poor at lunch and tea. agitated and restless. Remained in bed for most of the shift.,GP review requested. Family to be updated by the manager.,Escalated to senior carer; observations taken.,Falls precautions in place; see incident log.,0,approved,,,2026-10-08 07:34:04
1051,RES004,2026-01-20,Night,P. Sharma,Care Worker,Daily,Assisted shower,Anxious,Poor,1222,,Yes,,No,Newspaper reading,Newspaper reading — declined.,Poor,Yes,,0,"Increased supervision required for Arthur this night. Assisted shower required full assistance from two staff; Arthur was unable to weight-bear reliably. Fluids 1222 ml over the night, poor appetite at meals. Mood anxious throughout; calling out intermittently and difficult to reassure.",Escalated to the senior on duty. Consider GP review if no improvement.,Escalated to senior carer; observations taken.,Falls precautions in place; see incident log.,0,approved,,,2026-10-08 07:34:04
1052,RES004,2026-01-21,Night,T. Nguyen,Care Worker,Daily,Bed bath,Agitated,Poor,1188,,Yes,,No,Hand massage,Hand massage — declined.,Poor,Yes,,0,Increased supervision required for Arthur this night. Bed bath completed with difficulty. Arthur was resistive at times and care was paused twice. 1188 ml of fluid encouraged across the shift; appetite poor. Very agitated. Attempted to mobilise unaided twice and required redirection.,GP review requested. Family to be updated by the manager.,Escalated to senior carer; observations taken.,Falls precautions in place; see incident log.,0,approved,,,2026-10-08 07:34:04
1053,RES004,2026-01-23,Morning,R. Kowalski,Care Worker,Daily,Full assistance with washing and dressing,Agitated,Poor,1174,,Yes,,No,Armchair exercises,Armchair exercises — declined.,Poor,No,,0,Increased supervision required for Arthur this morning. Full assistance with washing and dressing required full assistance from two staff; Arthur was unable to weight-bear reliably. 1174 ml of fluid encouraged across the shift; appetite poor. Mood agitated throughout; calling out intermittently and difficult to reassure.,Falls risk discussed at handover; sensor mat in place and hourly checks agreed.,Escalated to senior carer; observations taken.,Falls precautions in place; see incident log.,0,approved,,,2026-10-08 07:34:04
1054,RES004,2026-01-24,Night,T. Nguyen,Care Worker,Daily,Supported wash with encouragement,Low,Fair,1263,,Yes,,No,Reminiscence group,Reminiscence group — brief participation.,Disturbed,No,,0,"Arthur has been less settled this night. Supported wash with encouragement completed but Arthur was reluctant and needed encouragement. Fluids 1263 ml over the night, fair appetite at meals. Mood fluctuated and was largely low. Did not settle to reminiscence group.",Monitor fluid intake and report any further decline to the senior on duty.,Fluids encouraged; senior carer made aware.,Monitor intake and mood.,0,approved,,,2026-10-08 07:34:04
1055,RES004,2026-01-25,Afternoon,M. Nowak,Care Worker,Daily,Assisted shower,Agitated,Poor,1080,,Yes,,No,Bingo in the lounge,Bingo in the lounge — declined.,Poor,Yes,,0,"Arthur was noticeably unwell during the afternoon. Assisted shower with hoist assistance. Skin fragile, barrier cream applied. Fluids 1080 ml over the afternoon, poor appetite at meals. Very agitated. Attempted to mobilise unaided twice and required redirection.",Falls risk discussed at handover; sensor mat in place and hourly checks agreed.,Escalated to senior carer; observations taken.,Falls precautions in place; see incident log.,0,approved,,,2026-10-08 07:34:04
1056,RES004,2026-01-26,Morning,T. Nguyen,Care Worker,Daily,Bed bath,Confused,Poor,1119,,Yes,,No,Music session,Music session — declined.,Poor,No,,0,Increased supervision required for Arthur this morning. Bed bath required full assistance from two staff; Arthur was unable to weight-bear reliably. 1119 ml of fluid encouraged across the shift; appetite poor. confused and restless. Remained in bed for most of the shift.,GP review requested. Family to be updated by the manager.,Escalated to senior carer; observations taken.,Falls precautions in place; see incident log.,0,approved,,,2026-10-08 07:34:04
1057,RES004,2026-01-27,Afternoon,J. Okafor,Care Worker,Daily,Full wash at the sink,Low,Fair,1134,,Yes,,No,Craft table,Craft table — brief participation.,Disturbed,No,,0,Arthur needed more prompting than usual this afternoon. Full wash at the sink completed but Arthur was reluctant and needed encouragement. Took 1134 ml of fluids; ate fair at lunch and tea. Mood fluctuated and was largely low. Did not settle to craft table.,Fluids to be encouraged on the next shift; keep under observation.,Fluids encouraged; senior carer made aware.,Monitor intake and mood.,0,approved,,,2026-10-08 07:34:04
1058,RES004,2026-01-29,Afternoon,P. Sharma,Care Worker,Daily,Bed bath,Anxious,Poor,1148,,Yes,,No,Craft table,Craft table — declined.,Poor,No,,0,Arthur has had a poor afternoon and needed close support. Bed bath required full assistance from two staff; Arthur was unable to weight-bear reliably. Took 1148 ml of fluids; ate poor at lunch and tea. anxious and restless. Remained in bed for most of the shift.,Escalated to the senior on duty. Consider GP review if no improvement.,Escalated to senior carer; observations taken.,Falls precautions in place; see incident log.,0,approved,,,2026-10-08 07:34:04
1059,RES004,2026-01-30,Afternoon,T. Nguyen,Care Worker,Daily,Supported wash with encouragement,Anxious,Poor,1087,,Yes,,No,Craft table,Craft table — declined.,Poor,Yes,,0,Significant concerns for Arthur throughout the afternoon. Supported wash with encouragement required full assistance from two staff; Arthur was unable to weight-bear reliably. Fluid intake recorded at 1087 ml. Appetite described as poor. Very anxious. Attempted to mobilise unaided twice and required redirection.,Escalated to the senior on duty. Consider GP review if no improvement.,Escalated to senior carer; observations taken.,Falls precautions in place; see incident log.,0,approved,,,2026-10-08 07:34:04
1060,RES004,2026-01-31,Morning,D. Osei,Care Worker,Daily,Supported wash with encouragement,Anxious,Poor,1070,,Yes,,No,Newspaper reading,Newspaper reading — declined.,Poor,No,,0,Increased supervision required for Arthur this morning. Supported wash with encouragement required full assistance from two staff; Arthur was unable to weight-bear reliably. 1070 ml of fluid encouraged across the shift; appetite poor. Mood anxious throughout; calling out intermittently and difficult to reassure.,Escalated to the senior on duty. Consider GP review if no improvement.,Escalated to senior carer; observations taken.,Falls precautions in place; see incident log.,0,approved,,,2026-10-08 07:34:04
1061,RES004,2026-02-04,Morning,J. Okafor,Care Worker,Daily,Strip wash in bedroom,Confused,Poor,1132,,Yes,,No,One-to-one chat,One-to-one chat — declined.,Poor,No,,0,"Arthur has had a poor morning and needed close support. Strip wash in bedroom completed with difficulty. Arthur was resistive at times and care was paused twice. Fluids 1132 ml over the morning, poor appetite at meals. Mood confused throughout; calling out intermittently and difficult to reassure.",Falls risk discussed at handover; sensor mat in place and hourly checks agreed.,Escalated to senior carer; observations taken.,Falls precautions in place; see incident log.,0,approved,,,2026-10-08 07:34:04
1062,RES004,2026-02-05,Afternoon,R. Kowalski,Care Worker,Daily,Strip wash in bedroom,Anxious,Poor,1190,,Yes,,No,Rested in room,Rested in room — declined.,Poor,No,,0,"Arthur was noticeably unwell during the afternoon. Strip wash in bedroom with hoist assistance. Skin fragile, barrier cream applied. Fluids 1190 ml over the afternoon, poor appetite at meals. Mood anxious throughout; calling out intermittently and difficult to reassure.",Falls risk discussed at handover; sensor mat in place and hourly checks agreed.,Escalated to senior carer; observations taken.,Falls precautions in place; see incident log.,0,approved,,,2026-10-08 07:34:04
1063,RES004,2026-02-07,Night,B. Mensah,Care Worker,Daily,Strip wash in bedroom,Confused,Poor,1160,,Yes,,No,Reminiscence group,Reminiscence group — declined.,Poor,No,,0,Increased supervision required for Arthur this night. Strip wash in bedroom required full assistance from two staff; Arthur was unable to weight-bear reliably. Took 1160 ml of fluids; ate poor at lunch and tea. confused and restless. Remained in bed for most of the shift.,Escalated to the senior on duty. Consider GP review if no improvement.,Escalated to senior carer; observations taken.,Falls precautions in place; see incident log.,0,approved,,,2026-10-08 07:34:04
1064,RES004,2026-02-08,Morning,A. Whitfield,Care Worker,Daily,Strip wash in bedroom,Agitated,Poor,1266,,Yes,,No,Newspaper reading,Newspaper reading — declined.,Poor,Yes,,0,"Arthur was noticeably unwell during the morning. Strip wash in bedroom required full assistance from two staff; Arthur was unable to weight-bear reliably. Fluids 1266 ml over the morning, poor appetite at meals. Very agitated. Attempted to mobilise unaided twice and required redirection.",GP review requested. Family to be updated by the manager.,Escalated to senior carer; observations taken.,Falls precautions in place; see incident log.,0,approved,,,2026-10-08 07:34:04
1065,RES004,2026-02-09,Afternoon,L. Ahmed,Care Worker,Daily,Supported wash with encouragement,Confused,Poor,932,,Yes,,No,Bingo in the lounge,Bingo in the lounge — declined.,Poor,No,,0,Significant concerns for Arthur throughout the afternoon. Supported wash with encouragement required full assistance from two staff; Arthur was unable to weight-bear reliably. 932 ml of fluid encouraged across the shift; appetite poor. Very confused. Attempted to mobilise unaided twice and required redirection.,Escalated to the senior on duty. Consider GP review if no improvement.,Escalated to senior carer; observations taken.,Falls precautions in place; see incident log.,0,approved,,,2026-10-08 07:34:04
1066,RES004,2026-02-11,Morning,T. Nguyen,Care Worker,Daily,Full wash at the sink,Agitated,Poor,1073,,Yes,,No,Garden walk with staff,Garden walk with staff — declined.,Poor,No,,0,Increased supervision required for Arthur this morning. Full wash at the sink completed with difficulty. Arthur was resistive at times and care was paused twice. Took 1073 ml of fluids; ate poor at lunch and tea. Mood agitated throughout; calling out intermittently and difficult to reassure.,GP review requested. Family to be updated by the manager.,Escalated to senior carer; observations taken.,Falls precautions in place; see incident log.,0,approved,,,2026-10-08 07:34:04
1067,RES004,2026-02-12,Afternoon,K. Adeyemi,Care Worker,Daily,Full assistance with washing and dressing,Anxious,Poor,1227,,Yes,,No,Craft table,Craft table — declined.,Poor,Yes,,0,Arthur has had a poor afternoon and needed close support. Full assistance with washing and dressing required full assistance from two staff; Arthur was unable to weight-bear reliably. 1227 ml of fluid encouraged across the shift; appetite poor. Very anxious. Attempted to mobilise unaided twice and required redirection.,GP review requested. Family to be updated by the manager.,Escalated to senior carer; observations taken.,Falls precautions in place; see incident log.,0,approved,,,2026-10-08 07:34:04
1068,RES004,2026-02-13,Night,L. Ahmed,Care Worker,Daily,Full assistance with washing and dressing,Anxious,Poor,955,,Yes,,No,Bingo in the lounge,Bingo in the lounge — declined.,Poor,Yes,,0,"Arthur was noticeably unwell during the night. Full assistance with washing and dressing required full assistance from two staff; Arthur was unable to weight-bear reliably. Fluids 955 ml over the night, poor appetite at meals. Mood anxious throughout; calling out intermittently and difficult to reassure.",GP review requested. Family to be updated by the manager.,Escalated to senior carer; observations taken.,Falls precautions in place; see incident log.,0,approved,,,2026-10-08 07:34:04
1069,RES004,2026-02-14,Night,P. Sharma,Care Worker,Daily,Strip wash in bedroom,Anxious,Poor,1217,,Yes,,No,Hand massage,Hand massage — declined.,Poor,No,,0,"Arthur has had a poor night and needed close support. Strip wash in bedroom completed with difficulty. Arthur was resistive at times and care was paused twice. Fluids 1217 ml over the night, poor appetite at meals. Mood anxious throughout; calling out intermittently and difficult to reassure.",Falls risk discussed at handover; sensor mat in place and hourly checks agreed.,Escalated to senior carer; observations taken.,Falls precautions in place; see incident log.,0,approved,,,2026-10-08 07:34:04
1070,RES004,2026-02-15,Night,T. Nguyen,Care Worker,Daily,Full wash at the sink,Anxious,Poor,1177,,Yes,,No,Music session,Music session — declined.,Poor,No,,0,"Significant concerns for Arthur throughout the night. Full wash at the sink with hoist assistance. Skin fragile, barrier cream applied. Fluids 1177 ml over the night, poor appetite at meals. Mood anxious throughout; calling out intermittently and difficult to reassure.",Falls risk discussed at handover; sensor mat in place and hourly checks agreed.,Escalated to senior carer; observations taken.,Falls precautions in place; see incident log.,0,approved,,,2026-10-08 07:34:04
1071,RES004,2026-02-17,Night,B. Mensah,Care Worker,Daily,Bed bath,Confused,Poor,1011,,Yes,,No,Craft table,Craft table — declined.,Poor,Yes,,0,Increased supervision required for Arthur this night. Bed bath required full assistance from two staff; Arthur was unable to weight-bear reliably. Fluid intake recorded at 1011 ml. Appetite described as poor. confused and restless. Remained in bed for most of the shift.,Falls risk discussed at handover; sensor mat in place and hourly checks agreed.,Escalated to senior carer; observations taken.,Falls precautions in place; see incident log.,0,approved,,,2026-10-08 07:34:04
1072,RES004,2026-02-18,Night,D. Osei,Care Worker,Daily,Supported wash with encouragement,Confused,Poor,1198,,Yes,,No,Rested in room,Rested in room — declined.,Poor,Yes,,0,"Arthur has had a poor night and needed close support. Supported wash with encouragement with hoist assistance. Skin fragile, barrier cream applied. Fluids 1198 ml over the night, poor appetite at meals. Very confused. Attempted to mobilise unaided twice and required redirection.",GP review requested. Family to be updated by the manager.,Escalated to senior carer; observations taken.,Falls precautions in place; see incident log.,0,approved,,,2026-10-08 07:34:04
1073,RES004,2026-02-19,Morning,L. Ahmed,Care Worker,Daily,Strip wash in bedroom,Anxious,Poor,1280,,Yes,,No,Craft table,Craft table — declined.,Poor,Yes,,0,"Significant concerns for Arthur throughout the morning. Strip wash in bedroom completed with difficulty. Arthur was resistive at times and care was paused twice. Fluids 1280 ml over the morning, poor appetite at meals. Mood anxious throughout; calling out intermittently and difficult to reassure.",Escalated to the senior on duty. Consider GP review if no improvement.,Escalated to senior carer; observations taken.,Falls precautions in place; see incident log.,0,approved,,,2026-10-08 07:34:04
1074,RES004,2026-02-20,Afternoon,T. Nguyen,Care Worker,Daily,Full wash at the sink,Confused,Poor,1190,,Yes,,No,Newspaper reading,Newspaper reading — declined.,Poor,No,,0,Arthur was noticeably unwell during the afternoon. Full wash at the sink completed with difficulty. Arthur was resistive at times and care was paused twice. 1190 ml of fluid encouraged across the shift; appetite poor. confused and restless. Remained in bed for most of the shift.,Escalated to the senior on duty. Consider GP review if no improvement.,Escalated to senior carer; observations taken.,Falls precautions in place; see incident log.,0,approved,,,2026-10-08 07:34:04
1075,RES004,2026-02-22,Afternoon,M. Nowak,Care Worker,Daily,Full wash at the sink,Agitated,Poor,1164,,Yes,,No,Visiting singer,Visiting singer — declined.,Poor,Yes,,0,Arthur has had a poor afternoon and needed close support. Full wash at the sink required full assistance from two staff; Arthur was unable to weight-bear reliably. 1164 ml of fluid encouraged across the shift; appetite poor. Mood agitated throughout; calling out intermittently and difficult to reassure.,GP review requested. Family to be updated by the manager.,Escalated to senior carer; observations taken.,Falls precautions in place; see incident log.,0,approved,,,2026-10-08 07:34:04
1076,RES004,2026-02-23,Night,R. Kowalski,Care Worker,Daily,Assisted shower,Confused,Poor,1063,,Yes,,No,Newspaper reading,Newspaper reading — declined.,Poor,No,,0,"Arthur has had a poor night and needed close support. Assisted shower with hoist assistance. Skin fragile, barrier cream applied. 1063 ml of fluid encouraged across the shift; appetite poor. Very confused. Attempted to mobilise unaided twice and required redirection.",Falls risk discussed at handover; sensor mat in place and hourly checks agreed.,Escalated to senior carer; observations taken.,Falls precautions in place; see incident log.,0,approved,,,2026-10-08 07:34:04
1077,RES004,2026-02-24,Night,P. Sharma,Care Worker,Daily,Assisted shower,Agitated,Poor,1063,,Yes,,No,Newspaper reading,Newspaper reading — declined.,Poor,Yes,,0,"Significant concerns for Arthur throughout the night. Assisted shower with hoist assistance. Skin fragile, barrier cream applied. Took 1063 ml of fluids; ate poor at lunch and tea. Mood agitated throughout; calling out intermittently and difficult to reassure.",GP review requested. Family to be updated by the manager.,Escalated to senior carer; observations taken.,Falls precautions in place; see incident log.,0,approved,,,2026-10-08 07:34:04
1078,RES004,2026-02-25,Night,A. Whitfield,Care Worker,Daily,Full wash at the sink,Confused,Poor,1002,,Yes,,No,Craft table,Craft table — declined.,Poor,No,,0,"Increased supervision required for Arthur this night. Full wash at the sink with hoist assistance. Skin fragile, barrier cream applied. Fluids 1002 ml over the night, poor appetite at meals. Very confused. Attempted to mobilise unaided twice and required redirection.",Escalated to the senior on duty. Consider GP review if no improvement.,Escalated to senior carer; observations taken.,Falls precautions in place; see incident log.,0,approved,,,2026-10-08 07:34:04
1079,RES004,2026-02-26,Afternoon,R. Kowalski,Care Worker,Daily,Supported wash with encouragement,Anxious,Poor,1148,,Yes,,No,Reminiscence group,Reminiscence group — declined.,Poor,Yes,,0,Arthur has had a poor afternoon and needed close support. Supported wash with encouragement required full assistance from two staff; Arthur was unable to weight-bear reliably. 1148 ml of fluid encouraged across the shift; appetite poor. anxious and restless. Remained in bed for most of the shift.,Escalated to the senior on duty. Consider GP review if no improvement.,Escalated to senior carer; observations taken.,Falls precautions in place; see incident log.,0,approved,,,2026-10-08 07:34:04
1080,RES004,2026-02-27,Afternoon,K. Adeyemi,Care Worker,Daily,Strip wash in bedroom,Confused,Poor,1236,,Yes,,No,Craft table,Craft table — declined.,Poor,No,,0,Arthur has had a poor afternoon and needed close support. Strip wash in bedroom completed with difficulty. Arthur was resistive at times and care was paused twice. 1236 ml of fluid encouraged across the shift; appetite poor. Mood confused throughout; calling out intermittently and difficult to reassure.,Falls risk discussed at handover; sensor mat in place and hourly checks agreed.,Escalated to senior carer; observations taken.,Falls precautions in place; see incident log.,0,approved,,,2026-10-08 07:34:04
1081,RES004,2026-02-28,Afternoon,S. Patel,Care Worker,Daily,Full wash at the sink,Confused,Poor,1081,,Yes,,No,Garden walk with staff,Garden walk with staff — declined.,Poor,No,,0,Arthur was noticeably unwell during the afternoon. Full wash at the sink completed with difficulty. Arthur was resistive at times and care was paused twice. 1081 ml of fluid encouraged across the shift; appetite poor. Very confused. Attempted to mobilise unaided twice and required redirection.,Escalated to the senior on duty. Consider GP review if no improvement.,Escalated to senior carer; observations taken.,Falls precautions in place; see incident log.,0,approved,,,2026-10-08 07:34:04
1082,RES004,2026-03-01,Night,D. Osei,Care Worker,Daily,Supported wash with encouragement,Agitated,Poor,936,,Yes,,No,Garden walk with staff,Garden walk with staff — declined.,Poor,No,,0,"Arthur was noticeably unwell during the night. Supported wash with encouragement with hoist assistance. Skin fragile, barrier cream applied. Took 936 ml of fluids; ate poor at lunch and tea. Very agitated. Attempted to mobilise unaided twice and required redirection.",Escalated to the senior on duty. Consider GP review if no improvement.,Escalated to senior carer; observations taken.,Falls precautions in place; see incident log.,0,approved,,,2026-10-08 07:34:04
1083,RES004,2026-03-02,Night,B. Mensah,Care Worker,Daily,Full wash at the sink,Anxious,Poor,1038,,Yes,,No,Garden walk with staff,Garden walk with staff — declined.,Poor,No,,0,"Significant concerns for Arthur throughout the night. Full wash at the sink required full assistance from two staff; Arthur was unable to weight-bear reliably. Fluids 1038 ml over the night, poor appetite at meals. Very anxious. Attempted to mobilise unaided twice and required redirection.",GP review requested. Family to be updated by the manager.,Escalated to senior carer; observations taken.,Falls precautions in place; see incident log.,0,approved,,,2026-10-08 07:34:04
1084,RES004,2026-03-03,Afternoon,L. Ahmed,Care Worker,Daily,Full assistance with washing and dressing,Agitated,Poor,1077,,Yes,,No,Music session,Music session — declined.,Poor,No,,0,"Significant concerns for Arthur throughout the afternoon. Full assistance with washing and dressing with hoist assistance. Skin fragile, barrier cream applied. 1077 ml of fluid encouraged across the shift; appetite poor. Very agitated. Attempted to mobilise unaided twice and required redirection.",GP review requested. Family to be updated by the manager.,Escalated to senior carer; observations taken.,Falls precautions in place; see incident log.,0,approved,,,2026-10-08 07:34:04
1085,RES004,2026-03-04,Afternoon,L. Ahmed,Care Worker,Daily,Strip wash in bedroom,Anxious,Poor,1093,,Yes,,No,Armchair exercises,Armchair exercises — declined.,Poor,No,,0,Increased supervision required for Arthur this afternoon. Strip wash in bedroom required full assistance from two staff; Arthur was unable to weight-bear reliably. 1093 ml of fluid encouraged across the shift; appetite poor. anxious and restless. Remained in bed for most of the shift.,Falls risk discussed at handover; sensor mat in place and hourly checks agreed.,Escalated to senior carer; observations taken.,Falls precautions in place; see incident log.,0,approved,,,2026-10-08 07:34:04
1086,RES004,2026-03-06,Night,C. Fernandes,Care Worker,Daily,Full assistance with washing and dressing,Anxious,Poor,1171,,Yes,,No,Bingo in the lounge,Bingo in the lounge — declined.,Poor,Yes,,0,"Arthur was noticeably unwell during the night. Full assistance with washing and dressing with hoist assistance. Skin fragile, barrier cream applied. Fluids 1171 ml over the night, poor appetite at meals. Very anxious. Attempted to mobilise unaided twice and required redirection.",Falls risk discussed at handover; sensor mat in place and hourly checks agreed.,Escalated to senior carer; observations taken.,Falls precautions in place; see incident log.,0,approved,,,2026-10-08 07:34:04
1087,RES004,2026-03-08,Afternoon,K. Adeyemi,Care Worker,Daily,Assisted shower,Anxious,Poor,1284,,Yes,,No,Garden walk with staff,Garden walk with staff — declined.,Poor,Yes,,0,Increased supervision required for Arthur this afternoon. Assisted shower required full assistance from two staff; Arthur was unable to weight-bear reliably. Fluid intake recorded at 1284 ml. Appetite described as poor. Very anxious. Attempted to mobilise unaided twice and required redirection.,GP review requested. Family to be updated by the manager.,Escalated to senior carer; observations taken.,Falls precautions in place; see incident log.,0,approved,,,2026-10-08 07:34:04
1088,RES004,2026-03-09,Afternoon,J. Okafor,Care Worker,Daily,Full assistance with washing and dressing,Anxious,Poor,1350,,Yes,,No,Craft table,Craft table — declined.,Poor,No,,0,"Arthur has had a poor afternoon and needed close support. Full assistance with washing and dressing with hoist assistance. Skin fragile, barrier cream applied. Fluids 1350 ml over the afternoon, poor appetite at meals. anxious and restless. Remained in bed for most of the shift.",Falls risk discussed at handover; sensor mat in place and hourly checks agreed.,Escalated to senior carer; observations taken.,Falls precautions in place; see incident log.,0,approved,,,2026-10-08 07:34:04
1089,RES004,2026-03-10,Afternoon,K. Adeyemi,Care Worker,Daily,Assisted shower,Confused,Poor,1124,,Yes,,No,Visiting singer,Visiting singer — declined.,Poor,Yes,,0,"Arthur has had a poor afternoon and needed close support. Assisted shower with hoist assistance. Skin fragile, barrier cream applied. 1124 ml of fluid encouraged across the shift; appetite poor. Mood confused throughout; calling out intermittently and difficult to reassure.",Falls risk discussed at handover; sensor mat in place and hourly checks agreed.,Escalated to senior carer; observations taken.,Falls precautions in place; see incident log.,0,approved,,,2026-10-08 07:34:04
1090,RES004,2026-03-12,Morning,S. Patel,Care Worker,Daily,Full assistance with washing and dressing,Agitated,Poor,1213,,Yes,,No,Bingo in the lounge,Bingo in the lounge — declined.,Poor,Yes,,0,Significant concerns for Arthur throughout the morning. Full assistance with washing and dressing required full assistance from two staff; Arthur was unable to weight-bear reliably. Took 1213 ml of fluids; ate poor at lunch and tea. Very agitated. Attempted to mobilise unaided twice and required redirection.,Falls risk discussed at handover; sensor mat in place and hourly checks agreed.,Escalated to senior carer; observations taken.,Falls precautions in place; see incident log.,0,approved,,,2026-10-08 07:34:04
1091,RES004,2026-03-13,Night,K. Adeyemi,Care Worker,Daily,Bed bath,Confused,Poor,1087,,Yes,,No,Visiting singer,Visiting singer — declined.,Poor,Yes,,0,Arthur has had a poor night and needed close support. Bed bath completed with difficulty. Arthur was resistive at times and care was paused twice. Took 1087 ml of fluids; ate poor at lunch and tea. Very confused. Attempted to mobilise unaided twice and required redirection.,GP review requested. Family to be updated by the manager.,Escalated to senior carer; observations taken.,Falls precautions in place; see incident log.,0,approved,,,2026-10-08 07:34:04
1092,RES004,2026-03-14,Afternoon,J. Okafor,Care Worker,Daily,Supported wash with encouragement,Confused,Poor,1143,,Yes,,No,Newspaper reading,Newspaper reading — declined.,Poor,Yes,,0,"Arthur has had a poor afternoon and needed close support. Supported wash with encouragement with hoist assistance. Skin fragile, barrier cream applied. Took 1143 ml of fluids; ate poor at lunch and tea. Very confused. Attempted to mobilise unaided twice and required redirection.",Falls risk discussed at handover; sensor mat in place and hourly checks agreed.,Escalated to senior carer; observations taken.,Falls precautions in place; see incident log.,0,approved,,,2026-10-08 07:34:04
1093,RES004,2026-03-15,Afternoon,C. Fernandes,Care Worker,Daily,Strip wash in bedroom,Anxious,Poor,1029,,Yes,,No,Newspaper reading,Newspaper reading — declined.,Poor,Yes,,0,"Significant concerns for Arthur throughout the afternoon. Strip wash in bedroom completed with difficulty. Arthur was resistive at times and care was paused twice. Fluids 1029 ml over the afternoon, poor appetite at meals. Very anxious. Attempted to mobilise unaided twice and required redirection.",Falls risk discussed at handover; sensor mat in place and hourly checks agreed.,Escalated to senior carer; observations taken.,Falls precautions in place; see incident log.,0,approved,,,2026-10-08 07:34:04
1094,RES004,2026-03-16,Night,C. Fernandes,Care Worker,Daily,Full assistance with washing and dressing,Anxious,Poor,944,,Yes,,No,Music session,Music session — declined.,Poor,No,,0,Increased supervision required for Arthur this night. Full assistance with washing and dressing completed with difficulty. Arthur was resistive at times and care was paused twice. Fluid intake recorded at 944 ml. Appetite described as poor. Very anxious. Attempted to mobilise unaided twice and required redirection.,Escalated to the senior on duty. Consider GP review if no improvement.,Escalated to senior carer; observations taken.,Falls precautions in place; see incident log.,0,approved,,,2026-10-08 07:34:04
1095,RES004,2026-03-17,Night,B. Mensah,Care Worker,Daily,Bed bath,Anxious,Poor,1102,,Yes,,No,One-to-one chat,One-to-one chat — declined.,Poor,Yes,,0,"Increased supervision required for Arthur this night. Bed bath with hoist assistance. Skin fragile, barrier cream applied. Fluid intake recorded at 1102 ml. Appetite described as poor. Very anxious. Attempted to mobilise unaided twice and required redirection.",GP review requested. Family to be updated by the manager.,Escalated to senior carer; observations taken.,Falls precautions in place; see incident log.,0,approved,,,2026-10-08 07:34:04
1096,RES004,2026-03-18,Night,P. Sharma,Care Worker,Daily,Supported wash with encouragement,Agitated,Poor,1049,,Yes,,No,Rested in room,Rested in room — declined.,Poor,Yes,,0,Arthur has had a poor night and needed close support. Supported wash with encouragement completed with difficulty. Arthur was resistive at times and care was paused twice. 1049 ml of fluid encouraged across the shift; appetite poor. agitated and restless. Remained in bed for most of the shift.,Escalated to the senior on duty. Consider GP review if no improvement.,Escalated to senior carer; observations taken.,Falls precautions in place; see incident log.,0,approved,,,2026-10-08 07:34:04
1097,RES004,2026-03-20,Afternoon,M. Nowak,Care Worker,Daily,Assisted shower,Anxious,Poor,1170,,Yes,,No,Craft table,Craft table — declined.,Poor,No,,0,"Arthur has had a poor afternoon and needed close support. Assisted shower with hoist assistance. Skin fragile, barrier cream applied. 1170 ml of fluid encouraged across the shift; appetite poor. Very anxious. Attempted to mobilise unaided twice and required redirection.",Falls risk discussed at handover; sensor mat in place and hourly checks agreed.,Escalated to senior carer; observations taken.,Falls precautions in place; see incident log.,0,approved,,,2026-10-08 07:34:04
1098,RES004,2026-03-21,Afternoon,C. Fernandes,Care Worker,Daily,Strip wash in bedroom,Anxious,Poor,1094,,Yes,,No,Music session,Music session — declined.,Poor,No,,0,"Arthur has had a poor afternoon and needed close support. Strip wash in bedroom with hoist assistance. Skin fragile, barrier cream applied. 1094 ml of fluid encouraged across the shift; appetite poor. Very anxious. Attempted to mobilise unaided twice and required redirection.",Escalated to the senior on duty. Consider GP review if no improvement.,Escalated to senior carer; observations taken.,Falls precautions in place; see incident log.,0,approved,,,2026-10-08 07:34:04
1099,RES004,2026-03-22,Night,R. Kowalski,Care Worker,Daily,Strip wash in bedroom,Confused,Poor,1117,,Yes,,No,Newspaper reading,Newspaper reading — declined.,Poor,No,,0,Arthur was noticeably unwell during the night. Strip wash in bedroom required full assistance from two staff; Arthur was unable to weight-bear reliably. Took 1117 ml of fluids; ate poor at lunch and tea. Very confused. Attempted to mobilise unaided twice and required redirection.,Falls risk discussed at handover; sensor mat in place and hourly checks agreed.,Escalated to senior carer; observations taken.,Falls precautions in place; see incident log.,0,approved,,,2026-10-08 07:34:04
1100,RES004,2026-03-23,Afternoon,P. Sharma,Care Worker,Daily,Strip wash in bedroom,Anxious,Poor,1042,,Yes,,No,Hand massage,Hand massage — declined.,Poor,Yes,,0,"Significant concerns for Arthur throughout the afternoon. Strip wash in bedroom required full assistance from two staff; Arthur was unable to weight-bear reliably. Fluids 1042 ml over the afternoon, poor appetite at meals. anxious and restless. Remained in bed for most of the shift.",Falls risk discussed at handover; sensor mat in place and hourly checks agreed.,Escalated to senior carer; observations taken.,Falls precautions in place; see incident log.,0,approved,,,2026-10-08 07:34:04
1101,RES004,2026-03-24,Morning,B. Mensah,Care Worker,Daily,Bed bath,Anxious,Poor,1058,,Yes,,No,Garden walk with staff,Garden walk with staff — declined.,Poor,No,,0,Arthur was noticeably unwell during the morning. Bed bath completed with difficulty. Arthur was resistive at times and care was paused twice. 1058 ml of fluid encouraged across the shift; appetite poor. Very anxious. Attempted to mobilise unaided twice and required redirection.,Falls risk discussed at handover; sensor mat in place and hourly checks agreed.,Escalated to senior carer; observations taken.,Falls precautions in place; see incident log.,0,approved,,,2026-10-08 07:34:04
1102,RES004,2026-03-27,Morning,J. Okafor,Care Worker,Daily,Full wash at the sink,Agitated,Poor,1078,,Yes,,No,Visiting singer,Visiting singer — declined.,Poor,Yes,,0,Arthur has had a poor morning and needed close support. Full wash at the sink required full assistance from two staff; Arthur was unable to weight-bear reliably. 1078 ml of fluid encouraged across the shift; appetite poor. Very agitated. Attempted to mobilise unaided twice and required redirection.,Falls risk discussed at handover; sensor mat in place and hourly checks agreed.,Escalated to senior carer; observations taken.,Falls precautions in place; see incident log.,0,approved,,,2026-10-08 07:34:04
1103,RES004,2026-03-28,Night,K. Adeyemi,Care Worker,Daily,Supported wash with encouragement,Agitated,Poor,1177,,Yes,,No,Hand massage,Hand massage — declined.,Poor,No,,0,"Increased supervision required for Arthur this night. Supported wash with encouragement with hoist assistance. Skin fragile, barrier cream applied. Fluids 1177 ml over the night, poor appetite at meals. Mood agitated throughout; calling out intermittently and difficult to reassure.",GP review requested. Family to be updated by the manager.,Escalated to senior carer; observations taken.,Falls precautions in place; see incident log.,0,approved,,,2026-10-08 07:34:04
1104,RES004,2026-03-29,Morning,K. Adeyemi,Care Worker,Daily,Supported wash with encouragement,Agitated,Poor,1100,,Yes,,No,Newspaper reading,Newspaper reading — declined.,Poor,No,,0,"Arthur was noticeably unwell during the morning. Supported wash with encouragement required full assistance from two staff; Arthur was unable to weight-bear reliably. Fluids 1100 ml over the morning, poor appetite at meals. agitated and restless. Remained in bed for most of the shift.",GP review requested. Family to be updated by the manager.,Escalated to senior carer; observations taken.,Falls precautions in place; see incident log.,0,approved,,,2026-10-08 07:34:04
1105,RES004,2026-04-01,Morning,B. Mensah,Care Worker,Daily,Supported wash with encouragement,Agitated,Poor,1048,,Yes,,No,Garden walk with staff,Garden walk with staff — declined.,Poor,Yes,,0,Arthur was noticeably unwell during the morning. Supported wash with encouragement required full assistance from two staff; Arthur was unable to weight-bear reliably. Fluid intake recorded at 1048 ml. Appetite described as poor. Very agitated. Attempted to mobilise unaided twice and required redirection.,GP review requested. Family to be updated by the manager.,Escalated to senior carer; observations taken.,Falls precautions in place; see incident log.,0,approved,,,2026-10-08 07:34:04
1106,RES004,2026-04-02,Morning,D. Osei,Care Worker,Daily,Strip wash in bedroom,Anxious,Poor,1043,,Yes,,No,Garden walk with staff,Garden walk with staff — declined.,Poor,No,,0,Significant concerns for Arthur throughout the morning. Strip wash in bedroom completed with difficulty. Arthur was resistive at times and care was paused twice. Fluid intake recorded at 1043 ml. Appetite described as poor. Very anxious. Attempted to mobilise unaided twice and required redirection.,GP review requested. Family to be updated by the manager.,Escalated to senior carer; observations taken.,Falls precautions in place; see incident log.,0,approved,,,2026-10-08 07:34:04
1107,RES004,2026-04-03,Morning,M. Nowak,Care Worker,Daily,Bed bath,Agitated,Poor,1147,,Yes,,No,Newspaper reading,Newspaper reading — declined.,Poor,No,,0,Significant concerns for Arthur throughout the morning. Bed bath required full assistance from two staff; Arthur was unable to weight-bear reliably. Took 1147 ml of fluids; ate poor at lunch and tea. Mood agitated throughout; calling out intermittently and difficult to reassure.,Escalated to the senior on duty. Consider GP review if no improvement.,Escalated to senior carer; observations taken.,Falls precautions in place; see incident log.,0,approved,,,2026-10-08 07:34:04
1108,RES004,2026-04-05,Morning,D. Osei,Care Worker,Daily,Assisted shower,Agitated,Poor,1076,,Yes,,No,Rested in room,Rested in room — declined.,Poor,Yes,,0,"Arthur was noticeably unwell during the morning. Assisted shower with hoist assistance. Skin fragile, barrier cream applied. Fluids 1076 ml over the morning, poor appetite at meals. Mood agitated throughout; calling out intermittently and difficult to reassure.",Falls risk discussed at handover; sensor mat in place and hourly checks agreed.,Escalated to senior carer; observations taken.,Falls precautions in place; see incident log.,0,approved,,,2026-10-08 07:34:04
1109,RES004,2026-04-06,Night,J. Okafor,Care Worker,Daily,Bed bath,Anxious,Poor,1050,,Yes,,No,Hand massage,Hand massage — declined.,Poor,No,,0,Arthur was noticeably unwell during the night. Bed bath required full assistance from two staff; Arthur was unable to weight-bear reliably. Took 1050 ml of fluids; ate poor at lunch and tea. Very anxious. Attempted to mobilise unaided twice and required redirection.,Falls risk discussed at handover; sensor mat in place and hourly checks agreed.,Escalated to senior carer; observations taken.,Falls precautions in place; see incident log.,0,approved,,,2026-10-08 07:34:04
1110,RES004,2026-04-07,Afternoon,K. Adeyemi,Care Worker,Daily,Full wash at the sink,Anxious,Poor,1164,,Yes,,No,Bingo in the lounge,Bingo in the lounge — declined.,Poor,Yes,,0,"Significant concerns for Arthur throughout the afternoon. Full wash at the sink with hoist assistance. Skin fragile, barrier cream applied. Fluids 1164 ml over the afternoon, poor appetite at meals. anxious and restless. Remained in bed for most of the shift.",Escalated to the senior on duty. Consider GP review if no improvement.,Escalated to senior carer; observations taken.,Falls precautions in place; see incident log.,0,approved,,,2026-10-08 07:34:04
1111,RES004,2026-04-08,Afternoon,R. Kowalski,Care Worker,Daily,Full wash at the sink,Anxious,Poor,1112,,Yes,,No,One-to-one chat,One-to-one chat — declined.,Poor,No,,0,"Arthur has had a poor afternoon and needed close support. Full wash at the sink with hoist assistance. Skin fragile, barrier cream applied. Fluid intake recorded at 1112 ml. Appetite described as poor. Very anxious. Attempted to mobilise unaided twice and required redirection.",Falls risk discussed at handover; sensor mat in place and hourly checks agreed.,Escalated to senior carer; observations taken.,Falls precautions in place; see incident log.,0,approved,,,2026-10-08 07:34:04
1112,RES004,2026-04-10,Afternoon,C. Fernandes,Care Worker,Daily,Strip wash in bedroom,Agitated,Poor,1018,,Yes,,No,Craft table,Craft table — declined.,Poor,Yes,,0,Significant concerns for Arthur throughout the afternoon. Strip wash in bedroom required full assistance from two staff; Arthur was unable to weight-bear reliably. Took 1018 ml of fluids; ate poor at lunch and tea. Mood agitated throughout; calling out intermittently and difficult to reassure.,Escalated to the senior on duty. Consider GP review if no improvement.,Escalated to senior carer; observations taken.,Falls precautions in place; see incident log.,0,approved,,,2026-10-08 07:34:04
1113,RES004,2026-04-12,Night,C. Fernandes,Care Worker,Daily,Full assistance with washing and dressing,Agitated,Poor,986,,Yes,,No,Newspaper reading,Newspaper reading — declined.,Poor,Yes,,0,Significant concerns for Arthur throughout the night. Full assistance with washing and dressing completed with difficulty. Arthur was resistive at times and care was paused twice. 986 ml of fluid encouraged across the shift; appetite poor. Mood agitated throughout; calling out intermittently and difficult to reassure.,Escalated to the senior on duty. Consider GP review if no improvement.,Escalated to senior carer; observations taken.,Falls precautions in place; see incident log.,0,approved,,,2026-10-08 07:34:04
1114,RES004,2026-04-13,Night,P. Sharma,Care Worker,Daily,Full wash at the sink,Confused,Poor,912,,Yes,,No,Music session,Music session — declined.,Poor,No,,0,Increased supervision required for Arthur this night. Full wash at the sink completed with difficulty. Arthur was resistive at times and care was paused twice. 912 ml of fluid encouraged across the shift; appetite poor. Mood confused throughout; calling out intermittently and difficult to reassure.,Escalated to the senior on duty. Consider GP review if no improvement.,Escalated to senior carer; observations taken.,Falls precautions in place; see incident log.,0,approved,,,2026-10-08 07:34:04
1115,RES004,2026-04-14,Morning,R. Kowalski,Care Worker,Daily,Full assistance with washing and dressing,Agitated,Poor,937,,Yes,,No,Craft table,Craft table — declined.,Poor,Yes,,0,Arthur was noticeably unwell during the morning. Full assistance with washing and dressing completed with difficulty. Arthur was resistive at times and care was paused twice. Took 937 ml of fluids; ate poor at lunch and tea. Very agitated. Attempted to mobilise unaided twice and required redirection.,Falls risk discussed at handover; sensor mat in place and hourly checks agreed.,Escalated to senior carer; observations taken.,Falls precautions in place; see incident log.,0,approved,,,2026-10-08 07:34:04
1116,RES004,2026-04-15,Afternoon,P. Sharma,Care Worker,Daily,Supported wash with encouragement,Agitated,Poor,1004,,Yes,,No,Reminiscence group,Reminiscence group — declined.,Poor,No,,0,"Arthur was noticeably unwell during the afternoon. Supported wash with encouragement required full assistance from two staff; Arthur was unable to weight-bear reliably. Fluids 1004 ml over the afternoon, poor appetite at meals. agitated and restless. Remained in bed for most of the shift.",GP review requested. Family to be updated by the manager.,Escalated to senior carer; observations taken.,Falls precautions in place; see incident log.,0,approved,,,2026-10-08 07:34:04
1117,RES004,2026-04-16,Night,J. Okafor,Care Worker,Daily,Strip wash in bedroom,Anxious,Poor,1175,,Yes,,No,Hand massage,Hand massage — declined.,Poor,No,,0,"Arthur was noticeably unwell during the night. Strip wash in bedroom with hoist assistance. Skin fragile, barrier cream applied. 1175 ml of fluid encouraged across the shift; appetite poor. Very anxious. Attempted to mobilise unaided twice and required redirection.",Falls risk discussed at handover; sensor mat in place and hourly checks agreed.,Escalated to senior carer; observations taken.,Falls precautions in place; see incident log.,0,approved,,,2026-10-08 07:34:04
1118,RES004,2026-04-17,Afternoon,P. Sharma,Care Worker,Daily,Assisted shower,Agitated,Poor,971,,Yes,,No,Hand massage,Hand massage — declined.,Poor,No,,0,"Increased supervision required for Arthur this afternoon. Assisted shower with hoist assistance. Skin fragile, barrier cream applied. 971 ml of fluid encouraged across the shift; appetite poor. Mood agitated throughout; calling out intermittently and difficult to reassure.",GP review requested. Family to be updated by the manager.,Escalated to senior carer; observations taken.,Falls precautions in place; see incident log.,0,approved,,,2026-10-08 07:34:04
1119,RES004,2026-04-18,Morning,J. Okafor,Care Worker,Daily,Bed bath,Anxious,Poor,1049,,Yes,,No,Hand massage,Hand massage — declined.,Poor,Yes,,0,"Increased supervision required for Arthur this morning. Bed bath with hoist assistance. Skin fragile, barrier cream applied. Fluid intake recorded at 1049 ml. Appetite described as poor. anxious and restless. Remained in bed for most of the shift.",GP review requested. Family to be updated by the manager.,Escalated to senior carer; observations taken.,Falls precautions in place; see incident log.,0,approved,,,2026-10-08 07:34:04
1120,RES004,2026-04-20,Morning,B. Mensah,Care Worker,Daily,Assisted shower,Confused,Poor,1075,,Yes,,No,Armchair exercises,Armchair exercises — declined.,Poor,Yes,,0,"Arthur was noticeably unwell during the morning. Assisted shower with hoist assistance. Skin fragile, barrier cream applied. Fluid intake recorded at 1075 ml. Appetite described as poor. Mood confused throughout; calling out intermittently and difficult to reassure.",Falls risk discussed at handover; sensor mat in place and hourly checks agreed.,Escalated to senior carer; observations taken.,Falls precautions in place; see incident log.,0,approved,,,2026-10-08 07:34:04
1121,RES004,2026-04-21,Night,D. Osei,Care Worker,Daily,Full wash at the sink,Confused,Poor,931,,Yes,,No,Visiting singer,Visiting singer — declined.,Poor,Yes,,0,Arthur was noticeably unwell during the night. Full wash at the sink completed with difficulty. Arthur was resistive at times and care was paused twice. Fluid intake recorded at 931 ml. Appetite described as poor. Mood confused throughout; calling out intermittently and difficult to reassure.,Falls risk discussed at handover; sensor mat in place and hourly checks agreed.,Escalated to senior carer; observations taken.,Falls precautions in place; see incident log.,0,approved,,,2026-10-08 07:34:04
1122,RES004,2026-04-22,Afternoon,C. Fernandes,Care Worker,Daily,Bed bath,Agitated,Poor,1136,,Yes,,No,Newspaper reading,Newspaper reading — declined.,Poor,No,,0,Arthur was noticeably unwell during the afternoon. Bed bath completed with difficulty. Arthur was resistive at times and care was paused twice. 1136 ml of fluid encouraged across the shift; appetite poor. Very agitated. Attempted to mobilise unaided twice and required redirection.,Escalated to the senior on duty. Consider GP review if no improvement.,Escalated to senior carer; observations taken.,Falls precautions in place; see incident log.,0,approved,,,2026-10-08 07:34:04
1123,RES004,2026-04-23,Afternoon,T. Nguyen,Care Worker,Daily,Bed bath,Confused,Poor,970,,Yes,,No,Reminiscence group,Reminiscence group — declined.,Poor,No,,0,Increased supervision required for Arthur this afternoon. Bed bath completed with difficulty. Arthur was resistive at times and care was paused twice. Took 970 ml of fluids; ate poor at lunch and tea. confused and restless. Remained in bed for most of the shift.,Falls risk discussed at handover; sensor mat in place and hourly checks agreed.,Escalated to senior carer; observations taken.,Falls precautions in place; see incident log.,0,approved,,,2026-10-08 07:34:04
1124,RES004,2026-04-25,Night,J. Okafor,Care Worker,Daily,Strip wash in bedroom,Agitated,Poor,987,,Yes,,No,Newspaper reading,Newspaper reading — declined.,Poor,No,,0,"Significant concerns for Arthur throughout the night. Strip wash in bedroom with hoist assistance. Skin fragile, barrier cream applied. Fluids 987 ml over the night, poor appetite at meals. Very agitated. Attempted to mobilise unaided twice and required redirection.",GP review requested. Family to be updated by the manager.,Escalated to senior carer; observations taken.,Falls precautions in place; see incident log.,0,approved,,,2026-10-08 07:34:04
1125,RES004,2026-04-27,Afternoon,S. Patel,Care Worker,Daily,Assisted shower,Confused,Poor,990,,Yes,,No,Craft table,Craft table — declined.,Poor,No,,0,Significant concerns for Arthur throughout the afternoon. Assisted shower required full assistance from two staff; Arthur was unable to weight-bear reliably. 990 ml of fluid encouraged across the shift; appetite poor. Mood confused throughout; calling out intermittently and difficult to reassure.,Falls risk discussed at handover; sensor mat in place and hourly checks agreed.,Escalated to senior carer; observations taken.,Falls precautions in place; see incident log.,0,approved,,,2026-10-08 07:34:04
1126,RES004,2026-04-29,Night,P. Sharma,Care Worker,Daily,Assisted shower,Agitated,Poor,926,,Yes,,No,Reminiscence group,Reminiscence group — declined.,Poor,Yes,,0,"Increased supervision required for Arthur this night. Assisted shower with hoist assistance. Skin fragile, barrier cream applied. Fluid intake recorded at 926 ml. Appetite described as poor. Mood agitated throughout; calling out intermittently and difficult to reassure.",Escalated to the senior on duty. Consider GP review if no improvement.,Escalated to senior carer; observations taken.,Falls precautions in place; see incident log.,0,approved,,,2026-10-08 07:34:04
1127,RES004,2026-04-30,Night,C. Fernandes,Care Worker,Daily,Strip wash in bedroom,Agitated,Poor,1223,,Yes,,No,Visiting singer,Visiting singer — declined.,Poor,No,,0,Arthur was noticeably unwell during the night. Strip wash in bedroom completed with difficulty. Arthur was resistive at times and care was paused twice. 1223 ml of fluid encouraged across the shift; appetite poor. Very agitated. Attempted to mobilise unaided twice and required redirection.,Falls risk discussed at handover; sensor mat in place and hourly checks agreed.,Escalated to senior carer; observations taken.,Falls precautions in place; see incident log.,0,approved,,,2026-10-08 07:34:04
1128,RES004,2026-05-01,Morning,P. Sharma,Care Worker,Daily,Full assistance with washing and dressing,Anxious,Poor,941,,Yes,,No,Newspaper reading,Newspaper reading — declined.,Poor,Yes,,0,"Increased supervision required for Arthur this morning. Full assistance with washing and dressing required full assistance from two staff; Arthur was unable to weight-bear reliably. Fluids 941 ml over the morning, poor appetite at meals. anxious and restless. Remained in bed for most of the shift.",Falls risk discussed at handover; sensor mat in place and hourly checks agreed.,Escalated to senior carer; observations taken.,Falls precautions in place; see incident log.,0,approved,,,2026-10-08 07:34:04
1129,RES004,2026-05-02,Afternoon,L. Ahmed,Care Worker,Daily,Assisted shower,Confused,Poor,995,,Yes,,No,Newspaper reading,Newspaper reading — declined.,Poor,No,,0,Arthur was noticeably unwell during the afternoon. Assisted shower completed with difficulty. Arthur was resistive at times and care was paused twice. 995 ml of fluid encouraged across the shift; appetite poor. confused and restless. Remained in bed for most of the shift.,Falls risk discussed at handover; sensor mat in place and hourly checks agreed.,Escalated to senior carer; observations taken.,Falls precautions in place; see incident log.,0,approved,,,2026-10-08 07:34:04
1130,RES004,2026-05-03,Morning,T. Nguyen,Care Worker,Daily,Full wash at the sink,Anxious,Poor,1030,,Yes,,No,One-to-one chat,One-to-one chat — declined.,Poor,Yes,,0,Arthur has had a poor morning and needed close support. Full wash at the sink completed with difficulty. Arthur was resistive at times and care was paused twice. 1030 ml of fluid encouraged across the shift; appetite poor. Very anxious. Attempted to mobilise unaided twice and required redirection.,Escalated to the senior on duty. Consider GP review if no improvement.,Escalated to senior carer; observations taken.,Falls precautions in place; see incident log.,0,approved,,,2026-10-08 07:34:04
1131,RES004,2026-05-04,Afternoon,S. Patel,Care Worker,Daily,Supported wash with encouragement,Anxious,Poor,1058,,Yes,,No,Visiting singer,Visiting singer — declined.,Poor,Yes,,0,Significant concerns for Arthur throughout the afternoon. Supported wash with encouragement completed with difficulty. Arthur was resistive at times and care was paused twice. Took 1058 ml of fluids; ate poor at lunch and tea. anxious and restless. Remained in bed for most of the shift.,Falls risk discussed at handover; sensor mat in place and hourly checks agreed.,Escalated to senior carer; observations taken.,Falls precautions in place; see incident log.,0,approved,,,2026-10-08 07:34:04
1132,RES004,2026-05-06,Night,D. Osei,Care Worker,Daily,Full assistance with washing and dressing,Confused,Poor,1067,,Yes,,No,Garden walk with staff,Garden walk with staff — declined.,Poor,No,,0,Arthur was noticeably unwell during the night. Full assistance with washing and dressing completed with difficulty. Arthur was resistive at times and care was paused twice. Fluid intake recorded at 1067 ml. Appetite described as poor. confused and restless. Remained in bed for most of the shift.,Falls risk discussed at handover; sensor mat in place and hourly checks agreed.,Escalated to senior carer; observations taken.,Falls precautions in place; see incident log.,0,approved,,,2026-10-08 07:34:04
1133,RES004,2026-05-07,Night,A. Whitfield,Care Worker,Daily,Strip wash in bedroom,Agitated,Poor,1050,,Yes,,No,Armchair exercises,Armchair exercises — declined.,Poor,No,,0,"Significant concerns for Arthur throughout the night. Strip wash in bedroom with hoist assistance. Skin fragile, barrier cream applied. Fluid intake recorded at 1050 ml. Appetite described as poor. Very agitated. Attempted to mobilise unaided twice and required redirection.",Escalated to the senior on duty. Consider GP review if no improvement.,Escalated to senior carer; observations taken.,Falls precautions in place; see incident log.,0,approved,,,2026-10-08 07:34:04
1134,RES004,2026-05-09,Morning,S. Patel,Care Worker,Daily,Bed bath,Anxious,Poor,1049,,Yes,,No,Newspaper reading,Newspaper reading — declined.,Poor,Yes,,0,Increased supervision required for Arthur this morning. Bed bath required full assistance from two staff; Arthur was unable to weight-bear reliably. 1049 ml of fluid encouraged across the shift; appetite poor. anxious and restless. Remained in bed for most of the shift.,Escalated to the senior on duty. Consider GP review if no improvement.,Escalated to senior carer; observations taken.,Falls precautions in place; see incident log.,0,approved,,,2026-10-08 07:34:04
1135,RES004,2026-05-10,Afternoon,A. Whitfield,Care Worker,Daily,Supported wash with encouragement,Agitated,Poor,934,,Yes,,No,One-to-one chat,One-to-one chat — declined.,Poor,Yes,,0,"Significant concerns for Arthur throughout the afternoon. Supported wash with encouragement with hoist assistance. Skin fragile, barrier cream applied. Took 934 ml of fluids; ate poor at lunch and tea. Very agitated. Attempted to mobilise unaided twice and required redirection.",Escalated to the senior on duty. Consider GP review if no improvement.,Escalated to senior carer; observations taken.,Falls precautions in place; see incident log.,0,approved,,,2026-10-08 07:34:04
1136,RES004,2026-05-11,Night,J. Okafor,Care Worker,Daily,Strip wash in bedroom,Anxious,Poor,1037,,Yes,,No,Bingo in the lounge,Bingo in the lounge — declined.,Poor,Yes,,0,"Significant concerns for Arthur throughout the night. Strip wash in bedroom with hoist assistance. Skin fragile, barrier cream applied. Fluid intake recorded at 1037 ml. Appetite described as poor. anxious and restless. Remained in bed for most of the shift.",Escalated to the senior on duty. Consider GP review if no improvement.,Escalated to senior carer; observations taken.,Falls precautions in place; see incident log.,0,approved,,,2026-10-08 07:34:04
1137,RES004,2026-05-12,Afternoon,A. Whitfield,Care Worker,Daily,Bed bath,Confused,Poor,844,,Yes,,No,Craft table,Craft table — declined.,Poor,Yes,,0,Arthur was noticeably unwell during the afternoon. Bed bath required full assistance from two staff; Arthur was unable to weight-bear reliably. Took 844 ml of fluids; ate poor at lunch and tea. confused and restless. Remained in bed for most of the shift.,GP review requested. Family to be updated by the manager.,Escalated to senior carer; observations taken.,Falls precautions in place; see incident log.,0,approved,,,2026-10-08 07:34:04
1138,RES004,2026-05-13,Morning,B. Mensah,Care Worker,Daily,Assisted shower,Anxious,Poor,857,,Yes,,No,Craft table,Craft table — declined.,Poor,No,,0,"Arthur was noticeably unwell during the morning. Assisted shower with hoist assistance. Skin fragile, barrier cream applied. 857 ml of fluid encouraged across the shift; appetite poor. Mood anxious throughout; calling out intermittently and difficult to reassure.",Escalated to the senior on duty. Consider GP review if no improvement.,Escalated to senior carer; observations taken.,Falls precautions in place; see incident log.,0,approved,,,2026-10-08 07:34:04
1139,RES004,2026-05-14,Morning,L. Ahmed,Care Worker,Daily,Strip wash in bedroom,Agitated,Poor,936,,Yes,,No,Garden walk with staff,Garden walk with staff — declined.,Poor,No,,0,"Arthur has had a poor morning and needed close support. Strip wash in bedroom with hoist assistance. Skin fragile, barrier cream applied. Fluid intake recorded at 936 ml. Appetite described as poor. Mood agitated throughout; calling out intermittently and difficult to reassure.",Falls risk discussed at handover; sensor mat in place and hourly checks agreed.,Escalated to senior carer; observations taken.,Falls precautions in place; see incident log.,0,approved,,,2026-10-08 07:34:04
1140,RES004,2026-05-15,Afternoon,B. Mensah,Care Worker,Daily,Bed bath,Confused,Poor,824,,Yes,,No,Bingo in the lounge,Bingo in the lounge — declined.,Poor,No,,0,"Arthur was noticeably unwell during the afternoon. Bed bath with hoist assistance. Skin fragile, barrier cream applied. Fluids 824 ml over the afternoon, poor appetite at meals. Very confused. Attempted to mobilise unaided twice and required redirection.",Falls risk discussed at handover; sensor mat in place and hourly checks agreed.,Escalated to senior carer; observations taken.,Falls precautions in place; see incident log.,0,approved,,,2026-10-08 07:34:04
1141,RES004,2026-05-17,Night,M. Nowak,Care Worker,Daily,Full wash at the sink,Confused,Poor,806,,Yes,,No,Rested in room,Rested in room — declined.,Poor,No,,0,Arthur was noticeably unwell during the night. Full wash at the sink required full assistance from two staff; Arthur was unable to weight-bear reliably. Took 806 ml of fluids; ate poor at lunch and tea. Mood confused throughout; calling out intermittently and difficult to reassure.,Escalated to the senior on duty. Consider GP review if no improvement.,Escalated to senior carer; observations taken.,Falls precautions in place; see incident log.,0,approved,,,2026-10-08 07:34:04
1142,RES004,2026-05-18,Afternoon,J. Okafor,Care Worker,Daily,Supported wash with encouragement,Anxious,Poor,869,,Yes,,No,Bingo in the lounge,Bingo in the lounge — declined.,Poor,Yes,,0,"Increased supervision required for Arthur this afternoon. Supported wash with encouragement with hoist assistance. Skin fragile, barrier cream applied. Took 869 ml of fluids; ate poor at lunch and tea. anxious and restless. Remained in bed for most of the shift.",GP review requested. Family to be updated by the manager.,Escalated to senior carer; observations taken.,Falls precautions in place; see incident log.,0,approved,,,2026-10-08 07:34:04
1143,RES004,2026-05-19,Night,B. Mensah,Care Worker,Daily,Strip wash in bedroom,Confused,Poor,847,,Yes,,No,Rested in room,Rested in room — declined.,Poor,No,,0,"Increased supervision required for Arthur this night. Strip wash in bedroom with hoist assistance. Skin fragile, barrier cream applied. 847 ml of fluid encouraged across the shift; appetite poor. confused and restless. Remained in bed for most of the shift.",Falls risk discussed at handover; sensor mat in place and hourly checks agreed.,Escalated to senior carer; observations taken.,Falls precautions in place; see incident log.,0,approved,,,2026-10-08 07:34:04
1144,RES004,2026-05-20,Morning,S. Patel,Care Worker,Daily,Full assistance with washing and dressing,Agitated,Poor,963,,Yes,,No,Reminiscence group,Reminiscence group — declined.,Poor,No,,0,Arthur was noticeably unwell during the morning. Full assistance with washing and dressing completed with difficulty. Arthur was resistive at times and care was paused twice. Fluid intake recorded at 963 ml. Appetite described as poor. Very agitated. Attempted to mobilise unaided twice and required redirection.,Escalated to the senior on duty. Consider GP review if no improvement.,Escalated to senior carer; observations taken.,Falls precautions in place; see incident log.,0,approved,,,2026-10-08 07:34:04
1145,RES004,2026-05-21,Afternoon,K. Adeyemi,Care Worker,Daily,Bed bath,Anxious,Poor,828,,Yes,,No,Reminiscence group,Reminiscence group — declined.,Poor,No,,0,Arthur has had a poor afternoon and needed close support. Bed bath required full assistance from two staff; Arthur was unable to weight-bear reliably. 828 ml of fluid encouraged across the shift; appetite poor. Very anxious. Attempted to mobilise unaided twice and required redirection.,GP review requested. Family to be updated by the manager.,Escalated to senior carer; observations taken.,Falls precautions in place; see incident log.,0,approved,,,2026-10-08 07:34:04
1146,RES004,2026-05-22,Morning,R. Kowalski,Care Worker,Daily,Assisted shower,Anxious,Poor,1091,,Yes,,No,Music session,Music session — declined.,Poor,No,,0,Significant concerns for Arthur throughout the morning. Assisted shower completed with difficulty. Arthur was resistive at times and care was paused twice. Took 1091 ml of fluids; ate poor at lunch and tea. anxious and restless. Remained in bed for most of the shift.,GP review requested. Family to be updated by the manager.,Escalated to senior carer; observations taken.,Falls precautions in place; see incident log.,0,approved,,,2026-10-08 07:34:04
1147,RES004,2026-05-23,Afternoon,A. Whitfield,Care Worker,Daily,Bed bath,Agitated,Poor,819,,Yes,,No,Reminiscence group,Reminiscence group — declined.,Poor,Yes,,0,Arthur has had a poor afternoon and needed close support. Bed bath completed with difficulty. Arthur was resistive at times and care was paused twice. Took 819 ml of fluids; ate poor at lunch and tea. Very agitated. Attempted to mobilise unaided twice and required redirection.,Escalated to the senior on duty. Consider GP review if no improvement.,Escalated to senior carer; observations taken.,Falls precautions in place; see incident log.,0,approved,,,2026-10-08 07:34:04
1148,RES004,2026-05-25,Night,R. Kowalski,Care Worker,Daily,Assisted shower,Anxious,Poor,941,,Yes,,No,Armchair exercises,Armchair exercises — declined.,Poor,No,,0,Increased supervision required for Arthur this night. Assisted shower required full assistance from two staff; Arthur was unable to weight-bear reliably. 941 ml of fluid encouraged across the shift; appetite poor. Very anxious. Attempted to mobilise unaided twice and required redirection.,GP review requested. Family to be updated by the manager.,Escalated to senior carer; observations taken.,Falls precautions in place; see incident log.,0,approved,,,2026-10-08 07:34:04
1149,RES004,2026-05-28,Morning,M. Nowak,Care Worker,Daily,Assisted shower,Agitated,Poor,881,,Yes,,No,Hand massage,Hand massage — declined.,Poor,Yes,,0,"Significant concerns for Arthur throughout the morning. Assisted shower required full assistance from two staff; Arthur was unable to weight-bear reliably. Fluids 881 ml over the morning, poor appetite at meals. Very agitated. Attempted to mobilise unaided twice and required redirection.",Escalated to the senior on duty. Consider GP review if no improvement.,Escalated to senior carer; observations taken.,Falls precautions in place; see incident log.,0,approved,,,2026-10-08 07:34:04
1150,RES004,2026-05-31,Morning,B. Mensah,Care Worker,Daily,Full wash at the sink,Confused,Poor,680,,Yes,,No,Visiting singer,Visiting singer — declined.,Poor,Yes,,0,"Significant concerns for Arthur throughout the morning. Full wash at the sink with hoist assistance. Skin fragile, barrier cream applied. Fluids 680 ml over the morning, poor appetite at meals. confused and restless. Remained in bed for most of the shift.",Escalated to the senior on duty. Consider GP review if no improvement.,Escalated to senior carer; observations taken.,Falls precautions in place; see incident log.,0,approved,,,2026-10-08 07:34:04
1151,RES004,2026-06-01,Morning,K. Adeyemi,Care Worker,Daily,Bed bath,Agitated,Poor,837,,Yes,,No,Armchair exercises,Armchair exercises — declined.,Poor,No,,0,Arthur has had a poor morning and needed close support. Bed bath completed with difficulty. Arthur was resistive at times and care was paused twice. Took 837 ml of fluids; ate poor at lunch and tea. agitated and restless. Remained in bed for most of the shift.,Falls risk discussed at handover; sensor mat in place and hourly checks agreed.,Escalated to senior carer; observations taken.,Falls precautions in place; see incident log.,0,approved,,,2026-10-08 07:34:04
1152,RES004,2026-06-02,Night,R. Kowalski,Care Worker,Daily,Full assistance with washing and dressing,Agitated,Poor,728,,Yes,,No,Bingo in the lounge,Bingo in the lounge — declined.,Poor,Yes,,0,"Significant concerns for Arthur throughout the night. Full assistance with washing and dressing with hoist assistance. Skin fragile, barrier cream applied. 728 ml of fluid encouraged across the shift; appetite poor. Mood agitated throughout; calling out intermittently and difficult to reassure.",Falls risk discussed at handover; sensor mat in place and hourly checks agreed.,Escalated to senior carer; observations taken.,Falls precautions in place; see incident log.,0,approved,,,2026-10-08 07:34:04
1153,RES004,2026-06-03,Morning,P. Sharma,Care Worker,Daily,Bed bath,Agitated,Poor,931,,Yes,,No,Garden walk with staff,Garden walk with staff — declined.,Poor,Yes,,0,"Increased supervision required for Arthur this morning. Bed bath with hoist assistance. Skin fragile, barrier cream applied. Fluids 931 ml over the morning, poor appetite at meals. agitated and restless. Remained in bed for most of the shift.",GP review requested. Family to be updated by the manager.,Escalated to senior carer; observations taken.,Falls precautions in place; see incident log.,0,approved,,,2026-10-08 07:34:04
1154,RES004,2026-06-06,Morning,B. Mensah,Care Worker,Daily,Full assistance with washing and dressing,Agitated,Poor,884,,Yes,,No,Garden walk with staff,Garden walk with staff — declined.,Poor,Yes,,0,"Arthur was noticeably unwell during the morning. Full assistance with washing and dressing with hoist assistance. Skin fragile, barrier cream applied. Fluids 884 ml over the morning, poor appetite at meals. Very agitated. Attempted to mobilise unaided twice and required redirection.",Escalated to the senior on duty. Consider GP review if no improvement.,Escalated to senior carer; observations taken.,Falls precautions in place; see incident log.,0,approved,,,2026-10-08 07:34:04
1155,RES004,2026-06-07,Morning,A. Whitfield,Care Worker,Daily,Strip wash in bedroom,Anxious,Poor,669,,Yes,,No,Armchair exercises,Armchair exercises — declined.,Poor,Yes,,0,"Arthur was noticeably unwell during the morning. Strip wash in bedroom required full assistance from two staff; Arthur was unable to weight-bear reliably. Fluids 669 ml over the morning, poor appetite at meals. Mood anxious throughout; calling out intermittently and difficult to reassure.",Falls risk discussed at handover; sensor mat in place and hourly checks agreed.,Escalated to senior carer; observations taken.,Falls precautions in place; see incident log.,0,approved,,,2026-10-08 07:34:04
1156,RES004,2026-06-09,Afternoon,T. Nguyen,Care Worker,Daily,Assisted shower,Agitated,Poor,858,,Yes,,No,Bingo in the lounge,Bingo in the lounge — declined.,Poor,No,,0,"Increased supervision required for Arthur this afternoon. Assisted shower completed with difficulty. Arthur was resistive at times and care was paused twice. Fluids 858 ml over the afternoon, poor appetite at meals. Mood agitated throughout; calling out intermittently and difficult to reassure.",GP review requested. Family to be updated by the manager.,Escalated to senior carer; observations taken.,Falls precautions in place; see incident log.,0,approved,,,2026-10-08 07:34:04
1157,RES004,2026-06-12,Night,B. Mensah,Care Worker,Daily,Strip wash in bedroom,Confused,Poor,880,,Yes,,No,Visiting singer,Visiting singer — declined.,Poor,Yes,,0,Increased supervision required for Arthur this night. Strip wash in bedroom completed with difficulty. Arthur was resistive at times and care was paused twice. Took 880 ml of fluids; ate poor at lunch and tea. Mood confused throughout; calling out intermittently and difficult to reassure.,Falls risk discussed at handover; sensor mat in place and hourly checks agreed.,Escalated to senior carer; observations taken.,Falls precautions in place; see incident log.,0,approved,,,2026-10-08 07:34:04
1158,RES004,2026-06-13,Afternoon,M. Nowak,Care Worker,Daily,Full assistance with washing and dressing,Agitated,Poor,851,,Yes,,No,Craft table,Craft table — declined.,Poor,No,,0,"Increased supervision required for Arthur this afternoon. Full assistance with washing and dressing with hoist assistance. Skin fragile, barrier cream applied. 851 ml of fluid encouraged across the shift; appetite poor. agitated and restless. Remained in bed for most of the shift.",Escalated to the senior on duty. Consider GP review if no improvement.,Escalated to senior carer; observations taken.,Falls precautions in place; see incident log.,0,approved,,,2026-10-08 07:34:04
1159,RES004,2026-06-15,Afternoon,P. Sharma,Care Worker,Daily,Assisted shower,Agitated,Poor,945,,Yes,,No,Music session,Music session — declined.,Poor,No,,0,Arthur was noticeably unwell during the afternoon. Assisted shower completed with difficulty. Arthur was resistive at times and care was paused twice. Fluid intake recorded at 945 ml. Appetite described as poor. Mood agitated throughout; calling out intermittently and difficult to reassure.,GP review requested. Family to be updated by the manager.,Escalated to senior carer; observations taken.,Falls precautions in place; see incident log.,0,approved,,,2026-10-08 07:34:04
1160,RES004,2026-06-17,Night,T. Nguyen,Care Worker,Daily,Supported wash with encouragement,Agitated,Poor,826,,Yes,,No,Music session,Music session — declined.,Poor,No,,0,Increased supervision required for Arthur this night. Supported wash with encouragement completed with difficulty. Arthur was resistive at times and care was paused twice. Took 826 ml of fluids; ate poor at lunch and tea. Very agitated. Attempted to mobilise unaided twice and required redirection.,Falls risk discussed at handover; sensor mat in place and hourly checks agreed.,Escalated to senior carer; observations taken.,Falls precautions in place; see incident log.,0,approved,,,2026-10-08 07:34:04
1161,RES004,2026-06-18,Afternoon,S. Patel,Care Worker,Daily,Full assistance with washing and dressing,Anxious,Poor,941,,Yes,,No,One-to-one chat,One-to-one chat — declined.,Poor,Yes,,0,Arthur has had a poor afternoon and needed close support. Full assistance with washing and dressing required full assistance from two staff; Arthur was unable to weight-bear reliably. Took 941 ml of fluids; ate poor at lunch and tea. Mood anxious throughout; calling out intermittently and difficult to reassure.,GP review requested. Family to be updated by the manager.,Escalated to senior carer; observations taken.,Falls precautions in place; see incident log.,0,approved,,,2026-10-08 07:34:04
1162,RES004,2026-06-20,Afternoon,A. Whitfield,Care Worker,Daily,Full wash at the sink,Confused,Poor,806,,Yes,,No,Music session,Music session — declined.,Poor,No,,0,"Arthur was noticeably unwell during the afternoon. Full wash at the sink with hoist assistance. Skin fragile, barrier cream applied. Fluids 806 ml over the afternoon, poor appetite at meals. Very confused. Attempted to mobilise unaided twice and required redirection.",Escalated to the senior on duty. Consider GP review if no improvement.,Escalated to senior carer; observations taken.,Falls precautions in place; see incident log.,0,approved,,,2026-10-08 07:34:04
1163,RES004,2026-06-21,Morning,R. Kowalski,Care Worker,Daily,Supported wash with encouragement,Agitated,Poor,900,,Yes,,No,Hand massage,Hand massage — declined.,Poor,Yes,,0,"Significant concerns for Arthur throughout the morning. Supported wash with encouragement with hoist assistance. Skin fragile, barrier cream applied. Fluids 900 ml over the morning, poor appetite at meals. Mood agitated throughout; calling out intermittently and difficult to reassure.",Falls risk discussed at handover; sensor mat in place and hourly checks agreed.,Escalated to senior carer; observations taken.,Falls precautions in place; see incident log.,0,approved,,,2026-10-08 07:34:04
1164,RES004,2026-06-22,Night,A. Whitfield,Care Worker,Daily,Assisted shower,Agitated,Poor,787,,Yes,,No,Hand massage,Hand massage — declined.,Poor,Yes,,0,Significant concerns for Arthur throughout the night. Assisted shower completed with difficulty. Arthur was resistive at times and care was paused twice. Fluid intake recorded at 787 ml. Appetite described as poor. Mood agitated throughout; calling out intermittently and difficult to reassure.,Falls risk discussed at handover; sensor mat in place and hourly checks agreed.,Escalated to senior carer; observations taken.,Falls precautions in place; see incident log.,0,approved,,,2026-10-08 07:34:04
1165,RES004,2026-06-23,Morning,J. Okafor,Care Worker,Daily,Full assistance with washing and dressing,Confused,Poor,826,,Yes,,No,Visiting singer,Visiting singer — declined.,Poor,Yes,,0,"Arthur has had a poor morning and needed close support. Full assistance with washing and dressing required full assistance from two staff; Arthur was unable to weight-bear reliably. Fluids 826 ml over the morning, poor appetite at meals. Mood confused throughout; calling out intermittently and difficult to reassure.",Falls risk discussed at handover; sensor mat in place and hourly checks agreed.,Escalated to senior carer; observations taken.,Falls precautions in place; see incident log.,0,approved,,,2026-10-08 07:34:04
1166,RES004,2026-06-24,Afternoon,S. Patel,Care Worker,Daily,Full wash at the sink,Confused,Poor,765,,Yes,,No,Reminiscence group,Reminiscence group — declined.,Poor,No,,0,Arthur was noticeably unwell during the afternoon. Full wash at the sink required full assistance from two staff; Arthur was unable to weight-bear reliably. Fluid intake recorded at 765 ml. Appetite described as poor. Very confused. Attempted to mobilise unaided twice and required redirection.,Falls risk discussed at handover; sensor mat in place and hourly checks agreed.,Escalated to senior carer; observations taken.,Falls precautions in place; see incident log.,0,approved,,,2026-10-08 07:34:04
1167,RES004,2026-06-26,Morning,R. Kowalski,Care Worker,Daily,Supported wash with encouragement,Confused,Poor,848,,Yes,,No,One-to-one chat,One-to-one chat — declined.,Poor,Yes,,0,"Increased supervision required for Arthur this morning. Supported wash with encouragement completed with difficulty. Arthur was resistive at times and care was paused twice. Fluids 848 ml over the morning, poor appetite at meals. Very confused. Attempted to mobilise unaided twice and required redirection.",GP review requested. Family to be updated by the manager.,Escalated to senior carer; observations taken.,Falls precautions in place; see incident log.,0,approved,,,2026-10-08 07:34:04
1168,RES004,2026-06-27,Morning,D. Osei,Care Worker,Daily,Full assistance with washing and dressing,Confused,Poor,829,,Yes,,No,Visiting singer,Visiting singer — declined.,Poor,No,,0,"Arthur was noticeably unwell during the morning. Full assistance with washing and dressing with hoist assistance. Skin fragile, barrier cream applied. Took 829 ml of fluids; ate poor at lunch and tea. confused and restless. Remained in bed for most of the shift.",Escalated to the senior on duty. Consider GP review if no improvement.,Escalated to senior carer; observations taken.,Falls precautions in place; see incident log.,0,approved,,,2026-10-08 07:34:04
1169,RES004,2026-06-28,Afternoon,D. Osei,Care Worker,Daily,Strip wash in bedroom,Anxious,Poor,772,,Yes,,No,Reminiscence group,Reminiscence group — declined.,Poor,Yes,,0,Increased supervision required for Arthur this afternoon. Strip wash in bedroom completed with difficulty. Arthur was resistive at times and care was paused twice. 772 ml of fluid encouraged across the shift; appetite poor. anxious and restless. Remained in bed for most of the shift.,Escalated to the senior on duty. Consider GP review if no improvement.,Escalated to senior carer; observations taken.,Falls precautions in place; see incident log.,0,approved,,,2026-10-08 07:34:04
1170,RES004,2026-06-29,Night,L. Ahmed,Care Worker,Daily,Full assistance with washing and dressing,Anxious,Poor,928,,Yes,,No,Reminiscence group,Reminiscence group — declined.,Poor,No,,0,"Significant concerns for Arthur throughout the night. Full assistance with washing and dressing with hoist assistance. Skin fragile, barrier cream applied. Took 928 ml of fluids; ate poor at lunch and tea. anxious and restless. Remained in bed for most of the shift.",GP review requested. Family to be updated by the manager.,Escalated to senior carer; observations taken.,Falls precautions in place; see incident log.,0,approved,,,2026-10-08 07:34:04
1171,RES004,2026-06-30,Morning,D. Osei,Care Worker,Daily,Strip wash in bedroom,Agitated,Poor,932,,Yes,,No,Rested in room,Rested in room — declined.,Poor,Yes,,0,"Significant concerns for Arthur throughout the morning. Strip wash in bedroom with hoist assistance. Skin fragile, barrier cream applied. 932 ml of fluid encouraged across the shift; appetite poor. Mood agitated throughout; calling out intermittently and difficult to reassure.",Escalated to the senior on duty. Consider GP review if no improvement.,Escalated to senior carer; observations taken.,Falls precautions in place; see incident log.,0,approved,,,2026-10-08 07:34:04
1172,RES004,2026-07-02,Afternoon,A. Whitfield,Care Worker,Daily,Assisted shower,Agitated,Poor,845,,Yes,,No,Garden walk with staff,Garden walk with staff — declined.,Poor,Yes,,0,"Increased supervision required for Arthur this afternoon. Assisted shower with hoist assistance. Skin fragile, barrier cream applied. 845 ml of fluid encouraged across the shift; appetite poor. Mood agitated throughout; calling out intermittently and difficult to reassure.",GP review requested. Family to be updated by the manager.,Escalated to senior carer; observations taken.,Falls precautions in place; see incident log.,0,approved,,,2026-10-08 07:34:04
1173,RES004,2026-07-03,Morning,K. Adeyemi,Care Worker,Daily,Strip wash in bedroom,Anxious,Poor,730,,Yes,,No,Music session,Music session — declined.,Poor,Yes,,0,Arthur has had a poor morning and needed close support. Strip wash in bedroom required full assistance from two staff; Arthur was unable to weight-bear reliably. 730 ml of fluid encouraged across the shift; appetite poor. Very anxious. Attempted to mobilise unaided twice and required redirection.,GP review requested. Family to be updated by the manager.,Escalated to senior carer; observations taken.,Falls precautions in place; see incident log.,0,approved,,,2026-10-08 07:34:04
1174,RES004,2026-07-04,Afternoon,P. Sharma,Care Worker,Daily,Full wash at the sink,Anxious,Poor,913,,Yes,,No,Garden walk with staff,Garden walk with staff — declined.,Poor,Yes,,0,Arthur has had a poor afternoon and needed close support. Full wash at the sink required full assistance from two staff; Arthur was unable to weight-bear reliably. Fluid intake recorded at 913 ml. Appetite described as poor. Very anxious. Attempted to mobilise unaided twice and required redirection.,GP review requested. Family to be updated by the manager.,Escalated to senior carer; observations taken.,Falls precautions in place; see incident log.,0,approved,,,2026-10-08 07:34:04
1175,RES004,2026-07-05,Morning,A. Whitfield,Care Worker,Daily,Strip wash in bedroom,Confused,Poor,1016,,Yes,,No,Music session,Music session — declined.,Poor,Yes,,0,Arthur was noticeably unwell during the morning. Strip wash in bedroom completed with difficulty. Arthur was resistive at times and care was paused twice. 1016 ml of fluid encouraged across the shift; appetite poor. Very confused. Attempted to mobilise unaided twice and required redirection.,GP review requested. Family to be updated by the manager.,Escalated to senior carer; observations taken.,Falls precautions in place; see incident log.,0,approved,,,2026-10-08 07:34:04
1176,RES004,2026-07-06,Night,B. Mensah,Care Worker,Daily,Bed bath,Agitated,Poor,936,,Yes,,No,Armchair exercises,Armchair exercises — declined.,Poor,Yes,,0,"Arthur has had a poor night and needed close support. Bed bath completed with difficulty. Arthur was resistive at times and care was paused twice. Fluids 936 ml over the night, poor appetite at meals. Very agitated. Attempted to mobilise unaided twice and required redirection.",Escalated to the senior on duty. Consider GP review if no improvement.,Escalated to senior carer; observations taken.,Falls precautions in place; see incident log.,0,approved,,,2026-10-08 07:34:04
1177,RES004,2026-07-07,Morning,C. Fernandes,Care Worker,Daily,Full assistance with washing and dressing,Anxious,Poor,1013,,Yes,,No,Music session,Music session — declined.,Poor,Yes,,0,Significant concerns for Arthur throughout the morning. Full assistance with washing and dressing completed with difficulty. Arthur was resistive at times and care was paused twice. Fluid intake recorded at 1013 ml. Appetite described as poor. Very anxious. Attempted to mobilise unaided twice and required redirection.,GP review requested. Family to be updated by the manager.,Escalated to senior carer; observations taken.,Falls precautions in place; see incident log.,0,approved,,,2026-10-08 07:34:04
1178,RES004,2026-07-08,Night,P. Sharma,Care Worker,Daily,Full assistance with washing and dressing,Confused,Poor,962,,Yes,,No,Reminiscence group,Reminiscence group — declined.,Poor,Yes,,0,Increased supervision required for Arthur this night. Full assistance with washing and dressing completed with difficulty. Arthur was resistive at times and care was paused twice. Fluid intake recorded at 962 ml. Appetite described as poor. confused and restless. Remained in bed for most of the shift.,GP review requested. Family to be updated by the manager.,Escalated to senior carer; observations taken.,Falls precautions in place; see incident log.,0,approved,,,2026-10-08 07:34:04
1179,RES004,2026-07-09,Afternoon,S. Patel,Care Worker,Daily,Supported wash with encouragement,Anxious,Poor,952,,Yes,,No,Bingo in the lounge,Bingo in the lounge — declined.,Poor,Yes,,0,Increased supervision required for Arthur this afternoon. Supported wash with encouragement completed with difficulty. Arthur was resistive at times and care was paused twice. Fluid intake recorded at 952 ml. Appetite described as poor. Very anxious. Attempted to mobilise unaided twice and required redirection.,GP review requested. Family to be updated by the manager.,Escalated to senior carer; observations taken.,Falls precautions in place; see incident log.,0,approved,,,2026-10-08 07:34:04
1180,RES004,2026-07-10,Night,J. Okafor,Care Worker,Daily,Strip wash in bedroom,Agitated,Poor,964,,Yes,,No,Music session,Music session — declined.,Poor,No,,0,"Increased supervision required for Arthur this night. Strip wash in bedroom with hoist assistance. Skin fragile, barrier cream applied. 964 ml of fluid encouraged across the shift; appetite poor. Mood agitated throughout; calling out intermittently and difficult to reassure.",GP review requested. Family to be updated by the manager.,Escalated to senior carer; observations taken.,Falls precautions in place; see incident log.,0,approved,,,2026-10-08 07:34:04
1181,RES004,2026-07-11,Night,A. Whitfield,Care Worker,Daily,Bed bath,Anxious,Poor,912,,Yes,,No,Armchair exercises,Armchair exercises — declined.,Poor,Yes,,0,Increased supervision required for Arthur this night. Bed bath completed with difficulty. Arthur was resistive at times and care was paused twice. Took 912 ml of fluids; ate poor at lunch and tea. anxious and restless. Remained in bed for most of the shift.,Falls risk discussed at handover; sensor mat in place and hourly checks agreed.,Escalated to senior carer; observations taken.,Falls precautions in place; see incident log.,0,approved,,,2026-10-08 07:34:04
1182,RES004,2026-07-12,Afternoon,S. Patel,Care Worker,Daily,Full assistance with washing and dressing,Confused,Poor,856,,Yes,,No,Hand massage,Hand massage — declined.,Poor,No,,0,"Increased supervision required for Arthur this afternoon. Full assistance with washing and dressing completed with difficulty. Arthur was resistive at times and care was paused twice. Fluids 856 ml over the afternoon, poor appetite at meals. Very confused. Attempted to mobilise unaided twice and required redirection.",GP review requested. Family to be updated by the manager.,Escalated to senior carer; observations taken.,Falls precautions in place; see incident log.,0,approved,,,2026-10-08 07:34:04
1183,RES004,2026-07-13,Morning,L. Ahmed,Care Worker,Daily,Full assistance with washing and dressing,Anxious,Poor,987,,Yes,,No,Rested in room,Rested in room — declined.,Poor,Yes,,0,Arthur has had a poor morning and needed close support. Full assistance with washing and dressing required full assistance from two staff; Arthur was unable to weight-bear reliably. Took 987 ml of fluids; ate poor at lunch and tea. anxious and restless. Remained in bed for most of the shift.,GP review requested. Family to be updated by the manager.,Escalated to senior carer; observations taken.,Falls precautions in place; see incident log.,0,approved,,,2026-10-08 07:34:04
1184,RES004,2026-07-14,Morning,L. Ahmed,Care Worker,Daily,Assisted shower,Confused,Poor,1001,,Yes,,No,Garden walk with staff,Garden walk with staff — declined.,Poor,No,,0,"Significant concerns for Arthur throughout the morning. Assisted shower with hoist assistance. Skin fragile, barrier cream applied. 1001 ml of fluid encouraged across the shift; appetite poor. Very confused. Attempted to mobilise unaided twice and required redirection.",Escalated to the senior on duty. Consider GP review if no improvement.,Escalated to senior carer; observations taken.,Falls precautions in place; see incident log.,0,approved,,,2026-10-08 07:34:04
1185,RES004,2026-07-15,Morning,S. Patel,Care Worker,Daily,Supported wash with encouragement,Agitated,Poor,1003,,Yes,,No,Craft table,Craft table — declined.,Poor,No,,0,Arthur has had a poor morning and needed close support. Supported wash with encouragement required full assistance from two staff; Arthur was unable to weight-bear reliably. 1003 ml of fluid encouraged across the shift; appetite poor. Very agitated. Attempted to mobilise unaided twice and required redirection.,Escalated to the senior on duty. Consider GP review if no improvement.,Escalated to senior carer; observations taken.,Falls precautions in place; see incident log.,0,approved,,,2026-10-08 07:34:04
1186,RES004,2026-07-16,Morning,S. Patel,Care Worker,Daily,Bed bath,Agitated,Poor,919,,Yes,,No,Rested in room,Rested in room — declined.,Poor,No,,0,Significant concerns for Arthur throughout the morning. Bed bath completed with difficulty. Arthur was resistive at times and care was paused twice. Fluid intake recorded at 919 ml. Appetite described as poor. Mood agitated throughout; calling out intermittently and difficult to reassure.,GP review requested. Family to be updated by the manager.,Escalated to senior carer; observations taken.,Falls precautions in place; see incident log.,0,approved,,,2026-10-08 07:34:04
1187,RES004,2026-07-17,Morning,R. Kowalski,Care Worker,Daily,Assisted shower,Anxious,Poor,862,,Yes,,No,Bingo in the lounge,Bingo in the lounge — declined.,Poor,No,,0,"Arthur was noticeably unwell during the morning. Assisted shower with hoist assistance. Skin fragile, barrier cream applied. Fluids 862 ml over the morning, poor appetite at meals. Mood anxious throughout; calling out intermittently and difficult to reassure.",GP review requested. Family to be updated by the manager.,Escalated to senior carer; observations taken.,Falls precautions in place; see incident log.,0,approved,,,2026-10-08 07:34:04
1188,RES004,2026-07-19,Morning,S. Patel,Care Worker,Daily,Supported wash with encouragement,Agitated,Poor,967,,Yes,,No,Craft table,Craft table — declined.,Poor,No,,0,"Arthur has had a poor morning and needed close support. Supported wash with encouragement required full assistance from two staff; Arthur was unable to weight-bear reliably. Fluids 967 ml over the morning, poor appetite at meals. agitated and restless. Remained in bed for most of the shift.",Escalated to the senior on duty. Consider GP review if no improvement.,Escalated to senior carer; observations taken.,Falls precautions in place; see incident log.,0,approved,,,2026-10-08 07:34:04
1189,RES004,2026-07-20,Afternoon,K. Adeyemi,Care Worker,Daily,Assisted shower,Anxious,Poor,1119,,Yes,,No,Newspaper reading,Newspaper reading — declined.,Poor,No,,0,"Significant concerns for Arthur throughout the afternoon. Assisted shower completed with difficulty. Arthur was resistive at times and care was paused twice. Fluids 1119 ml over the afternoon, poor appetite at meals. Mood anxious throughout; calling out intermittently and difficult to reassure.",GP review requested. Family to be updated by the manager.,Escalated to senior carer; observations taken.,Falls precautions in place; see incident log.,0,approved,,,2026-10-08 07:34:04
1190,RES004,2026-07-22,Morning,S. Patel,Care Worker,Daily,Full wash at the sink,Confused,Poor,918,,Yes,,No,Bingo in the lounge,Bingo in the lounge — declined.,Poor,No,,0,Arthur has had a poor morning and needed close support. Full wash at the sink completed with difficulty. Arthur was resistive at times and care was paused twice. Fluid intake recorded at 918 ml. Appetite described as poor. confused and restless. Remained in bed for most of the shift.,GP review requested. Family to be updated by the manager.,Escalated to senior carer; observations taken.,Falls precautions in place; see incident log.,0,approved,,,2026-10-08 07:34:04
1191,RES004,2026-07-23,Afternoon,T. Nguyen,Care Worker,Daily,Strip wash in bedroom,Confused,Poor,973,,Yes,,No,Newspaper reading,Newspaper reading — declined.,Poor,Yes,,0,"Arthur has had a poor afternoon and needed close support. Strip wash in bedroom with hoist assistance. Skin fragile, barrier cream applied. Took 973 ml of fluids; ate poor at lunch and tea. confused and restless. Remained in bed for most of the shift.",Falls risk discussed at handover; sensor mat in place and hourly checks agreed.,Escalated to senior carer; observations taken.,Falls precautions in place; see incident log.,0,approved,,,2026-10-08 07:34:04
1192,RES004,2026-07-24,Afternoon,B. Mensah,Care Worker,Daily,Bed bath,Confused,Poor,819,,Yes,,No,Bingo in the lounge,Bingo in the lounge — declined.,Poor,No,,0,"Arthur has had a poor afternoon and needed close support. Bed bath with hoist assistance. Skin fragile, barrier cream applied. Fluids 819 ml over the afternoon, poor appetite at meals. Very confused. Attempted to mobilise unaided twice and required redirection.",GP review requested. Family to be updated by the manager.,Escalated to senior carer; observations taken.,Falls precautions in place; see incident log.,0,approved,,,2026-10-08 07:34:04
1193,RES004,2026-07-25,Night,K. Adeyemi,Care Worker,Daily,Assisted shower,Confused,Poor,898,,Yes,,No,Armchair exercises,Armchair exercises — declined.,Poor,Yes,,0,"Increased supervision required for Arthur this night. Assisted shower with hoist assistance. Skin fragile, barrier cream applied. Fluid intake recorded at 898 ml. Appetite described as poor. Very confused. Attempted to mobilise unaided twice and required redirection.",Escalated to the senior on duty. Consider GP review if no improvement.,Escalated to senior carer; observations taken.,Falls precautions in place; see incident log.,0,approved,,,2026-10-08 07:34:04
1194,RES004,2026-07-26,Afternoon,R. Kowalski,Care Worker,Daily,Full wash at the sink,Anxious,Poor,843,,Yes,,No,Garden walk with staff,Garden walk with staff — declined.,Poor,No,,0,"Significant concerns for Arthur throughout the afternoon. Full wash at the sink with hoist assistance. Skin fragile, barrier cream applied. Fluid intake recorded at 843 ml. Appetite described as poor. Very anxious. Attempted to mobilise unaided twice and required redirection.",Escalated to the senior on duty. Consider GP review if no improvement.,Escalated to senior carer; observations taken.,Falls precautions in place; see incident log.,0,approved,,,2026-10-08 07:34:04
1195,RES004,2026-07-27,Night,T. Nguyen,Care Worker,Daily,Bed bath,Anxious,Poor,1019,,Yes,,No,Visiting singer,Visiting singer — declined.,Poor,No,,0,Increased supervision required for Arthur this night. Bed bath required full assistance from two staff; Arthur was unable to weight-bear reliably. Took 1019 ml of fluids; ate poor at lunch and tea. anxious and restless. Remained in bed for most of the shift.,GP review requested. Family to be updated by the manager.,Escalated to senior carer; observations taken.,Falls precautions in place; see incident log.,0,approved,,,2026-10-08 07:34:04
1196,RES004,2026-07-28,Night,A. Whitfield,Care Worker,Daily,Assisted shower,Confused,Poor,1062,,Yes,,No,Hand massage,Hand massage — declined.,Poor,Yes,,0,"Arthur was noticeably unwell during the night. Assisted shower with hoist assistance. Skin fragile, barrier cream applied. Fluids 1062 ml over the night, poor appetite at meals. Very confused. Attempted to mobilise unaided twice and required redirection.",Escalated to the senior on duty. Consider GP review if no improvement.,Escalated to senior carer; observations taken.,Falls precautions in place; see incident log.,0,approved,,,2026-10-08 07:34:04
1197,RES004,2026-07-30,Morning,M. Nowak,Care Worker,Daily,Assisted shower,Agitated,Poor,1019,,Yes,,No,Hand massage,Hand massage — declined.,Poor,No,,0,Arthur has had a poor morning and needed close support. Assisted shower required full assistance from two staff; Arthur was unable to weight-bear reliably. 1019 ml of fluid encouraged across the shift; appetite poor. Very agitated. Attempted to mobilise unaided twice and required redirection.,Escalated to the senior on duty. Consider GP review if no improvement.,Escalated to senior carer; observations taken.,Falls precautions in place; see incident log.,0,approved,,,2026-10-08 07:34:04
1198,RES004,2026-07-31,Afternoon,R. Kowalski,Care Worker,Daily,Bed bath,Anxious,Poor,1134,,Yes,,No,Rested in room,Rested in room — declined.,Poor,No,,0,"Arthur was noticeably unwell during the afternoon. Bed bath with hoist assistance. Skin fragile, barrier cream applied. Took 1134 ml of fluids; ate poor at lunch and tea. anxious and restless. Remained in bed for most of the shift.",Escalated to the senior on duty. Consider GP review if no improvement.,Escalated to senior carer; observations taken.,Falls precautions in place; see incident log.,0,approved,,,2026-10-08 07:34:04
1199,RES004,2026-08-01,Night,S. Patel,Care Worker,Daily,Full assistance with washing and dressing,Confused,Poor,953,,Yes,,No,Visiting singer,Visiting singer — declined.,Poor,No,,0,"Arthur was noticeably unwell during the night. Full assistance with washing and dressing completed with difficulty. Arthur was resistive at times and care was paused twice. Fluids 953 ml over the night, poor appetite at meals. Mood confused throughout; calling out intermittently and difficult to reassure.",GP review requested. Family to be updated by the manager.,Escalated to senior carer; observations taken.,Falls precautions in place; see incident log.,0,approved,,,2026-10-08 07:34:04
1200,RES004,2026-08-02,Morning,T. Nguyen,Care Worker,Daily,Full wash at the sink,Agitated,Poor,785,,Yes,,No,Rested in room,Rested in room — declined.,Poor,Yes,,0,Increased supervision required for Arthur this morning. Full wash at the sink completed with difficulty. Arthur was resistive at times and care was paused twice. Took 785 ml of fluids; ate poor at lunch and tea. agitated and restless. Remained in bed for most of the shift.,Escalated to the senior on duty. Consider GP review if no improvement.,Escalated to senior carer; observations taken.,Falls precautions in place; see incident log.,0,approved,,,2026-10-08 07:34:04
1201,RES004,2026-08-03,Morning,C. Fernandes,Care Worker,Daily,Assisted shower,Anxious,Poor,869,,Yes,,No,Craft table,Craft table — declined.,Poor,Yes,,0,"Significant concerns for Arthur throughout the morning. Assisted shower with hoist assistance. Skin fragile, barrier cream applied. Took 869 ml of fluids; ate poor at lunch and tea. anxious and restless. Remained in bed for most of the shift.",GP review requested. Family to be updated by the manager.,Escalated to senior carer; observations taken.,Falls precautions in place; see incident log.,0,approved,,,2026-10-08 07:34:04
1202,RES004,2026-08-04,Night,R. Kowalski,Care Worker,Daily,Bed bath,Anxious,Poor,1093,,Yes,,No,Garden walk with staff,Garden walk with staff — declined.,Poor,Yes,,0,"Arthur was noticeably unwell during the night. Bed bath with hoist assistance. Skin fragile, barrier cream applied. Took 1093 ml of fluids; ate poor at lunch and tea. Very anxious. Attempted to mobilise unaided twice and required redirection.",Escalated to the senior on duty. Consider GP review if no improvement.,Escalated to senior carer; observations taken.,Falls precautions in place; see incident log.,0,approved,,,2026-10-08 07:34:04
1203,RES004,2026-08-05,Night,S. Patel,Care Worker,Daily,Full wash at the sink,Agitated,Poor,1022,,Yes,,No,Hand massage,Hand massage — declined.,Poor,Yes,,0,Arthur was noticeably unwell during the night. Full wash at the sink completed with difficulty. Arthur was resistive at times and care was paused twice. Fluid intake recorded at 1022 ml. Appetite described as poor. agitated and restless. Remained in bed for most of the shift.,Falls risk discussed at handover; sensor mat in place and hourly checks agreed.,Escalated to senior carer; observations taken.,Falls precautions in place; see incident log.,0,approved,,,2026-10-08 07:34:04
1204,RES004,2026-08-07,Night,J. Okafor,Care Worker,Daily,Full wash at the sink,Anxious,Poor,907,,Yes,,No,Hand massage,Hand massage — declined.,Poor,Yes,,0,Significant concerns for Arthur throughout the night. Full wash at the sink required full assistance from two staff; Arthur was unable to weight-bear reliably. 907 ml of fluid encouraged across the shift; appetite poor. Very anxious. Attempted to mobilise unaided twice and required redirection.,GP review requested. Family to be updated by the manager.,Escalated to senior carer; observations taken.,Falls precautions in place; see incident log.,0,approved,,,2026-10-08 07:34:04
1205,RES004,2026-08-08,Afternoon,K. Adeyemi,Care Worker,Daily,Bed bath,Anxious,Poor,1094,,Yes,,No,Rested in room,Rested in room — declined.,Poor,No,,0,"Arthur has had a poor afternoon and needed close support. Bed bath with hoist assistance. Skin fragile, barrier cream applied. Fluid intake recorded at 1094 ml. Appetite described as poor. Very anxious. Attempted to mobilise unaided twice and required redirection.",Escalated to the senior on duty. Consider GP review if no improvement.,Escalated to senior carer; observations taken.,Falls precautions in place; see incident log.,0,approved,,,2026-10-08 07:34:04
1206,RES004,2026-08-09,Night,B. Mensah,Care Worker,Daily,Bed bath,Confused,Poor,908,,Yes,,No,Armchair exercises,Armchair exercises — declined.,Poor,No,,0,"Significant concerns for Arthur throughout the night. Bed bath with hoist assistance. Skin fragile, barrier cream applied. Fluid intake recorded at 908 ml. Appetite described as poor. Mood confused throughout; calling out intermittently and difficult to reassure.",GP review requested. Family to be updated by the manager.,Escalated to senior carer; observations taken.,Falls precautions in place; see incident log.,0,approved,,,2026-10-08 07:34:04
1207,RES004,2026-08-10,Afternoon,M. Nowak,Care Worker,Daily,Assisted shower,Anxious,Poor,996,,Yes,,No,Newspaper reading,Newspaper reading — declined.,Poor,No,,0,Arthur was noticeably unwell during the afternoon. Assisted shower required full assistance from two staff; Arthur was unable to weight-bear reliably. 996 ml of fluid encouraged across the shift; appetite poor. Mood anxious throughout; calling out intermittently and difficult to reassure.,GP review requested. Family to be updated by the manager.,Escalated to senior carer; observations taken.,Falls precautions in place; see incident log.,0,approved,,,2026-10-08 07:34:04
1208,RES004,2026-08-11,Night,B. Mensah,Care Worker,Daily,Full wash at the sink,Confused,Poor,969,,Yes,,No,Reminiscence group,Reminiscence group — declined.,Poor,Yes,,0,Arthur was noticeably unwell during the night. Full wash at the sink required full assistance from two staff; Arthur was unable to weight-bear reliably. 969 ml of fluid encouraged across the shift; appetite poor. Very confused. Attempted to mobilise unaided twice and required redirection.,Escalated to the senior on duty. Consider GP review if no improvement.,Escalated to senior carer; observations taken.,Falls precautions in place; see incident log.,0,approved,,,2026-10-08 07:34:04
1209,RES004,2026-08-12,Night,J. Okafor,Care Worker,Daily,Supported wash with encouragement,Agitated,Poor,906,,Yes,,No,Reminiscence group,Reminiscence group — declined.,Poor,No,,0,Arthur was noticeably unwell during the night. Supported wash with encouragement completed with difficulty. Arthur was resistive at times and care was paused twice. Took 906 ml of fluids; ate poor at lunch and tea. agitated and restless. Remained in bed for most of the shift.,GP review requested. Family to be updated by the manager.,Escalated to senior carer; observations taken.,Falls precautions in place; see incident log.,0,approved,,,2026-10-08 07:34:04
1210,RES004,2026-08-13,Night,L. Ahmed,Care Worker,Daily,Full wash at the sink,Anxious,Poor,1065,,Yes,,No,Garden walk with staff,Garden walk with staff — declined.,Poor,No,,0,"Significant concerns for Arthur throughout the night. Full wash at the sink completed with difficulty. Arthur was resistive at times and care was paused twice. Fluids 1065 ml over the night, poor appetite at meals. Very anxious. Attempted to mobilise unaided twice and required redirection.",Falls risk discussed at handover; sensor mat in place and hourly checks agreed.,Escalated to senior carer; observations taken.,Falls precautions in place; see incident log.,0,approved,,,2026-10-08 07:34:04
1211,RES004,2026-08-15,Night,K. Adeyemi,Care Worker,Daily,Bed bath,Confused,Poor,1039,,Yes,,No,One-to-one chat,One-to-one chat — declined.,Poor,No,,0,Arthur was noticeably unwell during the night. Bed bath required full assistance from two staff; Arthur was unable to weight-bear reliably. 1039 ml of fluid encouraged across the shift; appetite poor. Very confused. Attempted to mobilise unaided twice and required redirection.,Escalated to the senior on duty. Consider GP review if no improvement.,Escalated to senior carer; observations taken.,Falls precautions in place; see incident log.,0,approved,,,2026-10-08 07:34:04
1212,RES004,2026-08-16,Afternoon,T. Nguyen,Care Worker,Daily,Supported wash with encouragement,Agitated,Poor,1117,,Yes,,No,Rested in room,Rested in room — declined.,Poor,Yes,,0,Significant concerns for Arthur throughout the afternoon. Supported wash with encouragement completed with difficulty. Arthur was resistive at times and care was paused twice. 1117 ml of fluid encouraged across the shift; appetite poor. Mood agitated throughout; calling out intermittently and difficult to reassure.,Escalated to the senior on duty. Consider GP review if no improvement.,Escalated to senior carer; observations taken.,Falls precautions in place; see incident log.,0,approved,,,2026-10-08 07:34:04
1213,RES004,2026-08-17,Morning,J. Okafor,Care Worker,Daily,Supported wash with encouragement,Confused,Poor,991,,Yes,,No,Bingo in the lounge,Bingo in the lounge — declined.,Poor,No,,0,"Arthur was noticeably unwell during the morning. Supported wash with encouragement with hoist assistance. Skin fragile, barrier cream applied. Took 991 ml of fluids; ate poor at lunch and tea. confused and restless. Remained in bed for most of the shift.",Falls risk discussed at handover; sensor mat in place and hourly checks agreed.,Escalated to senior carer; observations taken.,Falls precautions in place; see incident log.,0,approved,,,2026-10-08 07:34:04
1214,RES004,2026-08-18,Afternoon,J. Okafor,Care Worker,Daily,Supported wash with encouragement,Confused,Poor,998,,Yes,,No,One-to-one chat,One-to-one chat — declined.,Poor,No,,0,Arthur has had a poor afternoon and needed close support. Supported wash with encouragement completed with difficulty. Arthur was resistive at times and care was paused twice. Took 998 ml of fluids; ate poor at lunch and tea. confused and restless. Remained in bed for most of the shift.,Falls risk discussed at handover; sensor mat in place and hourly checks agreed.,Escalated to senior carer; observations taken.,Falls precautions in place; see incident log.,0,approved,,,2026-10-08 07:34:04
1215,RES004,2026-08-19,Afternoon,M. Nowak,Care Worker,Daily,Full assistance with washing and dressing,Confused,Poor,1137,,Yes,,No,One-to-one chat,One-to-one chat — declined.,Poor,Yes,,0,"Arthur was noticeably unwell during the afternoon. Full assistance with washing and dressing with hoist assistance. Skin fragile, barrier cream applied. 1137 ml of fluid encouraged across the shift; appetite poor. confused and restless. Remained in bed for most of the shift.",Falls risk discussed at handover; sensor mat in place and hourly checks agreed.,Escalated to senior carer; observations taken.,Falls precautions in place; see incident log.,0,approved,,,2026-10-08 07:34:04
1216,RES004,2026-08-20,Afternoon,K. Adeyemi,Care Worker,Daily,Full assistance with washing and dressing,Confused,Poor,1102,,Yes,,No,Rested in room,Rested in room — declined.,Poor,No,,0,"Arthur was noticeably unwell during the afternoon. Full assistance with washing and dressing with hoist assistance. Skin fragile, barrier cream applied. Fluids 1102 ml over the afternoon, poor appetite at meals. Mood confused throughout; calling out intermittently and difficult to reassure.",Falls risk discussed at handover; sensor mat in place and hourly checks agreed.,Escalated to senior carer; observations taken.,Falls precautions in place; see incident log.,0,approved,,,2026-10-08 07:34:04
1217,RES005,2025-08-21,Afternoon,K. Adeyemi,Care Worker,Daily,Strip wash in bedroom,Low,Fair,1215,,Yes,,Yes,Garden walk with staff,Garden walk with staff — brief participation.,Disturbed,Yes,,0,"Albert has been less settled this afternoon. Strip wash in bedroom completed but Albert was reluctant and needed encouragement. Fluids 1215 ml over the afternoon, fair appetite at meals. Appeared low; needed reassurance on several occasions.",Monitor fluid intake and report any further decline to the senior on duty.,Fluids encouraged; senior carer made aware.,Monitor intake and mood.,0,approved,,,2026-10-08 07:34:04
1218,RES005,2025-08-22,Afternoon,D. Osei,Care Worker,Daily,Strip wash in bedroom,Low,Fair,1106,,Yes,,Yes,Visiting singer,Visiting singer — brief participation.,Disturbed,Yes,,0,Staff noted a change in Albert over the afternoon. Strip wash in bedroom with two staff as Albert was unsteady on transfer. Fluid intake recorded at 1106 ml. Appetite described as fair. Mood low at times; declined visiting singer and preferred to stay in his room.,Monitor fluid intake and report any further decline to the senior on duty.,Fluids encouraged; senior carer made aware.,Monitor intake and mood.,0,approved,,,2026-10-08 07:34:04
1219,RES005,2025-08-23,Night,M. Nowak,Care Worker,Daily,Bed bath,Low,Fair,1197,,Yes,,Yes,One-to-one chat,One-to-one chat — brief participation.,Disturbed,Yes,,0,Albert needed more prompting than usual this night. Bed bath with two staff as Albert was unsteady on transfer. 1197 ml of fluid encouraged across the shift; appetite fair. Mood fluctuated and was largely low. Did not settle to one-to-one chat.,Please continue to observe closely; senior carer informed.,Fluids encouraged; senior carer made aware.,Monitor intake and mood.,0,approved,,,2026-10-08 07:34:04
1220,RES005,2025-08-24,Morning,C. Fernandes,Care Worker,Daily,Full wash at the sink,Low,Fair,1224,,Yes,,Yes,Music session,Music session — brief participation.,Disturbed,No,,0,"A more difficult morning for Albert. Full wash at the sink completed; slight redness noted to the sacrum, repositioning chart started. Fluid intake recorded at 1224 ml. Appetite described as fair. Appeared low; needed reassurance on several occasions.",Fluids to be encouraged on the next shift; keep under observation.,Fluids encouraged; senior carer made aware.,Monitor intake and mood.,0,approved,,,2026-10-08 07:34:04
1221,RES005,2025-08-25,Morning,L. Ahmed,Care Worker,Daily,Bed bath,Low,Fair,1440,,Yes,,Yes,Bingo in the lounge,Bingo in the lounge — brief participation.,Disturbed,No,,0,Albert has been less settled this morning. Bed bath completed but Albert was reluctant and needed encouragement. 1440 ml of fluid encouraged across the shift; appetite fair. Appeared low; needed reassurance on several occasions.,Please continue to observe closely; senior carer informed.,Fluids encouraged; senior carer made aware.,Monitor intake and mood.,0,approved,,,2026-10-08 07:34:04
1222,RES005,2025-08-26,Night,M. Nowak,Care Worker,Daily,Full wash at the sink,Low,Fair,1342,,Yes,,Yes,Newspaper reading,Newspaper reading — brief participation.,Disturbed,No,,0,"Albert needed more prompting than usual this night. Full wash at the sink completed; slight redness noted to the sacrum, repositioning chart started. Took 1342 ml of fluids; ate fair at lunch and tea. Mood low at times; declined newspaper reading and preferred to stay in his room.",Please continue to observe closely; senior carer informed.,Fluids encouraged; senior carer made aware.,Monitor intake and mood.,0,approved,,,2026-10-08 07:34:04
1223,RES005,2025-08-27,Afternoon,R. Kowalski,Care Worker,Daily,Full wash at the sink,Low,Fair,1236,,Yes,,Yes,Reminiscence group,Reminiscence group — brief participation.,Disturbed,No,,0,"Albert needed more prompting than usual this afternoon. Full wash at the sink completed; slight redness noted to the sacrum, repositioning chart started. 1236 ml of fluid encouraged across the shift; appetite fair. Appeared low; needed reassurance on several occasions.",Please continue to observe closely; senior carer informed.,Fluids encouraged; senior carer made aware.,Monitor intake and mood.,0,approved,,,2026-10-08 07:34:04
1224,RES005,2025-08-28,Afternoon,L. Ahmed,Care Worker,Daily,Full assistance with washing and dressing,Low,Fair,1298,,Yes,,Yes,Bingo in the lounge,Bingo in the lounge — brief participation.,Disturbed,No,,0,"A more difficult afternoon for Albert. Full assistance with washing and dressing completed; slight redness noted to the sacrum, repositioning chart started. Fluids 1298 ml over the afternoon, fair appetite at meals. Mood low at times; declined bingo in the lounge and preferred to stay in his room.",Please continue to observe closely; senior carer informed.,Fluids encouraged; senior carer made aware.,Monitor intake and mood.,0,approved,,,2026-10-08 07:34:04
1225,RES005,2025-08-29,Night,A. Whitfield,Care Worker,Daily,Strip wash in bedroom,Low,Fair,1200,,Yes,,Yes,Newspaper reading,Newspaper reading — brief participation.,Disturbed,No,,0,"Staff noted a change in Albert over the night. Strip wash in bedroom completed; slight redness noted to the sacrum, repositioning chart started. Fluids 1200 ml over the night, fair appetite at meals. Mood low at times; declined newspaper reading and preferred to stay in his room.",Please continue to observe closely; senior carer informed.,Fluids encouraged; senior carer made aware.,Monitor intake and mood.,0,approved,,,2026-10-08 07:34:04
1226,RES005,2025-08-30,Afternoon,R. Kowalski,Care Worker,Daily,Supported wash with encouragement,Low,Fair,1334,,Yes,,Yes,Garden walk with staff,Garden walk with staff — brief participation.,Disturbed,Yes,,0,Staff noted a change in Albert over the afternoon. Supported wash with encouragement completed but Albert was reluctant and needed encouragement. Fluid intake recorded at 1334 ml. Appetite described as fair. Appeared low; needed reassurance on several occasions.,Monitor fluid intake and report any further decline to the senior on duty.,Fluids encouraged; senior carer made aware.,Monitor intake and mood.,0,approved,,,2026-10-08 07:34:04
1227,RES005,2025-08-31,Night,S. Patel,Care Worker,Daily,Bed bath,Low,Fair,1325,,Yes,,Yes,Hand massage,Hand massage — brief participation.,Disturbed,No,,0,"Albert has been less settled this night. Bed bath completed; slight redness noted to the sacrum, repositioning chart started. Took 1325 ml of fluids; ate fair at lunch and tea. Mood low at times; declined hand massage and preferred to stay in his room.",Please continue to observe closely; senior carer informed.,Fluids encouraged; senior carer made aware.,Monitor intake and mood.,0,approved,,,2026-10-08 07:34:04
1228,RES005,2025-09-01,Afternoon,R. Kowalski,Care Worker,Daily,Supported wash with encouragement,Low,Fair,1319,,Yes,,Yes,Craft table,Craft table — brief participation.,Disturbed,Yes,,0,"Staff noted a change in Albert over the afternoon. Supported wash with encouragement completed; slight redness noted to the sacrum, repositioning chart started. Fluids 1319 ml over the afternoon, fair appetite at meals. Mood fluctuated and was largely low. Did not settle to craft table.",Please continue to observe closely; senior carer informed.,Fluids encouraged; senior carer made aware.,Monitor intake and mood.,0,approved,,,2026-10-08 07:34:04
1229,RES005,2025-09-02,Morning,B. Mensah,Care Worker,Daily,Full wash at the sink,Low,Fair,1262,,Yes,,Yes,One-to-one chat,One-to-one chat — brief participation.,Disturbed,No,,0,Staff noted a change in Albert over the morning. Full wash at the sink with two staff as Albert was unsteady on transfer. Took 1262 ml of fluids; ate fair at lunch and tea. Mood low at times; declined one-to-one chat and preferred to stay in his room.,Please continue to observe closely; senior carer informed.,Fluids encouraged; senior carer made aware.,Monitor intake and mood.,0,approved,,,2026-10-08 07:34:04
1230,RES005,2025-09-04,Afternoon,L. Ahmed,Care Worker,Daily,Full wash at the sink,Low,Fair,1293,,Yes,,Yes,Armchair exercises,Armchair exercises — brief participation.,Disturbed,No,,0,"Staff noted a change in Albert over the afternoon. Full wash at the sink completed; slight redness noted to the sacrum, repositioning chart started. Fluid intake recorded at 1293 ml. Appetite described as fair. Appeared low; needed reassurance on several occasions.",Monitor fluid intake and report any further decline to the senior on duty.,Fluids encouraged; senior carer made aware.,Monitor intake and mood.,0,approved,,,2026-10-08 07:34:04
1231,RES005,2025-09-05,Morning,C. Fernandes,Care Worker,Daily,Full assistance with washing and dressing,Low,Fair,1285,,Yes,,Yes,Rested in room,Rested in room — brief participation.,Disturbed,No,,0,"A more difficult morning for Albert. Full assistance with washing and dressing with two staff as Albert was unsteady on transfer. Fluids 1285 ml over the morning, fair appetite at meals. Appeared low; needed reassurance on several occasions.",Monitor fluid intake and report any further decline to the senior on duty.,Fluids encouraged; senior carer made aware.,Monitor intake and mood.,0,approved,,,2026-10-08 07:34:04
1232,RES005,2025-09-06,Night,B. Mensah,Care Worker,Daily,Full wash at the sink,Low,Fair,1343,,Yes,,Yes,Newspaper reading,Newspaper reading — brief participation.,Disturbed,No,,0,"Staff noted a change in Albert over the night. Full wash at the sink completed; slight redness noted to the sacrum, repositioning chart started. Took 1343 ml of fluids; ate fair at lunch and tea. Mood low at times; declined newspaper reading and preferred to stay in his room.",Monitor fluid intake and report any further decline to the senior on duty.,Fluids encouraged; senior carer made aware.,Monitor intake and mood.,0,approved,,,2026-10-08 07:34:04
1233,RES005,2025-09-07,Night,A. Whitfield,Care Worker,Daily,Full assistance with washing and dressing,Low,Fair,1325,,Yes,,Yes,Newspaper reading,Newspaper reading — brief participation.,Disturbed,No,,0,"Albert needed more prompting than usual this night. Full assistance with washing and dressing with two staff as Albert was unsteady on transfer. Fluids 1325 ml over the night, fair appetite at meals. Appeared low; needed reassurance on several occasions.",Fluids to be encouraged on the next shift; keep under observation.,Fluids encouraged; senior carer made aware.,Monitor intake and mood.,0,approved,,,2026-10-08 07:34:04
1234,RES005,2025-09-08,Afternoon,D. Osei,Care Worker,Daily,Bed bath,Low,Fair,1270,,Yes,,Yes,Armchair exercises,Armchair exercises — brief participation.,Disturbed,No,,0,"A more difficult afternoon for Albert. Bed bath completed; slight redness noted to the sacrum, repositioning chart started. Took 1270 ml of fluids; ate fair at lunch and tea. Appeared low; needed reassurance on several occasions.",Fluids to be encouraged on the next shift; keep under observation.,Fluids encouraged; senior carer made aware.,Monitor intake and mood.,0,approved,,,2026-10-08 07:34:04
1235,RES005,2025-09-09,Night,L. Ahmed,Care Worker,Daily,Supported wash with encouragement,Low,Fair,1306,,Yes,,Yes,Garden walk with staff,Garden walk with staff — brief participation.,Disturbed,No,,0,"Albert has been less settled this night. Supported wash with encouragement completed; slight redness noted to the sacrum, repositioning chart started. Took 1306 ml of fluids; ate fair at lunch and tea. Appeared low; needed reassurance on several occasions.",Please continue to observe closely; senior carer informed.,Fluids encouraged; senior carer made aware.,Monitor intake and mood.,0,approved,,,2026-10-08 07:34:04
1236,RES005,2025-09-10,Night,J. Okafor,Care Worker,Daily,Assisted shower,Low,Fair,1338,,Yes,,Yes,Rested in room,Rested in room — brief participation.,Disturbed,No,,0,A more difficult night for Albert. Assisted shower with two staff as Albert was unsteady on transfer. 1338 ml of fluid encouraged across the shift; appetite fair. Mood low at times; declined rested in room and preferred to stay in his room.,Monitor fluid intake and report any further decline to the senior on duty.,Fluids encouraged; senior carer made aware.,Monitor intake and mood.,0,approved,,,2026-10-08 07:34:04
1237,RES005,2025-09-11,Night,L. Ahmed,Care Worker,Daily,Bed bath,Low,Fair,1371,,Yes,,Yes,Armchair exercises,Armchair exercises — brief participation.,Disturbed,No,,0,"Staff noted a change in Albert over the night. Bed bath completed; slight redness noted to the sacrum, repositioning chart started. 1371 ml of fluid encouraged across the shift; appetite fair. Mood low at times; declined armchair exercises and preferred to stay in his room.",Fluids to be encouraged on the next shift; keep under observation.,Fluids encouraged; senior carer made aware.,Monitor intake and mood.,0,approved,,,2026-10-08 07:34:04
1238,RES005,2025-09-12,Afternoon,P. Sharma,Care Worker,Daily,Bed bath,Low,Fair,1171,,Yes,,Yes,Garden walk with staff,Garden walk with staff — brief participation.,Disturbed,No,,0,"A more difficult afternoon for Albert. Bed bath completed; slight redness noted to the sacrum, repositioning chart started. Fluid intake recorded at 1171 ml. Appetite described as fair. Mood fluctuated and was largely low. Did not settle to garden walk with staff.",Fluids to be encouraged on the next shift; keep under observation.,Fluids encouraged; senior carer made aware.,Monitor intake and mood.,0,approved,,,2026-10-08 07:34:04
1239,RES005,2025-09-13,Afternoon,P. Sharma,Care Worker,Daily,Assisted shower,Low,Fair,1429,,Yes,,Yes,Music session,Music session — brief participation.,Disturbed,No,,0,"Staff noted a change in Albert over the afternoon. Assisted shower with two staff as Albert was unsteady on transfer. Fluids 1429 ml over the afternoon, fair appetite at meals. Mood low at times; declined music session and preferred to stay in his room.",Monitor fluid intake and report any further decline to the senior on duty.,Fluids encouraged; senior carer made aware.,Monitor intake and mood.,0,approved,,,2026-10-08 07:34:04
1240,RES005,2025-09-14,Morning,P. Sharma,Care Worker,Daily,Full wash at the sink,Low,Fair,1369,,Yes,,Yes,One-to-one chat,One-to-one chat — brief participation.,Disturbed,No,,0,"Staff noted a change in Albert over the morning. Full wash at the sink completed; slight redness noted to the sacrum, repositioning chart started. Fluids 1369 ml over the morning, fair appetite at meals. Appeared low; needed reassurance on several occasions.",Fluids to be encouraged on the next shift; keep under observation.,Fluids encouraged; senior carer made aware.,Monitor intake and mood.,0,approved,,,2026-10-08 07:34:04
1241,RES005,2025-09-15,Morning,C. Fernandes,Care Worker,Daily,Full assistance with washing and dressing,Low,Fair,1378,,Yes,,Yes,Rested in room,Rested in room — brief participation.,Disturbed,No,,0,"Albert has been less settled this morning. Full assistance with washing and dressing completed; slight redness noted to the sacrum, repositioning chart started. Took 1378 ml of fluids; ate fair at lunch and tea. Mood fluctuated and was largely low. Did not settle to rested in room.",Fluids to be encouraged on the next shift; keep under observation.,Fluids encouraged; senior carer made aware.,Monitor intake and mood.,0,approved,,,2026-10-08 07:34:04
1242,RES005,2025-09-16,Morning,B. Mensah,Care Worker,Daily,Full assistance with washing and dressing,Low,Fair,1353,,Yes,,Yes,Craft table,Craft table — brief participation.,Disturbed,Yes,,0,"Albert needed more prompting than usual this morning. Full assistance with washing and dressing completed but Albert was reluctant and needed encouragement. Fluids 1353 ml over the morning, fair appetite at meals. Mood low at times; declined craft table and preferred to stay in his room.",Fluids to be encouraged on the next shift; keep under observation.,Fluids encouraged; senior carer made aware.,Monitor intake and mood.,0,approved,,,2026-10-08 07:34:04
1243,RES005,2025-09-17,Night,K. Adeyemi,Care Worker,Daily,Bed bath,Low,Fair,1441,,Yes,,Yes,Rested in room,Rested in room — brief participation.,Disturbed,No,,0,"Albert has been less settled this night. Bed bath completed; slight redness noted to the sacrum, repositioning chart started. Took 1441 ml of fluids; ate fair at lunch and tea. Appeared low; needed reassurance on several occasions.",Fluids to be encouraged on the next shift; keep under observation.,Fluids encouraged; senior carer made aware.,Monitor intake and mood.,0,approved,,,2026-10-08 07:34:04
1244,RES005,2025-09-18,Morning,B. Mensah,Care Worker,Daily,Full wash at the sink,Low,Fair,1203,,Yes,,Yes,Reminiscence group,Reminiscence group — brief participation.,Disturbed,No,,0,A more difficult morning for Albert. Full wash at the sink with two staff as Albert was unsteady on transfer. 1203 ml of fluid encouraged across the shift; appetite fair. Mood fluctuated and was largely low. Did not settle to reminiscence group.,Monitor fluid intake and report any further decline to the senior on duty.,Fluids encouraged; senior carer made aware.,Monitor intake and mood.,0,approved,,,2026-10-08 07:34:04
1245,RES005,2025-09-19,Morning,T. Nguyen,Care Worker,Daily,Strip wash in bedroom,Low,Fair,1330,,Yes,,Yes,Garden walk with staff,Garden walk with staff — brief participation.,Disturbed,No,,0,"Staff noted a change in Albert over the morning. Strip wash in bedroom completed; slight redness noted to the sacrum, repositioning chart started. Took 1330 ml of fluids; ate fair at lunch and tea. Mood low at times; declined garden walk with staff and preferred to stay in his room.",Monitor fluid intake and report any further decline to the senior on duty.,Fluids encouraged; senior carer made aware.,Monitor intake and mood.,0,approved,,,2026-10-08 07:34:04
1246,RES005,2025-09-20,Afternoon,R. Kowalski,Care Worker,Daily,Strip wash in bedroom,Low,Fair,1307,,Yes,,Yes,Reminiscence group,Reminiscence group — brief participation.,Disturbed,No,,0,Albert has been less settled this afternoon. Strip wash in bedroom completed but Albert was reluctant and needed encouragement. Took 1307 ml of fluids; ate fair at lunch and tea. Appeared low; needed reassurance on several occasions.,Fluids to be encouraged on the next shift; keep under observation.,Fluids encouraged; senior carer made aware.,Monitor intake and mood.,0,approved,,,2026-10-08 07:34:04
1247,RES005,2025-09-21,Morning,J. Okafor,Care Worker,Daily,Full wash at the sink,Low,Fair,1275,,Yes,,Yes,Hand massage,Hand massage — brief participation.,Disturbed,No,,0,"A more difficult morning for Albert. Full wash at the sink completed; slight redness noted to the sacrum, repositioning chart started. Took 1275 ml of fluids; ate fair at lunch and tea. Appeared low; needed reassurance on several occasions.",Monitor fluid intake and report any further decline to the senior on duty.,Fluids encouraged; senior carer made aware.,Monitor intake and mood.,0,approved,,,2026-10-08 07:34:04
1248,RES005,2025-09-22,Night,A. Whitfield,Care Worker,Daily,Strip wash in bedroom,Low,Fair,1372,,Yes,,Yes,Visiting singer,Visiting singer — brief participation.,Disturbed,Yes,,0,Albert has been less settled this night. Strip wash in bedroom completed but Albert was reluctant and needed encouragement. 1372 ml of fluid encouraged across the shift; appetite fair. Mood fluctuated and was largely low. Did not settle to visiting singer.,Please continue to observe closely; senior carer informed.,Fluids encouraged; senior carer made aware.,Monitor intake and mood.,0,approved,,,2026-10-08 07:34:04
1249,RES005,2025-09-23,Night,T. Nguyen,Care Worker,Daily,Supported wash with encouragement,Low,Fair,1309,,Yes,,Yes,Music session,Music session — brief participation.,Disturbed,No,,0,A more difficult night for Albert. Supported wash with encouragement completed but Albert was reluctant and needed encouragement. Fluid intake recorded at 1309 ml. Appetite described as fair. Appeared low; needed reassurance on several occasions.,Please continue to observe closely; senior carer informed.,Fluids encouraged; senior carer made aware.,Monitor intake and mood.,0,approved,,,2026-10-08 07:34:04
1250,RES005,2025-09-25,Night,K. Adeyemi,Care Worker,Daily,Bed bath,Low,Fair,1362,,Yes,,Yes,Armchair exercises,Armchair exercises — brief participation.,Disturbed,Yes,,0,Albert needed more prompting than usual this night. Bed bath with two staff as Albert was unsteady on transfer. Fluid intake recorded at 1362 ml. Appetite described as fair. Appeared low; needed reassurance on several occasions.,Fluids to be encouraged on the next shift; keep under observation.,Fluids encouraged; senior carer made aware.,Monitor intake and mood.,0,approved,,,2026-10-08 07:34:04
1251,RES005,2025-09-26,Afternoon,J. Okafor,Care Worker,Daily,Full assistance with washing and dressing,Low,Fair,1191,,Yes,,Yes,Craft table,Craft table — brief participation.,Disturbed,No,,0,"Albert needed more prompting than usual this afternoon. Full assistance with washing and dressing completed; slight redness noted to the sacrum, repositioning chart started. 1191 ml of fluid encouraged across the shift; appetite fair. Mood fluctuated and was largely low. Did not settle to craft table.",Fluids to be encouraged on the next shift; keep under observation.,Fluids encouraged; senior carer made aware.,Monitor intake and mood.,0,approved,,,2026-10-08 07:34:04
1252,RES005,2025-09-27,Morning,M. Nowak,Care Worker,Daily,Assisted shower,Low,Fair,1097,,Yes,,Yes,Visiting singer,Visiting singer — brief participation.,Disturbed,No,,0,"Staff noted a change in Albert over the morning. Assisted shower completed; slight redness noted to the sacrum, repositioning chart started. Fluids 1097 ml over the morning, fair appetite at meals. Appeared low; needed reassurance on several occasions.",Please continue to observe closely; senior carer informed.,Fluids encouraged; senior carer made aware.,Monitor intake and mood.,0,approved,,,2026-10-08 07:34:04
1253,RES005,2025-09-30,Afternoon,T. Nguyen,Care Worker,Daily,Bed bath,Low,Fair,1416,,Yes,,Yes,Rested in room,Rested in room — brief participation.,Disturbed,Yes,,0,Albert has been less settled this afternoon. Bed bath with two staff as Albert was unsteady on transfer. 1416 ml of fluid encouraged across the shift; appetite fair. Mood low at times; declined rested in room and preferred to stay in his room.,Please continue to observe closely; senior carer informed.,Fluids encouraged; senior carer made aware.,Monitor intake and mood.,0,approved,,,2026-10-08 07:34:04
1254,RES005,2025-10-01,Morning,P. Sharma,Care Worker,Daily,Assisted shower,Low,Fair,1225,,Yes,,Yes,Music session,Music session — brief participation.,Disturbed,No,,0,"Staff noted a change in Albert over the morning. Assisted shower completed; slight redness noted to the sacrum, repositioning chart started. Fluid intake recorded at 1225 ml. Appetite described as fair. Appeared low; needed reassurance on several occasions.",Please continue to observe closely; senior carer informed.,Fluids encouraged; senior carer made aware.,Monitor intake and mood.,0,approved,,,2026-10-08 07:34:04
1255,RES005,2025-10-02,Afternoon,A. Whitfield,Care Worker,Daily,Strip wash in bedroom,Low,Fair,1338,,Yes,,Yes,Garden walk with staff,Garden walk with staff — brief participation.,Disturbed,No,,0,Staff noted a change in Albert over the afternoon. Strip wash in bedroom completed but Albert was reluctant and needed encouragement. 1338 ml of fluid encouraged across the shift; appetite fair. Mood fluctuated and was largely low. Did not settle to garden walk with staff.,Fluids to be encouraged on the next shift; keep under observation.,Fluids encouraged; senior carer made aware.,Monitor intake and mood.,0,approved,,,2026-10-08 07:34:04
1256,RES005,2025-10-03,Night,J. Okafor,Care Worker,Daily,Supported wash with encouragement,Low,Fair,1336,,Yes,,Yes,One-to-one chat,One-to-one chat — brief participation.,Disturbed,No,,0,A more difficult night for Albert. Supported wash with encouragement completed but Albert was reluctant and needed encouragement. Fluid intake recorded at 1336 ml. Appetite described as fair. Mood fluctuated and was largely low. Did not settle to one-to-one chat.,Fluids to be encouraged on the next shift; keep under observation.,Fluids encouraged; senior carer made aware.,Monitor intake and mood.,0,approved,,,2026-10-08 07:34:04
1257,RES005,2025-10-05,Morning,M. Nowak,Care Worker,Daily,Assisted shower,Low,Fair,1358,,Yes,,Yes,Visiting singer,Visiting singer — brief participation.,Disturbed,No,,0,"Albert needed more prompting than usual this morning. Assisted shower completed; slight redness noted to the sacrum, repositioning chart started. Fluid intake recorded at 1358 ml. Appetite described as fair. Mood fluctuated and was largely low. Did not settle to visiting singer.",Please continue to observe closely; senior carer informed.,Fluids encouraged; senior carer made aware.,Monitor intake and mood.,0,approved,,,2026-10-08 07:34:04
1258,RES005,2025-10-06,Night,J. Okafor,Care Worker,Daily,Bed bath,Low,Fair,1280,,Yes,,Yes,Armchair exercises,Armchair exercises — brief participation.,Disturbed,No,,0,"Albert has been less settled this night. Bed bath completed but Albert was reluctant and needed encouragement. Fluids 1280 ml over the night, fair appetite at meals. Mood fluctuated and was largely low. Did not settle to armchair exercises.",Fluids to be encouraged on the next shift; keep under observation.,Fluids encouraged; senior carer made aware.,Monitor intake and mood.,0,approved,,,2026-10-08 07:34:04
1259,RES005,2025-10-07,Morning,P. Sharma,Care Worker,Daily,Bed bath,Low,Fair,1489,,Yes,,Yes,Bingo in the lounge,Bingo in the lounge — brief participation.,Disturbed,No,,0,A more difficult morning for Albert. Bed bath completed but Albert was reluctant and needed encouragement. Took 1489 ml of fluids; ate fair at lunch and tea. Mood fluctuated and was largely low. Did not settle to bingo in the lounge.,Fluids to be encouraged on the next shift; keep under observation.,Fluids encouraged; senior carer made aware.,Monitor intake and mood.,0,approved,,,2026-10-08 07:34:04
1260,RES005,2025-10-08,Night,J. Okafor,Care Worker,Daily,Full wash at the sink,Low,Fair,1116,,Yes,,Yes,Craft table,Craft table — brief participation.,Disturbed,Yes,,0,"A more difficult night for Albert. Full wash at the sink with two staff as Albert was unsteady on transfer. Fluids 1116 ml over the night, fair appetite at meals. Appeared low; needed reassurance on several occasions.",Monitor fluid intake and report any further decline to the senior on duty.,Fluids encouraged; senior carer made aware.,Monitor intake and mood.,0,approved,,,2026-10-08 07:34:04
1261,RES005,2025-10-09,Night,K. Adeyemi,Care Worker,Daily,Bed bath,Low,Fair,1273,,Yes,,Yes,One-to-one chat,One-to-one chat — brief participation.,Disturbed,No,,0,A more difficult night for Albert. Bed bath with two staff as Albert was unsteady on transfer. Took 1273 ml of fluids; ate fair at lunch and tea. Appeared low; needed reassurance on several occasions.,Fluids to be encouraged on the next shift; keep under observation.,Fluids encouraged; senior carer made aware.,Monitor intake and mood.,0,approved,,,2026-10-08 07:34:04
1262,RES005,2025-10-10,Afternoon,T. Nguyen,Care Worker,Daily,Full wash at the sink,Low,Fair,1370,,Yes,,Yes,Armchair exercises,Armchair exercises — brief participation.,Disturbed,Yes,,0,"A more difficult afternoon for Albert. Full wash at the sink completed but Albert was reluctant and needed encouragement. Fluids 1370 ml over the afternoon, fair appetite at meals. Appeared low; needed reassurance on several occasions.",Monitor fluid intake and report any further decline to the senior on duty.,Fluids encouraged; senior carer made aware.,Monitor intake and mood.,0,approved,,,2026-10-08 07:34:04
1263,RES005,2025-10-11,Afternoon,L. Ahmed,Care Worker,Daily,Full assistance with washing and dressing,Low,Fair,1256,,Yes,,Yes,Garden walk with staff,Garden walk with staff — brief participation.,Disturbed,Yes,,0,Albert has been less settled this afternoon. Full assistance with washing and dressing completed but Albert was reluctant and needed encouragement. 1256 ml of fluid encouraged across the shift; appetite fair. Mood low at times; declined garden walk with staff and preferred to stay in his room.,Monitor fluid intake and report any further decline to the senior on duty.,Fluids encouraged; senior carer made aware.,Monitor intake and mood.,0,approved,,,2026-10-08 07:34:04
1264,RES005,2025-10-12,Morning,C. Fernandes,Care Worker,Daily,Supported wash with encouragement,Low,Fair,1376,,Yes,,Yes,Armchair exercises,Armchair exercises — brief participation.,Disturbed,Yes,,0,"Albert needed more prompting than usual this morning. Supported wash with encouragement completed; slight redness noted to the sacrum, repositioning chart started. Fluid intake recorded at 1376 ml. Appetite described as fair. Appeared low; needed reassurance on several occasions.",Fluids to be encouraged on the next shift; keep under observation.,Fluids encouraged; senior carer made aware.,Monitor intake and mood.,0,approved,,,2026-10-08 07:34:04
1265,RES005,2025-10-13,Afternoon,P. Sharma,Care Worker,Daily,Assisted shower,Low,Fair,1277,,Yes,,Yes,Craft table,Craft table — brief participation.,Disturbed,No,,0,A more difficult afternoon for Albert. Assisted shower completed but Albert was reluctant and needed encouragement. 1277 ml of fluid encouraged across the shift; appetite fair. Mood fluctuated and was largely low. Did not settle to craft table.,Monitor fluid intake and report any further decline to the senior on duty.,Fluids encouraged; senior carer made aware.,Monitor intake and mood.,0,approved,,,2026-10-08 07:34:04
1266,RES005,2025-10-14,Night,M. Nowak,Care Worker,Daily,Supported wash with encouragement,Low,Fair,1428,,Yes,,Yes,Reminiscence group,Reminiscence group — brief participation.,Disturbed,No,,0,"Albert needed more prompting than usual this night. Supported wash with encouragement with two staff as Albert was unsteady on transfer. Fluids 1428 ml over the night, fair appetite at meals. Mood fluctuated and was largely low. Did not settle to reminiscence group.",Please continue to observe closely; senior carer informed.,Fluids encouraged; senior carer made aware.,Monitor intake and mood.,0,approved,,,2026-10-08 07:34:04
1267,RES005,2025-10-17,Afternoon,D. Osei,Care Worker,Daily,Strip wash in bedroom,Low,Fair,1168,,Yes,,Yes,Visiting singer,Visiting singer — brief participation.,Disturbed,No,,0,Albert has been less settled this afternoon. Strip wash in bedroom with two staff as Albert was unsteady on transfer. Fluid intake recorded at 1168 ml. Appetite described as fair. Appeared low; needed reassurance on several occasions.,Please continue to observe closely; senior carer informed.,Fluids encouraged; senior carer made aware.,Monitor intake and mood.,0,approved,,,2026-10-08 07:34:04
1268,RES005,2025-10-18,Morning,S. Patel,Care Worker,Daily,Bed bath,Low,Fair,1207,,Yes,,Yes,Music session,Music session — brief participation.,Disturbed,Yes,,0,A more difficult morning for Albert. Bed bath with two staff as Albert was unsteady on transfer. Fluid intake recorded at 1207 ml. Appetite described as fair. Mood low at times; declined music session and preferred to stay in his room.,Monitor fluid intake and report any further decline to the senior on duty.,Fluids encouraged; senior carer made aware.,Monitor intake and mood.,0,approved,,,2026-10-08 07:34:04
1269,RES005,2025-10-19,Afternoon,S. Patel,Care Worker,Daily,Full wash at the sink,Low,Fair,1260,,Yes,,Yes,Music session,Music session — brief participation.,Disturbed,No,,0,"Albert has been less settled this afternoon. Full wash at the sink completed; slight redness noted to the sacrum, repositioning chart started. Took 1260 ml of fluids; ate fair at lunch and tea. Mood fluctuated and was largely low. Did not settle to music session.",Fluids to be encouraged on the next shift; keep under observation.,Fluids encouraged; senior carer made aware.,Monitor intake and mood.,0,approved,,,2026-10-08 07:34:04
1270,RES005,2025-10-20,Afternoon,L. Ahmed,Care Worker,Daily,Bed bath,Low,Fair,1215,,Yes,,Yes,Music session,Music session — brief participation.,Disturbed,No,,0,"Albert needed more prompting than usual this afternoon. Bed bath completed; slight redness noted to the sacrum, repositioning chart started. Fluid intake recorded at 1215 ml. Appetite described as fair. Mood low at times; declined music session and preferred to stay in his room.",Monitor fluid intake and report any further decline to the senior on duty.,Fluids encouraged; senior carer made aware.,Monitor intake and mood.,0,approved,,,2026-10-08 07:34:04
1271,RES005,2025-10-21,Afternoon,T. Nguyen,Care Worker,Daily,Assisted shower,Low,Fair,1217,,Yes,,Yes,Visiting singer,Visiting singer — brief participation.,Disturbed,No,,0,Albert needed more prompting than usual this afternoon. Assisted shower with two staff as Albert was unsteady on transfer. Took 1217 ml of fluids; ate fair at lunch and tea. Mood low at times; declined visiting singer and preferred to stay in his room.,Monitor fluid intake and report any further decline to the senior on duty.,Fluids encouraged; senior carer made aware.,Monitor intake and mood.,0,approved,,,2026-10-08 07:34:04
1272,RES005,2025-10-22,Night,R. Kowalski,Care Worker,Daily,Supported wash with encouragement,Low,Fair,1144,,Yes,,Yes,Newspaper reading,Newspaper reading — brief participation.,Disturbed,Yes,,0,"A more difficult night for Albert. Supported wash with encouragement completed; slight redness noted to the sacrum, repositioning chart started. Fluid intake recorded at 1144 ml. Appetite described as fair. Appeared low; needed reassurance on several occasions.",Monitor fluid intake and report any further decline to the senior on duty.,Fluids encouraged; senior carer made aware.,Monitor intake and mood.,0,approved,,,2026-10-08 07:34:04
1273,RES005,2025-10-23,Night,S. Patel,Care Worker,Daily,Bed bath,Low,Fair,1159,,Yes,,Yes,Rested in room,Rested in room — brief participation.,Disturbed,No,,0,Albert needed more prompting than usual this night. Bed bath with two staff as Albert was unsteady on transfer. Fluid intake recorded at 1159 ml. Appetite described as fair. Appeared low; needed reassurance on several occasions.,Monitor fluid intake and report any further decline to the senior on duty.,Fluids encouraged; senior carer made aware.,Monitor intake and mood.,0,approved,,,2026-10-08 07:34:04
1274,RES005,2025-10-24,Morning,A. Whitfield,Care Worker,Daily,Assisted shower,Low,Fair,1393,,Yes,,Yes,Garden walk with staff,Garden walk with staff — brief participation.,Disturbed,Yes,,0,"Albert has been less settled this morning. Assisted shower completed; slight redness noted to the sacrum, repositioning chart started. 1393 ml of fluid encouraged across the shift; appetite fair. Mood fluctuated and was largely low. Did not settle to garden walk with staff.",Monitor fluid intake and report any further decline to the senior on duty.,Fluids encouraged; senior carer made aware.,Monitor intake and mood.,0,approved,,,2026-10-08 07:34:04
1275,RES005,2025-10-25,Afternoon,T. Nguyen,Care Worker,Daily,Full wash at the sink,Low,Fair,1372,,Yes,,Yes,Armchair exercises,Armchair exercises — brief participation.,Disturbed,No,,0,Albert needed more prompting than usual this afternoon. Full wash at the sink with two staff as Albert was unsteady on transfer. Took 1372 ml of fluids; ate fair at lunch and tea. Mood fluctuated and was largely low. Did not settle to armchair exercises.,Fluids to be encouraged on the next shift; keep under observation.,Fluids encouraged; senior carer made aware.,Monitor intake and mood.,0,approved,,,2026-10-08 07:34:04
1276,RES005,2025-10-27,Night,R. Kowalski,Care Worker,Daily,Supported wash with encouragement,Low,Fair,1247,,Yes,,Yes,Garden walk with staff,Garden walk with staff — brief participation.,Disturbed,No,,0,"Albert needed more prompting than usual this night. Supported wash with encouragement completed; slight redness noted to the sacrum, repositioning chart started. Fluid intake recorded at 1247 ml. Appetite described as fair. Mood fluctuated and was largely low. Did not settle to garden walk with staff.",Fluids to be encouraged on the next shift; keep under observation.,Fluids encouraged; senior carer made aware.,Monitor intake and mood.,0,approved,,,2026-10-08 07:34:04
1277,RES005,2025-10-28,Afternoon,S. Patel,Care Worker,Daily,Assisted shower,Low,Fair,1366,,Yes,,Yes,Music session,Music session — brief participation.,Disturbed,No,,0,"Albert has been less settled this afternoon. Assisted shower completed but Albert was reluctant and needed encouragement. Fluids 1366 ml over the afternoon, fair appetite at meals. Appeared low; needed reassurance on several occasions.",Monitor fluid intake and report any further decline to the senior on duty.,Fluids encouraged; senior carer made aware.,Monitor intake and mood.,0,approved,,,2026-10-08 07:34:04
1278,RES005,2025-10-29,Night,M. Nowak,Care Worker,Daily,Bed bath,Low,Fair,1359,,Yes,,Yes,Visiting singer,Visiting singer — brief participation.,Disturbed,Yes,,0,Albert has been less settled this night. Bed bath with two staff as Albert was unsteady on transfer. 1359 ml of fluid encouraged across the shift; appetite fair. Appeared low; needed reassurance on several occasions.,Fluids to be encouraged on the next shift; keep under observation.,Fluids encouraged; senior carer made aware.,Monitor intake and mood.,0,approved,,,2026-10-08 07:34:04
1279,RES005,2025-10-30,Morning,B. Mensah,Care Worker,Daily,Bed bath,Low,Fair,1118,,Yes,,Yes,Craft table,Craft table — brief participation.,Disturbed,No,,0,"Albert needed more prompting than usual this morning. Bed bath with two staff as Albert was unsteady on transfer. Fluids 1118 ml over the morning, fair appetite at meals. Mood low at times; declined craft table and preferred to stay in his room.",Fluids to be encouraged on the next shift; keep under observation.,Fluids encouraged; senior carer made aware.,Monitor intake and mood.,0,approved,,,2026-10-08 07:34:04
1280,RES005,2025-10-31,Afternoon,R. Kowalski,Care Worker,Daily,Strip wash in bedroom,Low,Fair,1235,,Yes,,Yes,Newspaper reading,Newspaper reading — brief participation.,Disturbed,No,,0,"Albert has been less settled this afternoon. Strip wash in bedroom completed; slight redness noted to the sacrum, repositioning chart started. 1235 ml of fluid encouraged across the shift; appetite fair. Appeared low; needed reassurance on several occasions.",Fluids to be encouraged on the next shift; keep under observation.,Fluids encouraged; senior carer made aware.,Monitor intake and mood.,0,approved,,,2026-10-08 07:34:04
1281,RES005,2025-11-01,Night,R. Kowalski,Care Worker,Daily,Full assistance with washing and dressing,Low,Fair,1084,,Yes,,Yes,Garden walk with staff,Garden walk with staff — brief participation.,Disturbed,No,,0,"Albert needed more prompting than usual this night. Full assistance with washing and dressing completed; slight redness noted to the sacrum, repositioning chart started. Fluid intake recorded at 1084 ml. Appetite described as fair. Mood fluctuated and was largely low. Did not settle to garden walk with staff.",Fluids to be encouraged on the next shift; keep under observation.,Fluids encouraged; senior carer made aware.,Monitor intake and mood.,0,approved,,,2026-10-08 07:34:04
1282,RES005,2025-11-02,Night,S. Patel,Care Worker,Daily,Bed bath,Low,Fair,1241,,Yes,,Yes,Visiting singer,Visiting singer — brief participation.,Disturbed,No,,0,"Staff noted a change in Albert over the night. Bed bath completed; slight redness noted to the sacrum, repositioning chart started. Fluid intake recorded at 1241 ml. Appetite described as fair. Mood fluctuated and was largely low. Did not settle to visiting singer.",Monitor fluid intake and report any further decline to the senior on duty.,Fluids encouraged; senior carer made aware.,Monitor intake and mood.,0,approved,,,2026-10-08 07:34:04
1283,RES005,2025-11-03,Morning,J. Okafor,Care Worker,Daily,Full wash at the sink,Low,Fair,1449,,Yes,,Yes,Reminiscence group,Reminiscence group — brief participation.,Disturbed,Yes,,0,Staff noted a change in Albert over the morning. Full wash at the sink completed but Albert was reluctant and needed encouragement. Fluid intake recorded at 1449 ml. Appetite described as fair. Mood fluctuated and was largely low. Did not settle to reminiscence group.,Please continue to observe closely; senior carer informed.,Fluids encouraged; senior carer made aware.,Monitor intake and mood.,0,approved,,,2026-10-08 07:34:04
1284,RES005,2025-11-04,Morning,C. Fernandes,Care Worker,Daily,Bed bath,Low,Fair,1361,,Yes,,Yes,Visiting singer,Visiting singer — brief participation.,Disturbed,No,,0,"Albert needed more prompting than usual this morning. Bed bath completed; slight redness noted to the sacrum, repositioning chart started. 1361 ml of fluid encouraged across the shift; appetite fair. Mood fluctuated and was largely low. Did not settle to visiting singer.",Fluids to be encouraged on the next shift; keep under observation.,Fluids encouraged; senior carer made aware.,Monitor intake and mood.,0,approved,,,2026-10-08 07:34:04
1285,RES005,2025-11-05,Night,M. Nowak,Care Worker,Daily,Full assistance with washing and dressing,Low,Fair,1313,,Yes,,Yes,Garden walk with staff,Garden walk with staff — brief participation.,Disturbed,No,,0,Albert needed more prompting than usual this night. Full assistance with washing and dressing with two staff as Albert was unsteady on transfer. Took 1313 ml of fluids; ate fair at lunch and tea. Mood fluctuated and was largely low. Did not settle to garden walk with staff.,Fluids to be encouraged on the next shift; keep under observation.,Fluids encouraged; senior carer made aware.,Monitor intake and mood.,0,approved,,,2026-10-08 07:34:04
1286,RES005,2025-11-06,Afternoon,L. Ahmed,Care Worker,Daily,Bed bath,Low,Fair,1266,,Yes,,Yes,One-to-one chat,One-to-one chat — brief participation.,Disturbed,No,,0,"Staff noted a change in Albert over the afternoon. Bed bath completed; slight redness noted to the sacrum, repositioning chart started. Fluid intake recorded at 1266 ml. Appetite described as fair. Mood low at times; declined one-to-one chat and preferred to stay in his room.",Please continue to observe closely; senior carer informed.,Fluids encouraged; senior carer made aware.,Monitor intake and mood.,0,approved,,,2026-10-08 07:34:04
1287,RES005,2025-11-07,Night,M. Nowak,Care Worker,Daily,Assisted shower,Low,Fair,1300,,Yes,,Yes,Armchair exercises,Armchair exercises — brief participation.,Disturbed,Yes,,0,"Albert has been less settled this night. Assisted shower completed; slight redness noted to the sacrum, repositioning chart started. Fluids 1300 ml over the night, fair appetite at meals. Mood fluctuated and was largely low. Did not settle to armchair exercises.",Please continue to observe closely; senior carer informed.,Fluids encouraged; senior carer made aware.,Monitor intake and mood.,0,approved,,,2026-10-08 07:34:04
1288,RES005,2025-11-08,Night,T. Nguyen,Care Worker,Daily,Supported wash with encouragement,Low,Fair,1416,,Yes,,Yes,Reminiscence group,Reminiscence group — brief participation.,Disturbed,No,,0,A more difficult night for Albert. Supported wash with encouragement completed but Albert was reluctant and needed encouragement. Took 1416 ml of fluids; ate fair at lunch and tea. Appeared low; needed reassurance on several occasions.,Monitor fluid intake and report any further decline to the senior on duty.,Fluids encouraged; senior carer made aware.,Monitor intake and mood.,0,approved,,,2026-10-08 07:34:04
1289,RES005,2025-11-09,Morning,A. Whitfield,Care Worker,Daily,Supported wash with encouragement,Low,Fair,1239,,Yes,,Yes,Hand massage,Hand massage — brief participation.,Disturbed,No,,0,"A more difficult morning for Albert. Supported wash with encouragement completed; slight redness noted to the sacrum, repositioning chart started. Fluids 1239 ml over the morning, fair appetite at meals. Appeared low; needed reassurance on several occasions.",Fluids to be encouraged on the next shift; keep under observation.,Fluids encouraged; senior carer made aware.,Monitor intake and mood.,0,approved,,,2026-10-08 07:34:04
1290,RES005,2025-11-10,Night,T. Nguyen,Care Worker,Daily,Strip wash in bedroom,Low,Fair,1264,,Yes,,Yes,Bingo in the lounge,Bingo in the lounge — brief participation.,Disturbed,No,,0,"Staff noted a change in Albert over the night. Strip wash in bedroom completed; slight redness noted to the sacrum, repositioning chart started. Fluid intake recorded at 1264 ml. Appetite described as fair. Appeared low; needed reassurance on several occasions.",Please continue to observe closely; senior carer informed.,Fluids encouraged; senior carer made aware.,Monitor intake and mood.,0,approved,,,2026-10-08 07:34:04
1291,RES005,2025-11-12,Night,M. Nowak,Care Worker,Daily,Bed bath,Low,Fair,1258,,Yes,,Yes,Craft table,Craft table — brief participation.,Disturbed,Yes,,0,"A more difficult night for Albert. Bed bath completed; slight redness noted to the sacrum, repositioning chart started. Fluids 1258 ml over the night, fair appetite at meals. Mood low at times; declined craft table and preferred to stay in his room.",Monitor fluid intake and report any further decline to the senior on duty.,Fluids encouraged; senior carer made aware.,Monitor intake and mood.,0,approved,,,2026-10-08 07:34:04
1292,RES005,2025-11-14,Morning,J. Okafor,Care Worker,Daily,Supported wash with encouragement,Low,Fair,1370,,Yes,,Yes,Hand massage,Hand massage — brief participation.,Disturbed,No,,0,"Albert has been less settled this morning. Supported wash with encouragement with two staff as Albert was unsteady on transfer. Fluids 1370 ml over the morning, fair appetite at meals. Mood fluctuated and was largely low. Did not settle to hand massage.",Monitor fluid intake and report any further decline to the senior on duty.,Fluids encouraged; senior carer made aware.,Monitor intake and mood.,0,approved,,,2026-10-08 07:34:04
1293,RES005,2025-11-15,Afternoon,S. Patel,Care Worker,Daily,Full assistance with washing and dressing,Low,Fair,1378,,Yes,,Yes,Reminiscence group,Reminiscence group — brief participation.,Disturbed,No,,0,"A more difficult afternoon for Albert. Full assistance with washing and dressing completed; slight redness noted to the sacrum, repositioning chart started. Fluids 1378 ml over the afternoon, fair appetite at meals. Mood low at times; declined reminiscence group and preferred to stay in his room.",Fluids to be encouraged on the next shift; keep under observation.,Fluids encouraged; senior carer made aware.,Monitor intake and mood.,0,approved,,,2026-10-08 07:34:04
1294,RES005,2025-11-16,Morning,L. Ahmed,Care Worker,Daily,Assisted shower,Low,Fair,1237,,Yes,,Yes,Garden walk with staff,Garden walk with staff — brief participation.,Disturbed,No,,0,"A more difficult morning for Albert. Assisted shower completed; slight redness noted to the sacrum, repositioning chart started. Took 1237 ml of fluids; ate fair at lunch and tea. Mood fluctuated and was largely low. Did not settle to garden walk with staff.",Fluids to be encouraged on the next shift; keep under observation.,Fluids encouraged; senior carer made aware.,Monitor intake and mood.,0,approved,,,2026-10-08 07:34:04
1295,RES005,2025-11-17,Night,T. Nguyen,Care Worker,Daily,Strip wash in bedroom,Low,Fair,1267,,Yes,,Yes,Armchair exercises,Armchair exercises — brief participation.,Disturbed,No,,0,"Albert needed more prompting than usual this night. Strip wash in bedroom completed but Albert was reluctant and needed encouragement. Fluids 1267 ml over the night, fair appetite at meals. Mood fluctuated and was largely low. Did not settle to armchair exercises.",Fluids to be encouraged on the next shift; keep under observation.,Fluids encouraged; senior carer made aware.,Monitor intake and mood.,0,approved,,,2026-10-08 07:34:04
1296,RES005,2025-11-18,Night,L. Ahmed,Care Worker,Daily,Strip wash in bedroom,Low,Fair,1244,,Yes,,Yes,Reminiscence group,Reminiscence group — brief participation.,Disturbed,Yes,,0,"Albert has been less settled this night. Strip wash in bedroom completed; slight redness noted to the sacrum, repositioning chart started. Took 1244 ml of fluids; ate fair at lunch and tea. Mood low at times; declined reminiscence group and preferred to stay in his room.",Fluids to be encouraged on the next shift; keep under observation.,Fluids encouraged; senior carer made aware.,Monitor intake and mood.,0,approved,,,2026-10-08 07:34:04
1297,RES005,2025-11-19,Night,C. Fernandes,Care Worker,Daily,Assisted shower,Low,Fair,1441,,Yes,,Yes,Reminiscence group,Reminiscence group — brief participation.,Disturbed,Yes,,0,Albert has been less settled this night. Assisted shower with two staff as Albert was unsteady on transfer. Took 1441 ml of fluids; ate fair at lunch and tea. Mood low at times; declined reminiscence group and preferred to stay in his room.,Monitor fluid intake and report any further decline to the senior on duty.,Fluids encouraged; senior carer made aware.,Monitor intake and mood.,0,approved,,,2026-10-08 07:34:04
1298,RES005,2025-11-20,Night,J. Okafor,Care Worker,Daily,Bed bath,Low,Fair,1082,,Yes,,Yes,Reminiscence group,Reminiscence group — brief participation.,Disturbed,No,,0,Albert needed more prompting than usual this night. Bed bath with two staff as Albert was unsteady on transfer. 1082 ml of fluid encouraged across the shift; appetite fair. Mood low at times; declined reminiscence group and preferred to stay in his room.,Please continue to observe closely; senior carer informed.,Fluids encouraged; senior carer made aware.,Monitor intake and mood.,0,approved,,,2026-10-08 07:34:04
1299,RES005,2025-11-21,Afternoon,D. Osei,Care Worker,Daily,Strip wash in bedroom,Low,Fair,1237,,Yes,,Yes,Reminiscence group,Reminiscence group — brief participation.,Disturbed,No,,0,"Albert needed more prompting than usual this afternoon. Strip wash in bedroom completed but Albert was reluctant and needed encouragement. Fluids 1237 ml over the afternoon, fair appetite at meals. Appeared low; needed reassurance on several occasions.",Monitor fluid intake and report any further decline to the senior on duty.,Fluids encouraged; senior carer made aware.,Monitor intake and mood.,0,approved,,,2026-10-08 07:34:04
1300,RES005,2025-11-22,Morning,T. Nguyen,Care Worker,Daily,Full wash at the sink,Low,Fair,1147,,Yes,,Yes,Rested in room,Rested in room — brief participation.,Disturbed,No,,0,Staff noted a change in Albert over the morning. Full wash at the sink completed but Albert was reluctant and needed encouragement. 1147 ml of fluid encouraged across the shift; appetite fair. Mood fluctuated and was largely low. Did not settle to rested in room.,Please continue to observe closely; senior carer informed.,Fluids encouraged; senior carer made aware.,Monitor intake and mood.,0,approved,,,2026-10-08 07:34:04
1301,RES005,2025-11-23,Morning,D. Osei,Care Worker,Daily,Assisted shower,Low,Fair,1212,,Yes,,Yes,Visiting singer,Visiting singer — brief participation.,Disturbed,No,,0,Albert needed more prompting than usual this morning. Assisted shower completed but Albert was reluctant and needed encouragement. Fluid intake recorded at 1212 ml. Appetite described as fair. Mood fluctuated and was largely low. Did not settle to visiting singer.,Monitor fluid intake and report any further decline to the senior on duty.,Fluids encouraged; senior carer made aware.,Monitor intake and mood.,0,approved,,,2026-10-08 07:34:04
1302,RES005,2025-11-24,Morning,K. Adeyemi,Care Worker,Daily,Strip wash in bedroom,Low,Fair,1293,,Yes,,Yes,Bingo in the lounge,Bingo in the lounge — brief participation.,Disturbed,No,,0,"A more difficult morning for Albert. Strip wash in bedroom completed; slight redness noted to the sacrum, repositioning chart started. Fluid intake recorded at 1293 ml. Appetite described as fair. Appeared low; needed reassurance on several occasions.",Please continue to observe closely; senior carer informed.,Fluids encouraged; senior carer made aware.,Monitor intake and mood.,0,approved,,,2026-10-08 07:34:04
1303,RES005,2025-11-25,Morning,K. Adeyemi,Care Worker,Daily,Bed bath,Low,Fair,1407,,Yes,,Yes,Visiting singer,Visiting singer — brief participation.,Disturbed,No,,0,"Albert has been less settled this morning. Bed bath completed; slight redness noted to the sacrum, repositioning chart started. Took 1407 ml of fluids; ate fair at lunch and tea. Mood low at times; declined visiting singer and preferred to stay in his room.",Monitor fluid intake and report any further decline to the senior on duty.,Fluids encouraged; senior carer made aware.,Monitor intake and mood.,0,approved,,,2026-10-08 07:34:04
1304,RES005,2025-11-27,Afternoon,A. Whitfield,Care Worker,Daily,Bed bath,Low,Fair,1086,,Yes,,Yes,Newspaper reading,Newspaper reading — brief participation.,Disturbed,No,,0,"A more difficult afternoon for Albert. Bed bath completed; slight redness noted to the sacrum, repositioning chart started. Fluid intake recorded at 1086 ml. Appetite described as fair. Mood fluctuated and was largely low. Did not settle to newspaper reading.",Fluids to be encouraged on the next shift; keep under observation.,Fluids encouraged; senior carer made aware.,Monitor intake and mood.,0,approved,,,2026-10-08 07:34:04
1305,RES005,2025-11-28,Morning,P. Sharma,Care Worker,Daily,Assisted shower,Low,Fair,1066,,Yes,,Yes,Visiting singer,Visiting singer — brief participation.,Disturbed,No,,0,A more difficult morning for Albert. Assisted shower completed but Albert was reluctant and needed encouragement. Fluid intake recorded at 1066 ml. Appetite described as fair. Appeared low; needed reassurance on several occasions.,Please continue to observe closely; senior carer informed.,Fluids encouraged; senior carer made aware.,Monitor intake and mood.,0,approved,,,2026-10-08 07:34:04
1306,RES005,2025-11-29,Afternoon,D. Osei,Care Worker,Daily,Full wash at the sink,Low,Fair,1154,,Yes,,Yes,Visiting singer,Visiting singer — brief participation.,Disturbed,No,,0,Staff noted a change in Albert over the afternoon. Full wash at the sink completed but Albert was reluctant and needed encouragement. Fluid intake recorded at 1154 ml. Appetite described as fair. Mood fluctuated and was largely low. Did not settle to visiting singer.,Please continue to observe closely; senior carer informed.,Fluids encouraged; senior carer made aware.,Monitor intake and mood.,0,approved,,,2026-10-08 07:34:04
1307,RES005,2025-11-30,Morning,B. Mensah,Care Worker,Daily,Assisted shower,Low,Fair,1350,,Yes,,Yes,Garden walk with staff,Garden walk with staff — brief participation.,Disturbed,No,,0,"A more difficult morning for Albert. Assisted shower completed; slight redness noted to the sacrum, repositioning chart started. Fluid intake recorded at 1350 ml. Appetite described as fair. Mood low at times; declined garden walk with staff and preferred to stay in his room.",Monitor fluid intake and report any further decline to the senior on duty.,Fluids encouraged; senior carer made aware.,Monitor intake and mood.,0,approved,,,2026-10-08 07:34:04
1308,RES005,2025-12-01,Night,C. Fernandes,Care Worker,Daily,Full wash at the sink,Low,Fair,1191,,Yes,,Yes,Visiting singer,Visiting singer — brief participation.,Disturbed,Yes,,0,"Albert has been less settled this night. Full wash at the sink completed; slight redness noted to the sacrum, repositioning chart started. 1191 ml of fluid encouraged across the shift; appetite fair. Appeared low; needed reassurance on several occasions.",Please continue to observe closely; senior carer informed.,Fluids encouraged; senior carer made aware.,Monitor intake and mood.,0,approved,,,2026-10-08 07:34:04
1309,RES005,2025-12-02,Morning,D. Osei,Care Worker,Daily,Assisted shower,Low,Fair,1177,,Yes,,Yes,Armchair exercises,Armchair exercises — brief participation.,Disturbed,Yes,,0,Staff noted a change in Albert over the morning. Assisted shower with two staff as Albert was unsteady on transfer. 1177 ml of fluid encouraged across the shift; appetite fair. Mood fluctuated and was largely low. Did not settle to armchair exercises.,Fluids to be encouraged on the next shift; keep under observation.,Fluids encouraged; senior carer made aware.,Monitor intake and mood.,0,approved,,,2026-10-08 07:34:04
1310,RES005,2025-12-03,Morning,R. Kowalski,Care Worker,Daily,Bed bath,Anxious,Poor,1204,,Yes,,Yes,Hand massage,Hand massage — declined.,Poor,No,,0,Albert was noticeably unwell during the morning. Bed bath completed with difficulty. Albert was resistive at times and care was paused twice. 1204 ml of fluid encouraged across the shift; appetite poor. anxious and restless. Remained in bed for most of the shift.,Falls risk discussed at handover; sensor mat in place and hourly checks agreed.,Escalated to senior carer; observations taken.,Falls precautions in place; see incident log.,0,approved,,,2026-10-08 07:34:04
1311,RES005,2025-12-04,Night,D. Osei,Care Worker,Daily,Assisted shower,Agitated,Poor,1000,,Yes,,Yes,One-to-one chat,One-to-one chat — declined.,Poor,No,,0,"Albert was noticeably unwell during the night. Assisted shower required full assistance from two staff; Albert was unable to weight-bear reliably. Fluids 1000 ml over the night, poor appetite at meals. agitated and restless. Remained in bed for most of the shift.",GP review requested. Family to be updated by the manager.,Escalated to senior carer; observations taken.,Falls precautions in place; see incident log.,0,approved,,,2026-10-08 07:34:04
1312,RES005,2025-12-05,Night,P. Sharma,Care Worker,Daily,Full assistance with washing and dressing,Confused,Poor,1124,,Yes,,Yes,Newspaper reading,Newspaper reading — declined.,Poor,No,,0,Albert has had a poor night and needed close support. Full assistance with washing and dressing completed with difficulty. Albert was resistive at times and care was paused twice. 1124 ml of fluid encouraged across the shift; appetite poor. Mood confused throughout; calling out intermittently and difficult to reassure.,GP review requested. Family to be updated by the manager.,Escalated to senior carer; observations taken.,Falls precautions in place; see incident log.,0,approved,,,2026-10-08 07:34:04
1313,RES005,2025-12-06,Morning,J. Okafor,Care Worker,Daily,Supported wash with encouragement,Confused,Poor,1039,,Yes,,Yes,Armchair exercises,Armchair exercises — declined.,Poor,No,,0,Increased supervision required for Albert this morning. Supported wash with encouragement required full assistance from two staff; Albert was unable to weight-bear reliably. 1039 ml of fluid encouraged across the shift; appetite poor. Very confused. Attempted to mobilise unaided twice and required redirection.,Escalated to the senior on duty. Consider GP review if no improvement.,Escalated to senior carer; observations taken.,Falls precautions in place; see incident log.,0,approved,,,2026-10-08 07:34:04
1314,RES005,2025-12-07,Morning,T. Nguyen,Care Worker,Daily,Full wash at the sink,Anxious,Poor,828,,Yes,,Yes,Garden walk with staff,Garden walk with staff — declined.,Poor,No,,0,"Significant concerns for Albert throughout the morning. Full wash at the sink required full assistance from two staff; Albert was unable to weight-bear reliably. Fluids 828 ml over the morning, poor appetite at meals. anxious and restless. Remained in bed for most of the shift.",GP review requested. Family to be updated by the manager.,Escalated to senior carer; observations taken.,Falls precautions in place; see incident log.,0,approved,,,2026-10-08 07:34:04
1315,RES005,2025-12-08,Morning,R. Kowalski,Care Worker,Daily,Strip wash in bedroom,Agitated,Poor,1040,,Yes,,Yes,Hand massage,Hand massage — declined.,Poor,No,,0,"Significant concerns for Albert throughout the morning. Strip wash in bedroom required full assistance from two staff; Albert was unable to weight-bear reliably. Fluids 1040 ml over the morning, poor appetite at meals. Very agitated. Attempted to mobilise unaided twice and required redirection.",Falls risk discussed at handover; sensor mat in place and hourly checks agreed.,Escalated to senior carer; observations taken.,Falls precautions in place; see incident log.,0,approved,,,2026-10-08 07:34:04
1316,RES005,2025-12-09,Night,T. Nguyen,Care Worker,Daily,Assisted shower,Anxious,Poor,966,,Yes,,Yes,Hand massage,Hand massage — declined.,Poor,No,,0,"Albert was noticeably unwell during the night. Assisted shower completed with difficulty. Albert was resistive at times and care was paused twice. Fluids 966 ml over the night, poor appetite at meals. anxious and restless. Remained in bed for most of the shift.",Falls risk discussed at handover; sensor mat in place and hourly checks agreed.,Escalated to senior carer; observations taken.,Falls precautions in place; see incident log.,0,approved,,,2026-10-08 07:34:04
1317,RES005,2025-12-11,Morning,P. Sharma,Care Worker,Daily,Supported wash with encouragement,Confused,Poor,704,,Yes,,Yes,Music session,Music session — declined.,Poor,Yes,,0,Albert has had a poor morning and needed close support. Supported wash with encouragement completed with difficulty. Albert was resistive at times and care was paused twice. Fluid intake recorded at 704 ml. Appetite described as poor. Very confused. Attempted to mobilise unaided twice and required redirection.,Escalated to the senior on duty. Consider GP review if no improvement.,Escalated to senior carer; observations taken.,Falls precautions in place; see incident log.,0,approved,,,2026-10-08 07:34:04
1318,RES005,2025-12-14,Morning,B. Mensah,Care Worker,Daily,Strip wash in bedroom,Agitated,Poor,914,,Yes,,Yes,Music session,Music session — declined.,Poor,No,,0,"Albert has had a poor morning and needed close support. Strip wash in bedroom with hoist assistance. Skin fragile, barrier cream applied. Took 914 ml of fluids; ate poor at lunch and tea. agitated and restless. Remained in bed for most of the shift.",Falls risk discussed at handover; sensor mat in place and hourly checks agreed.,Escalated to senior carer; observations taken.,Falls precautions in place; see incident log.,0,approved,,,2026-10-08 07:34:04
1319,RES005,2025-12-15,Night,M. Nowak,Care Worker,Daily,Full assistance with washing and dressing,Anxious,Poor,812,,Yes,,Yes,Newspaper reading,Newspaper reading — declined.,Poor,No,,0,"Albert was noticeably unwell during the night. Full assistance with washing and dressing with hoist assistance. Skin fragile, barrier cream applied. 812 ml of fluid encouraged across the shift; appetite poor. Mood anxious throughout; calling out intermittently and difficult to reassure.",GP review requested. Family to be updated by the manager.,Escalated to senior carer; observations taken.,Falls precautions in place; see incident log.,0,approved,,,2026-10-08 07:34:04
1320,RES005,2025-12-16,Morning,P. Sharma,Care Worker,Daily,Supported wash with encouragement,Anxious,Poor,981,,Yes,,Yes,Bingo in the lounge,Bingo in the lounge — declined.,Poor,No,,0,Albert was noticeably unwell during the morning. Supported wash with encouragement completed with difficulty. Albert was resistive at times and care was paused twice. Took 981 ml of fluids; ate poor at lunch and tea. Very anxious. Attempted to mobilise unaided twice and required redirection.,Falls risk discussed at handover; sensor mat in place and hourly checks agreed.,Escalated to senior carer; observations taken.,Falls precautions in place; see incident log.,0,approved,,,2026-10-08 07:34:04
1321,RES005,2025-12-22,Night,T. Nguyen,Care Worker,Daily,Supported wash with encouragement,Agitated,Poor,1003,,Yes,,Yes,Hand massage,Hand massage — declined.,Poor,Yes,,0,"Significant concerns for Albert throughout the night. Supported wash with encouragement with hoist assistance. Skin fragile, barrier cream applied. 1003 ml of fluid encouraged across the shift; appetite poor. agitated and restless. Remained in bed for most of the shift.",Escalated to the senior on duty. Consider GP review if no improvement.,Escalated to senior carer; observations taken.,Falls precautions in place; see incident log.,0,approved,,,2026-10-08 07:34:04
1322,RES005,2025-12-24,Night,M. Nowak,Care Worker,Daily,Strip wash in bedroom,Confused,Poor,892,,Yes,,Yes,Craft table,Craft table — declined.,Poor,No,,0,"Albert was noticeably unwell during the night. Strip wash in bedroom with hoist assistance. Skin fragile, barrier cream applied. Fluids 892 ml over the night, poor appetite at meals. confused and restless. Remained in bed for most of the shift.",Escalated to the senior on duty. Consider GP review if no improvement.,Escalated to senior carer; observations taken.,Falls precautions in place; see incident log.,0,approved,,,2026-10-08 07:34:04
1323,RES005,2025-12-25,Night,T. Nguyen,Care Worker,Daily,Supported wash with encouragement,Anxious,Poor,794,,Yes,,Yes,One-to-one chat,One-to-one chat — declined.,Poor,Yes,,0,Increased supervision required for Albert this night. Supported wash with encouragement required full assistance from two staff; Albert was unable to weight-bear reliably. 794 ml of fluid encouraged across the shift; appetite poor. Very anxious. Attempted to mobilise unaided twice and required redirection.,Escalated to the senior on duty. Consider GP review if no improvement.,Escalated to senior carer; observations taken.,Falls precautions in place; see incident log.,0,approved,,,2026-10-08 07:34:04
1324,RES005,2025-12-26,Night,P. Sharma,Care Worker,Daily,Bed bath,Anxious,Poor,771,,Yes,,Yes,Hand massage,Hand massage — declined.,Poor,No,,0,"Albert was noticeably unwell during the night. Bed bath completed with difficulty. Albert was resistive at times and care was paused twice. Fluids 771 ml over the night, poor appetite at meals. anxious and restless. Remained in bed for most of the shift.",Falls risk discussed at handover; sensor mat in place and hourly checks agreed.,Escalated to senior carer; observations taken.,Falls precautions in place; see incident log.,0,approved,,,2026-10-08 07:34:04
1325,RES005,2025-12-27,Morning,P. Sharma,Care Worker,Daily,Assisted shower,Confused,Poor,765,,Yes,,Yes,Newspaper reading,Newspaper reading — declined.,Poor,No,,0,"Increased supervision required for Albert this morning. Assisted shower with hoist assistance. Skin fragile, barrier cream applied. 765 ml of fluid encouraged across the shift; appetite poor. Very confused. Attempted to mobilise unaided twice and required redirection.",Escalated to the senior on duty. Consider GP review if no improvement.,Escalated to senior carer; observations taken.,Falls precautions in place; see incident log.,0,approved,,,2026-10-08 07:34:04
1326,RES005,2025-12-28,Afternoon,K. Adeyemi,Care Worker,Daily,Strip wash in bedroom,Agitated,Poor,1055,,Yes,,Yes,Craft table,Craft table — declined.,Poor,Yes,,0,"Albert has had a poor afternoon and needed close support. Strip wash in bedroom completed with difficulty. Albert was resistive at times and care was paused twice. Fluids 1055 ml over the afternoon, poor appetite at meals. agitated and restless. Remained in bed for most of the shift.",GP review requested. Family to be updated by the manager.,Escalated to senior carer; observations taken.,Falls precautions in place; see incident log.,0,approved,,,2026-10-08 07:34:04
1327,RES005,2025-12-29,Afternoon,B. Mensah,Care Worker,Daily,Bed bath,Confused,Poor,920,,Yes,,Yes,Armchair exercises,Armchair exercises — declined.,Poor,No,,0,Albert has had a poor afternoon and needed close support. Bed bath required full assistance from two staff; Albert was unable to weight-bear reliably. 920 ml of fluid encouraged across the shift; appetite poor. Mood confused throughout; calling out intermittently and difficult to reassure.,GP review requested. Family to be updated by the manager.,Escalated to senior carer; observations taken.,Falls precautions in place; see incident log.,0,approved,,,2026-10-08 07:34:04
1328,RES005,2025-12-30,Morning,D. Osei,Care Worker,Daily,Full wash at the sink,Anxious,Poor,848,,Yes,,Yes,Newspaper reading,Newspaper reading — declined.,Poor,No,,0,"Albert has had a poor morning and needed close support. Full wash at the sink required full assistance from two staff; Albert was unable to weight-bear reliably. Fluids 848 ml over the morning, poor appetite at meals. Very anxious. Attempted to mobilise unaided twice and required redirection.",GP review requested. Family to be updated by the manager.,Escalated to senior carer; observations taken.,Falls precautions in place; see incident log.,0,approved,,,2026-10-08 07:34:04
1329,RES005,2026-01-02,Morning,D. Osei,Care Worker,Daily,Supported wash with encouragement,Anxious,Poor,855,,Yes,,Yes,One-to-one chat,One-to-one chat — declined.,Poor,No,,0,"Significant concerns for Albert throughout the morning. Supported wash with encouragement with hoist assistance. Skin fragile, barrier cream applied. Fluids 855 ml over the morning, poor appetite at meals. anxious and restless. Remained in bed for most of the shift.",Falls risk discussed at handover; sensor mat in place and hourly checks agreed.,Escalated to senior carer; observations taken.,Falls precautions in place; see incident log.,0,approved,,,2026-10-08 07:34:04
1330,RES005,2026-01-03,Night,A. Whitfield,Care Worker,Daily,Assisted shower,Agitated,Poor,803,,Yes,,Yes,Bingo in the lounge,Bingo in the lounge — declined.,Poor,No,,0,"Albert has had a poor night and needed close support. Assisted shower required full assistance from two staff; Albert was unable to weight-bear reliably. Fluids 803 ml over the night, poor appetite at meals. Mood agitated throughout; calling out intermittently and difficult to reassure.",GP review requested. Family to be updated by the manager.,Escalated to senior carer; observations taken.,Falls precautions in place; see incident log.,0,approved,,,2026-10-08 07:34:04
1331,RES005,2026-01-04,Afternoon,K. Adeyemi,Care Worker,Daily,Full assistance with washing and dressing,Anxious,Poor,955,,Yes,,Yes,Newspaper reading,Newspaper reading — declined.,Poor,No,,0,Albert was noticeably unwell during the afternoon. Full assistance with washing and dressing required full assistance from two staff; Albert was unable to weight-bear reliably. 955 ml of fluid encouraged across the shift; appetite poor. Very anxious. Attempted to mobilise unaided twice and required redirection.,Escalated to the senior on duty. Consider GP review if no improvement.,Escalated to senior carer; observations taken.,Falls precautions in place; see incident log.,0,approved,,,2026-10-08 07:34:04
1332,RES005,2026-01-05,Afternoon,P. Sharma,Care Worker,Daily,Bed bath,Confused,Poor,901,,Yes,,Yes,Garden walk with staff,Garden walk with staff — declined.,Poor,Yes,,0,Albert has had a poor afternoon and needed close support. Bed bath completed with difficulty. Albert was resistive at times and care was paused twice. Took 901 ml of fluids; ate poor at lunch and tea. Very confused. Attempted to mobilise unaided twice and required redirection.,Escalated to the senior on duty. Consider GP review if no improvement.,Escalated to senior carer; observations taken.,Falls precautions in place; see incident log.,0,approved,,,2026-10-08 07:34:04
1333,RES005,2026-01-06,Morning,R. Kowalski,Care Worker,Daily,Full wash at the sink,Anxious,Poor,906,,Yes,,Yes,Visiting singer,Visiting singer — declined.,Poor,No,,0,"Albert has had a poor morning and needed close support. Full wash at the sink completed with difficulty. Albert was resistive at times and care was paused twice. Fluids 906 ml over the morning, poor appetite at meals. Very anxious. Attempted to mobilise unaided twice and required redirection.",Falls risk discussed at handover; sensor mat in place and hourly checks agreed.,Escalated to senior carer; observations taken.,Falls precautions in place; see incident log.,0,approved,,,2026-10-08 07:34:04
1334,RES005,2026-01-08,Afternoon,J. Okafor,Care Worker,Daily,Assisted shower,Anxious,Poor,801,,Yes,,Yes,Bingo in the lounge,Bingo in the lounge — declined.,Poor,Yes,,0,Increased supervision required for Albert this afternoon. Assisted shower required full assistance from two staff; Albert was unable to weight-bear reliably. Took 801 ml of fluids; ate poor at lunch and tea. Very anxious. Attempted to mobilise unaided twice and required redirection.,Escalated to the senior on duty. Consider GP review if no improvement.,Escalated to senior carer; observations taken.,Falls precautions in place; see incident log.,0,approved,,,2026-10-08 07:34:04
1335,RES005,2026-01-09,Night,B. Mensah,Care Worker,Daily,Assisted shower,Agitated,Poor,950,,Yes,,Yes,Garden walk with staff,Garden walk with staff — declined.,Poor,Yes,,0,Increased supervision required for Albert this night. Assisted shower completed with difficulty. Albert was resistive at times and care was paused twice. Took 950 ml of fluids; ate poor at lunch and tea. Mood agitated throughout; calling out intermittently and difficult to reassure.,Falls risk discussed at handover; sensor mat in place and hourly checks agreed.,Escalated to senior carer; observations taken.,Falls precautions in place; see incident log.,0,approved,,,2026-10-08 07:34:04
1336,RES005,2026-01-10,Night,P. Sharma,Care Worker,Daily,Bed bath,Agitated,Poor,860,,Yes,,Yes,Hand massage,Hand massage — declined.,Poor,Yes,,0,Albert was noticeably unwell during the night. Bed bath completed with difficulty. Albert was resistive at times and care was paused twice. 860 ml of fluid encouraged across the shift; appetite poor. Very agitated. Attempted to mobilise unaided twice and required redirection.,GP review requested. Family to be updated by the manager.,Escalated to senior carer; observations taken.,Falls precautions in place; see incident log.,0,approved,,,2026-10-08 07:34:04
1337,RES005,2026-01-13,Afternoon,J. Okafor,Care Worker,Daily,Bed bath,Anxious,Poor,849,,Yes,,Yes,Reminiscence group,Reminiscence group — declined.,Poor,No,,0,"Albert was noticeably unwell during the afternoon. Bed bath required full assistance from two staff; Albert was unable to weight-bear reliably. Fluids 849 ml over the afternoon, poor appetite at meals. anxious and restless. Remained in bed for most of the shift.",Falls risk discussed at handover; sensor mat in place and hourly checks agreed.,Escalated to senior carer; observations taken.,Falls precautions in place; see incident log.,0,approved,,,2026-10-08 07:34:04
1338,RES005,2026-01-14,Morning,T. Nguyen,Care Worker,Daily,Assisted shower,Agitated,Poor,904,,Yes,,Yes,Visiting singer,Visiting singer — declined.,Poor,Yes,,0,"Albert was noticeably unwell during the morning. Assisted shower with hoist assistance. Skin fragile, barrier cream applied. 904 ml of fluid encouraged across the shift; appetite poor. Mood agitated throughout; calling out intermittently and difficult to reassure.",Escalated to the senior on duty. Consider GP review if no improvement.,Escalated to senior carer; observations taken.,Falls precautions in place; see incident log.,0,approved,,,2026-10-08 07:34:04
1339,RES005,2026-01-15,Night,B. Mensah,Care Worker,Daily,Supported wash with encouragement,Confused,Poor,923,,Yes,,Yes,Music session,Music session — declined.,Poor,No,,0,"Significant concerns for Albert throughout the night. Supported wash with encouragement with hoist assistance. Skin fragile, barrier cream applied. 923 ml of fluid encouraged across the shift; appetite poor. confused and restless. Remained in bed for most of the shift.",GP review requested. Family to be updated by the manager.,Escalated to senior carer; observations taken.,Falls precautions in place; see incident log.,0,approved,,,2026-10-08 07:34:04
1340,RES005,2026-01-16,Afternoon,S. Patel,Care Worker,Daily,Strip wash in bedroom,Agitated,Poor,872,,Yes,,Yes,Craft table,Craft table — declined.,Poor,Yes,,0,Albert has had a poor afternoon and needed close support. Strip wash in bedroom completed with difficulty. Albert was resistive at times and care was paused twice. 872 ml of fluid encouraged across the shift; appetite poor. Mood agitated throughout; calling out intermittently and difficult to reassure.,Escalated to the senior on duty. Consider GP review if no improvement.,Escalated to senior carer; observations taken.,Falls precautions in place; see incident log.,0,approved,,,2026-10-08 07:34:04
1341,RES005,2026-01-17,Afternoon,S. Patel,Care Worker,Daily,Supported wash with encouragement,Confused,Poor,782,,Yes,,Yes,Armchair exercises,Armchair exercises — declined.,Poor,Yes,,0,Albert was noticeably unwell during the afternoon. Supported wash with encouragement completed with difficulty. Albert was resistive at times and care was paused twice. Took 782 ml of fluids; ate poor at lunch and tea. Very confused. Attempted to mobilise unaided twice and required redirection.,GP review requested. Family to be updated by the manager.,Escalated to senior carer; observations taken.,Falls precautions in place; see incident log.,0,approved,,,2026-10-08 07:34:04
1342,RES005,2026-01-18,Night,J. Okafor,Care Worker,Daily,Supported wash with encouragement,Confused,Poor,1011,,Yes,,Yes,Garden walk with staff,Garden walk with staff — declined.,Poor,No,,0,"Albert has had a poor night and needed close support. Supported wash with encouragement with hoist assistance. Skin fragile, barrier cream applied. Fluids 1011 ml over the night, poor appetite at meals. Very confused. Attempted to mobilise unaided twice and required redirection.",Falls risk discussed at handover; sensor mat in place and hourly checks agreed.,Escalated to senior carer; observations taken.,Falls precautions in place; see incident log.,0,approved,,,2026-10-08 07:34:04
1343,RES005,2026-01-19,Afternoon,L. Ahmed,Care Worker,Daily,Supported wash with encouragement,Anxious,Poor,997,,Yes,,Yes,One-to-one chat,One-to-one chat — declined.,Poor,Yes,,0,Significant concerns for Albert throughout the afternoon. Supported wash with encouragement required full assistance from two staff; Albert was unable to weight-bear reliably. Took 997 ml of fluids; ate poor at lunch and tea. anxious and restless. Remained in bed for most of the shift.,Escalated to the senior on duty. Consider GP review if no improvement.,Escalated to senior carer; observations taken.,Falls precautions in place; see incident log.,0,approved,,,2026-10-08 07:34:04
1344,RES005,2026-01-20,Afternoon,D. Osei,Care Worker,Daily,Full assistance with washing and dressing,Agitated,Poor,836,,Yes,,Yes,Visiting singer,Visiting singer — declined.,Poor,No,,0,"Increased supervision required for Albert this afternoon. Full assistance with washing and dressing with hoist assistance. Skin fragile, barrier cream applied. Fluid intake recorded at 836 ml. Appetite described as poor. Very agitated. Attempted to mobilise unaided twice and required redirection.",Falls risk discussed at handover; sensor mat in place and hourly checks agreed.,Escalated to senior carer; observations taken.,Falls precautions in place; see incident log.,0,approved,,,2026-10-08 07:34:04
1345,RES005,2026-01-21,Night,C. Fernandes,Care Worker,Daily,Full assistance with washing and dressing,Anxious,Poor,750,,Yes,,Yes,Reminiscence group,Reminiscence group — declined.,Poor,No,,0,Significant concerns for Albert throughout the night. Full assistance with washing and dressing required full assistance from two staff; Albert was unable to weight-bear reliably. Took 750 ml of fluids; ate poor at lunch and tea. Mood anxious throughout; calling out intermittently and difficult to reassure.,GP review requested. Family to be updated by the manager.,Escalated to senior carer; observations taken.,Falls precautions in place; see incident log.,0,approved,,,2026-10-08 07:34:04
1346,RES005,2026-01-22,Night,K. Adeyemi,Care Worker,Daily,Full assistance with washing and dressing,Confused,Poor,933,,Yes,,Yes,Armchair exercises,Armchair exercises — declined.,Poor,No,,0,Albert has had a poor night and needed close support. Full assistance with washing and dressing required full assistance from two staff; Albert was unable to weight-bear reliably. Fluid intake recorded at 933 ml. Appetite described as poor. Very confused. Attempted to mobilise unaided twice and required redirection.,Falls risk discussed at handover; sensor mat in place and hourly checks agreed.,Escalated to senior carer; observations taken.,Falls precautions in place; see incident log.,0,approved,,,2026-10-08 07:34:04
1347,RES005,2026-01-23,Morning,J. Okafor,Care Worker,Daily,Full wash at the sink,Agitated,Poor,796,,Yes,,Yes,One-to-one chat,One-to-one chat — declined.,Poor,Yes,,0,"Albert has had a poor morning and needed close support. Full wash at the sink with hoist assistance. Skin fragile, barrier cream applied. 796 ml of fluid encouraged across the shift; appetite poor. Mood agitated throughout; calling out intermittently and difficult to reassure.",GP review requested. Family to be updated by the manager.,Escalated to senior carer; observations taken.,Falls precautions in place; see incident log.,0,approved,,,2026-10-08 07:34:04
1348,RES005,2026-01-24,Morning,B. Mensah,Care Worker,Daily,Assisted shower,Confused,Poor,825,,Yes,,Yes,Music session,Music session — declined.,Poor,No,,0,Increased supervision required for Albert this morning. Assisted shower completed with difficulty. Albert was resistive at times and care was paused twice. Fluid intake recorded at 825 ml. Appetite described as poor. Mood confused throughout; calling out intermittently and difficult to reassure.,Falls risk discussed at handover; sensor mat in place and hourly checks agreed.,Escalated to senior carer; observations taken.,Falls precautions in place; see incident log.,0,approved,,,2026-10-08 07:34:04
1349,RES005,2026-01-26,Night,D. Osei,Care Worker,Daily,Strip wash in bedroom,Agitated,Poor,824,,Yes,,Yes,Music session,Music session — declined.,Poor,Yes,,0,"Albert has had a poor night and needed close support. Strip wash in bedroom with hoist assistance. Skin fragile, barrier cream applied. 824 ml of fluid encouraged across the shift; appetite poor. Very agitated. Attempted to mobilise unaided twice and required redirection.",GP review requested. Family to be updated by the manager.,Escalated to senior carer; observations taken.,Falls precautions in place; see incident log.,0,approved,,,2026-10-08 07:34:04
1350,RES005,2026-01-27,Afternoon,D. Osei,Care Worker,Daily,Full assistance with washing and dressing,Anxious,Poor,990,,Yes,,Yes,Armchair exercises,Armchair exercises — declined.,Poor,No,,0,"Significant concerns for Albert throughout the afternoon. Full assistance with washing and dressing completed with difficulty. Albert was resistive at times and care was paused twice. Fluids 990 ml over the afternoon, poor appetite at meals. anxious and restless. Remained in bed for most of the shift.",Escalated to the senior on duty. Consider GP review if no improvement.,Escalated to senior carer; observations taken.,Falls precautions in place; see incident log.,0,approved,,,2026-10-08 07:34:04
1351,RES005,2026-01-29,Afternoon,D. Osei,Care Worker,Daily,Full assistance with washing and dressing,Agitated,Poor,920,,Yes,,Yes,Craft table,Craft table — declined.,Poor,No,,0,"Significant concerns for Albert throughout the afternoon. Full assistance with washing and dressing with hoist assistance. Skin fragile, barrier cream applied. Took 920 ml of fluids; ate poor at lunch and tea. agitated and restless. Remained in bed for most of the shift.",GP review requested. Family to be updated by the manager.,Escalated to senior carer; observations taken.,Falls precautions in place; see incident log.,0,approved,,,2026-10-08 07:34:04
1352,RES005,2026-01-30,Morning,K. Adeyemi,Care Worker,Daily,Full wash at the sink,Agitated,Poor,893,,Yes,,Yes,Armchair exercises,Armchair exercises — declined.,Poor,Yes,,0,"Albert has had a poor morning and needed close support. Full wash at the sink with hoist assistance. Skin fragile, barrier cream applied. Fluids 893 ml over the morning, poor appetite at meals. Mood agitated throughout; calling out intermittently and difficult to reassure.",GP review requested. Family to be updated by the manager.,Escalated to senior carer; observations taken.,Falls precautions in place; see incident log.,0,approved,,,2026-10-08 07:34:04
1353,RES005,2026-02-01,Morning,K. Adeyemi,Care Worker,Daily,Bed bath,Anxious,Poor,915,,Yes,,Yes,Reminiscence group,Reminiscence group — declined.,Poor,No,,0,Significant concerns for Albert throughout the morning. Bed bath completed with difficulty. Albert was resistive at times and care was paused twice. Fluid intake recorded at 915 ml. Appetite described as poor. anxious and restless. Remained in bed for most of the shift.,Escalated to the senior on duty. Consider GP review if no improvement.,Escalated to senior carer; observations taken.,Falls precautions in place; see incident log.,0,approved,,,2026-10-08 07:34:04
1354,RES005,2026-02-02,Morning,P. Sharma,Care Worker,Daily,Assisted shower,Confused,Poor,1074,,Yes,,Yes,Rested in room,Rested in room — declined.,Poor,No,,0,"Albert was noticeably unwell during the morning. Assisted shower required full assistance from two staff; Albert was unable to weight-bear reliably. Fluids 1074 ml over the morning, poor appetite at meals. Very confused. Attempted to mobilise unaided twice and required redirection.",Escalated to the senior on duty. Consider GP review if no improvement.,Escalated to senior carer; observations taken.,Falls precautions in place; see incident log.,0,approved,,,2026-10-08 07:34:04
1355,RES005,2026-02-03,Night,M. Nowak,Care Worker,Daily,Bed bath,Anxious,Poor,1039,,Yes,,Yes,Armchair exercises,Armchair exercises — declined.,Poor,Yes,,0,Significant concerns for Albert throughout the night. Bed bath completed with difficulty. Albert was resistive at times and care was paused twice. Took 1039 ml of fluids; ate poor at lunch and tea. Mood anxious throughout; calling out intermittently and difficult to reassure.,Falls risk discussed at handover; sensor mat in place and hourly checks agreed.,Escalated to senior carer; observations taken.,Falls precautions in place; see incident log.,0,approved,,,2026-10-08 07:34:04
1356,RES005,2026-02-04,Morning,T. Nguyen,Care Worker,Daily,Assisted shower,Confused,Poor,930,,Yes,,Yes,One-to-one chat,One-to-one chat — declined.,Poor,Yes,,0,"Albert was noticeably unwell during the morning. Assisted shower with hoist assistance. Skin fragile, barrier cream applied. Fluid intake recorded at 930 ml. Appetite described as poor. Mood confused throughout; calling out intermittently and difficult to reassure.",GP review requested. Family to be updated by the manager.,Escalated to senior carer; observations taken.,Falls precautions in place; see incident log.,0,approved,,,2026-10-08 07:34:04
1357,RES005,2026-02-05,Afternoon,R. Kowalski,Care Worker,Daily,Full wash at the sink,Anxious,Poor,1002,,Yes,,Yes,Reminiscence group,Reminiscence group — declined.,Poor,Yes,,0,"Albert was noticeably unwell during the afternoon. Full wash at the sink completed with difficulty. Albert was resistive at times and care was paused twice. Fluids 1002 ml over the afternoon, poor appetite at meals. anxious and restless. Remained in bed for most of the shift.",Escalated to the senior on duty. Consider GP review if no improvement.,Escalated to senior carer; observations taken.,Falls precautions in place; see incident log.,0,approved,,,2026-10-08 07:34:04
1358,RES005,2026-02-06,Morning,B. Mensah,Care Worker,Daily,Assisted shower,Confused,Poor,1075,,Yes,,Yes,Reminiscence group,Reminiscence group — declined.,Poor,No,,0,"Increased supervision required for Albert this morning. Assisted shower with hoist assistance. Skin fragile, barrier cream applied. 1075 ml of fluid encouraged across the shift; appetite poor. Mood confused throughout; calling out intermittently and difficult to reassure.",Escalated to the senior on duty. Consider GP review if no improvement.,Escalated to senior carer; observations taken.,Falls precautions in place; see incident log.,0,approved,,,2026-10-08 07:34:04
1359,RES005,2026-02-07,Morning,D. Osei,Care Worker,Daily,Full assistance with washing and dressing,Confused,Poor,1022,,Yes,,Yes,Newspaper reading,Newspaper reading — declined.,Poor,No,,0,"Increased supervision required for Albert this morning. Full assistance with washing and dressing with hoist assistance. Skin fragile, barrier cream applied. Fluids 1022 ml over the morning, poor appetite at meals. Very confused. Attempted to mobilise unaided twice and required redirection.",Escalated to the senior on duty. Consider GP review if no improvement.,Escalated to senior carer; observations taken.,Falls precautions in place; see incident log.,0,approved,,,2026-10-08 07:34:04
1360,RES005,2026-02-08,Afternoon,K. Adeyemi,Care Worker,Daily,Full wash at the sink,Anxious,Poor,933,,Yes,,Yes,Visiting singer,Visiting singer — declined.,Poor,Yes,,0,"Albert has had a poor afternoon and needed close support. Full wash at the sink with hoist assistance. Skin fragile, barrier cream applied. Fluids 933 ml over the afternoon, poor appetite at meals. Mood anxious throughout; calling out intermittently and difficult to reassure.",Falls risk discussed at handover; sensor mat in place and hourly checks agreed.,Escalated to senior carer; observations taken.,Falls precautions in place; see incident log.,0,approved,,,2026-10-08 07:34:04
1361,RES005,2026-02-09,Afternoon,K. Adeyemi,Care Worker,Daily,Full assistance with washing and dressing,Confused,Poor,946,,Yes,,Yes,Rested in room,Rested in room — declined.,Poor,Yes,,0,Significant concerns for Albert throughout the afternoon. Full assistance with washing and dressing completed with difficulty. Albert was resistive at times and care was paused twice. 946 ml of fluid encouraged across the shift; appetite poor. Mood confused throughout; calling out intermittently and difficult to reassure.,Escalated to the senior on duty. Consider GP review if no improvement.,Escalated to senior carer; observations taken.,Falls precautions in place; see incident log.,0,approved,,,2026-10-08 07:34:04
1362,RES005,2026-02-10,Afternoon,B. Mensah,Care Worker,Daily,Strip wash in bedroom,Agitated,Poor,940,,Yes,,Yes,Visiting singer,Visiting singer — declined.,Poor,Yes,,0,Albert was noticeably unwell during the afternoon. Strip wash in bedroom required full assistance from two staff; Albert was unable to weight-bear reliably. Fluid intake recorded at 940 ml. Appetite described as poor. agitated and restless. Remained in bed for most of the shift.,Escalated to the senior on duty. Consider GP review if no improvement.,Escalated to senior carer; observations taken.,Falls precautions in place; see incident log.,0,approved,,,2026-10-08 07:34:04
1363,RES005,2026-02-11,Afternoon,J. Okafor,Care Worker,Daily,Bed bath,Confused,Poor,921,,Yes,,Yes,Garden walk with staff,Garden walk with staff — declined.,Poor,Yes,,0,Albert was noticeably unwell during the afternoon. Bed bath completed with difficulty. Albert was resistive at times and care was paused twice. Fluid intake recorded at 921 ml. Appetite described as poor. Mood confused throughout; calling out intermittently and difficult to reassure.,GP review requested. Family to be updated by the manager.,Escalated to senior carer; observations taken.,Falls precautions in place; see incident log.,0,approved,,,2026-10-08 07:34:04
1364,RES005,2026-02-14,Afternoon,M. Nowak,Care Worker,Daily,Bed bath,Agitated,Poor,1026,,Yes,,Yes,Hand massage,Hand massage — declined.,Poor,Yes,,0,Significant concerns for Albert throughout the afternoon. Bed bath required full assistance from two staff; Albert was unable to weight-bear reliably. Took 1026 ml of fluids; ate poor at lunch and tea. Mood agitated throughout; calling out intermittently and difficult to reassure.,GP review requested. Family to be updated by the manager.,Escalated to senior carer; observations taken.,Falls precautions in place; see incident log.,0,approved,,,2026-10-08 07:34:04
1365,RES005,2026-02-15,Morning,S. Patel,Care Worker,Daily,Full wash at the sink,Confused,Poor,1200,,Yes,,Yes,Newspaper reading,Newspaper reading — declined.,Poor,No,,0,Increased supervision required for Albert this morning. Full wash at the sink required full assistance from two staff; Albert was unable to weight-bear reliably. Took 1200 ml of fluids; ate poor at lunch and tea. Very confused. Attempted to mobilise unaided twice and required redirection.,GP review requested. Family to be updated by the manager.,Escalated to senior carer; observations taken.,Falls precautions in place; see incident log.,0,approved,,,2026-10-08 07:34:04
1366,RES005,2026-02-16,Night,C. Fernandes,Care Worker,Daily,Supported wash with encouragement,Confused,Poor,1178,,Yes,,Yes,Reminiscence group,Reminiscence group — declined.,Poor,No,,0,"Albert was noticeably unwell during the night. Supported wash with encouragement with hoist assistance. Skin fragile, barrier cream applied. Fluids 1178 ml over the night, poor appetite at meals. Very confused. Attempted to mobilise unaided twice and required redirection.",Escalated to the senior on duty. Consider GP review if no improvement.,Escalated to senior carer; observations taken.,Falls precautions in place; see incident log.,0,approved,,,2026-10-08 07:34:04
1367,RES005,2026-02-17,Afternoon,A. Whitfield,Care Worker,Daily,Full wash at the sink,Confused,Poor,1045,,Yes,,Yes,Newspaper reading,Newspaper reading — declined.,Poor,No,,0,Albert was noticeably unwell during the afternoon. Full wash at the sink required full assistance from two staff; Albert was unable to weight-bear reliably. 1045 ml of fluid encouraged across the shift; appetite poor. Mood confused throughout; calling out intermittently and difficult to reassure.,Escalated to the senior on duty. Consider GP review if no improvement.,Escalated to senior carer; observations taken.,Falls precautions in place; see incident log.,0,approved,,,2026-10-08 07:34:04
1368,RES005,2026-02-18,Afternoon,J. Okafor,Care Worker,Daily,Bed bath,Confused,Poor,1061,,Yes,,Yes,Craft table,Craft table — declined.,Poor,Yes,,0,"Albert has had a poor afternoon and needed close support. Bed bath required full assistance from two staff; Albert was unable to weight-bear reliably. Fluids 1061 ml over the afternoon, poor appetite at meals. Mood confused throughout; calling out intermittently and difficult to reassure.",GP review requested. Family to be updated by the manager.,Escalated to senior carer; observations taken.,Falls precautions in place; see incident log.,0,approved,,,2026-10-08 07:34:04
1369,RES005,2026-02-19,Afternoon,K. Adeyemi,Care Worker,Daily,Assisted shower,Anxious,Poor,1240,,Yes,,Yes,Garden walk with staff,Garden walk with staff — declined.,Poor,Yes,,0,"Increased supervision required for Albert this afternoon. Assisted shower with hoist assistance. Skin fragile, barrier cream applied. 1240 ml of fluid encouraged across the shift; appetite poor. Mood anxious throughout; calling out intermittently and difficult to reassure.",Falls risk discussed at handover; sensor mat in place and hourly checks agreed.,Escalated to senior carer; observations taken.,Falls precautions in place; see incident log.,0,approved,,,2026-10-08 07:34:04
1370,RES005,2026-02-20,Morning,A. Whitfield,Care Worker,Daily,Full assistance with washing and dressing,Anxious,Poor,1180,,Yes,,Yes,Hand massage,Hand massage — declined.,Poor,No,,0,"Albert has had a poor morning and needed close support. Full assistance with washing and dressing with hoist assistance. Skin fragile, barrier cream applied. 1180 ml of fluid encouraged across the shift; appetite poor. Mood anxious throughout; calling out intermittently and difficult to reassure.",Falls risk discussed at handover; sensor mat in place and hourly checks agreed.,Escalated to senior carer; observations taken.,Falls precautions in place; see incident log.,0,approved,,,2026-10-08 07:34:04
1371,RES005,2026-02-21,Morning,P. Sharma,Care Worker,Daily,Bed bath,Agitated,Poor,1357,,Yes,,Yes,Music session,Music session — declined.,Poor,No,,0,Increased supervision required for Albert this morning. Bed bath completed with difficulty. Albert was resistive at times and care was paused twice. Fluid intake recorded at 1357 ml. Appetite described as poor. agitated and restless. Remained in bed for most of the shift.,Falls risk discussed at handover; sensor mat in place and hourly checks agreed.,Escalated to senior carer; observations taken.,Falls precautions in place; see incident log.,0,approved,,,2026-10-08 07:34:04
1372,RES005,2026-02-23,Night,P. Sharma,Care Worker,Daily,Assisted shower,Confused,Poor,982,,Yes,,Yes,Garden walk with staff,Garden walk with staff — declined.,Poor,Yes,,0,Albert has had a poor night and needed close support. Assisted shower required full assistance from two staff; Albert was unable to weight-bear reliably. Fluid intake recorded at 982 ml. Appetite described as poor. Very confused. Attempted to mobilise unaided twice and required redirection.,Falls risk discussed at handover; sensor mat in place and hourly checks agreed.,Escalated to senior carer; observations taken.,Falls precautions in place; see incident log.,0,approved,,,2026-10-08 07:34:04
1373,RES005,2026-02-24,Night,J. Okafor,Care Worker,Daily,Full wash at the sink,Confused,Poor,1123,,Yes,,Yes,Bingo in the lounge,Bingo in the lounge — declined.,Poor,No,,0,Albert was noticeably unwell during the night. Full wash at the sink required full assistance from two staff; Albert was unable to weight-bear reliably. Took 1123 ml of fluids; ate poor at lunch and tea. confused and restless. Remained in bed for most of the shift.,Falls risk discussed at handover; sensor mat in place and hourly checks agreed.,Escalated to senior carer; observations taken.,Falls precautions in place; see incident log.,0,approved,,,2026-10-08 07:34:04
1374,RES005,2026-02-25,Night,R. Kowalski,Care Worker,Daily,Full wash at the sink,Low,Fair,1061,,Yes,,Yes,Craft table,Craft table — brief participation.,Disturbed,No,,0,Staff noted a change in Albert over the night. Full wash at the sink with two staff as Albert was unsteady on transfer. 1061 ml of fluid encouraged across the shift; appetite fair. Mood fluctuated and was largely low. Did not settle to craft table.,Monitor fluid intake and report any further decline to the senior on duty.,Fluids encouraged; senior carer made aware.,Monitor intake and mood.,0,approved,,,2026-10-08 07:34:04
1375,RES005,2026-02-27,Morning,C. Fernandes,Care Worker,Daily,Strip wash in bedroom,Low,Fair,1240,,Yes,,Yes,Bingo in the lounge,Bingo in the lounge — brief participation.,Disturbed,No,,0,"Albert has been less settled this morning. Strip wash in bedroom completed but Albert was reluctant and needed encouragement. Fluids 1240 ml over the morning, fair appetite at meals. Mood fluctuated and was largely low. Did not settle to bingo in the lounge.",Fluids to be encouraged on the next shift; keep under observation.,Fluids encouraged; senior carer made aware.,Monitor intake and mood.,0,approved,,,2026-10-08 07:34:04
1376,RES005,2026-03-01,Morning,A. Whitfield,Care Worker,Daily,Supported wash with encouragement,Low,Fair,1201,,Yes,,Yes,Rested in room,Rested in room — brief participation.,Disturbed,No,,0,"Staff noted a change in Albert over the morning. Supported wash with encouragement completed; slight redness noted to the sacrum, repositioning chart started. Fluids 1201 ml over the morning, fair appetite at meals. Mood low at times; declined rested in room and preferred to stay in his room.",Monitor fluid intake and report any further decline to the senior on duty.,Fluids encouraged; senior carer made aware.,Monitor intake and mood.,0,approved,,,2026-10-08 07:34:04
1377,RES005,2026-03-02,Night,C. Fernandes,Care Worker,Daily,Assisted shower,Low,Fair,1056,,Yes,,Yes,One-to-one chat,One-to-one chat — brief participation.,Disturbed,Yes,,0,Albert needed more prompting than usual this night. Assisted shower completed but Albert was reluctant and needed encouragement. Took 1056 ml of fluids; ate fair at lunch and tea. Mood fluctuated and was largely low. Did not settle to one-to-one chat.,Monitor fluid intake and report any further decline to the senior on duty.,Fluids encouraged; senior carer made aware.,Monitor intake and mood.,0,approved,,,2026-10-08 07:34:04
1378,RES005,2026-03-03,Afternoon,D. Osei,Care Worker,Daily,Strip wash in bedroom,Low,Fair,1034,,Yes,,Yes,Music session,Music session — brief participation.,Disturbed,No,,0,"Albert needed more prompting than usual this afternoon. Strip wash in bedroom completed but Albert was reluctant and needed encouragement. Fluids 1034 ml over the afternoon, fair appetite at meals. Mood fluctuated and was largely low. Did not settle to music session.",Monitor fluid intake and report any further decline to the senior on duty.,Fluids encouraged; senior carer made aware.,Monitor intake and mood.,0,approved,,,2026-10-08 07:34:04
1379,RES005,2026-03-04,Night,D. Osei,Care Worker,Daily,Full assistance with washing and dressing,Low,Fair,1174,,Yes,,Yes,Visiting singer,Visiting singer — brief participation.,Disturbed,No,,0,Staff noted a change in Albert over the night. Full assistance with washing and dressing with two staff as Albert was unsteady on transfer. Took 1174 ml of fluids; ate fair at lunch and tea. Appeared low; needed reassurance on several occasions.,Fluids to be encouraged on the next shift; keep under observation.,Fluids encouraged; senior carer made aware.,Monitor intake and mood.,0,approved,,,2026-10-08 07:34:04
1380,RES005,2026-03-07,Morning,D. Osei,Care Worker,Daily,Bed bath,Low,Fair,1193,,Yes,,Yes,One-to-one chat,One-to-one chat — brief participation.,Disturbed,No,,0,"Albert needed more prompting than usual this morning. Bed bath completed but Albert was reluctant and needed encouragement. Fluids 1193 ml over the morning, fair appetite at meals. Mood fluctuated and was largely low. Did not settle to one-to-one chat.",Fluids to be encouraged on the next shift; keep under observation.,Fluids encouraged; senior carer made aware.,Monitor intake and mood.,0,approved,,,2026-10-08 07:34:04
1381,RES005,2026-03-08,Afternoon,B. Mensah,Care Worker,Daily,Supported wash with encouragement,Low,Fair,1186,,Yes,,Yes,Music session,Music session — brief participation.,Disturbed,No,,0,Albert has been less settled this afternoon. Supported wash with encouragement completed but Albert was reluctant and needed encouragement. 1186 ml of fluid encouraged across the shift; appetite fair. Mood low at times; declined music session and preferred to stay in his room.,Monitor fluid intake and report any further decline to the senior on duty.,Fluids encouraged; senior carer made aware.,Monitor intake and mood.,0,approved,,,2026-10-08 07:34:04
1382,RES005,2026-03-09,Morning,C. Fernandes,Care Worker,Daily,Full wash at the sink,Low,Fair,1326,,Yes,,Yes,Bingo in the lounge,Bingo in the lounge — brief participation.,Disturbed,No,,0,"Albert needed more prompting than usual this morning. Full wash at the sink completed; slight redness noted to the sacrum, repositioning chart started. Fluids 1326 ml over the morning, fair appetite at meals. Appeared low; needed reassurance on several occasions.",Monitor fluid intake and report any further decline to the senior on duty.,Fluids encouraged; senior carer made aware.,Monitor intake and mood.,0,approved,,,2026-10-08 07:34:04
1383,RES005,2026-03-10,Afternoon,A. Whitfield,Care Worker,Daily,Full wash at the sink,Low,Fair,1182,,Yes,,Yes,One-to-one chat,One-to-one chat — brief participation.,Disturbed,No,,0,Staff noted a change in Albert over the afternoon. Full wash at the sink with two staff as Albert was unsteady on transfer. 1182 ml of fluid encouraged across the shift; appetite fair. Appeared low; needed reassurance on several occasions.,Fluids to be encouraged on the next shift; keep under observation.,Fluids encouraged; senior carer made aware.,Monitor intake and mood.,0,approved,,,2026-10-08 07:34:04
1384,RES005,2026-03-11,Afternoon,C. Fernandes,Care Worker,Daily,Supported wash with encouragement,Low,Fair,1225,,Yes,,Yes,Reminiscence group,Reminiscence group — brief participation.,Disturbed,No,,0,Staff noted a change in Albert over the afternoon. Supported wash with encouragement with two staff as Albert was unsteady on transfer. 1225 ml of fluid encouraged across the shift; appetite fair. Appeared low; needed reassurance on several occasions.,Fluids to be encouraged on the next shift; keep under observation.,Fluids encouraged; senior carer made aware.,Monitor intake and mood.,0,approved,,,2026-10-08 07:34:04
1385,RES005,2026-03-12,Night,B. Mensah,Care Worker,Daily,Strip wash in bedroom,Low,Fair,1347,,Yes,,Yes,One-to-one chat,One-to-one chat — brief participation.,Disturbed,No,,0,"Albert has been less settled this night. Strip wash in bedroom with two staff as Albert was unsteady on transfer. Fluids 1347 ml over the night, fair appetite at meals. Mood fluctuated and was largely low. Did not settle to one-to-one chat.",Monitor fluid intake and report any further decline to the senior on duty.,Fluids encouraged; senior carer made aware.,Monitor intake and mood.,0,approved,,,2026-10-08 07:34:04
1386,RES005,2026-03-13,Afternoon,M. Nowak,Care Worker,Daily,Assisted shower,Low,Fair,1128,,Yes,,Yes,One-to-one chat,One-to-one chat — brief participation.,Disturbed,Yes,,0,"Albert needed more prompting than usual this afternoon. Assisted shower completed; slight redness noted to the sacrum, repositioning chart started. Fluid intake recorded at 1128 ml. Appetite described as fair. Mood low at times; declined one-to-one chat and preferred to stay in his room.",Fluids to be encouraged on the next shift; keep under observation.,Fluids encouraged; senior carer made aware.,Monitor intake and mood.,0,approved,,,2026-10-08 07:34:04
1387,RES005,2026-03-14,Night,K. Adeyemi,Care Worker,Daily,Supported wash with encouragement,Low,Fair,1339,,Yes,,Yes,One-to-one chat,One-to-one chat — brief participation.,Disturbed,No,,0,Albert has been less settled this night. Supported wash with encouragement completed but Albert was reluctant and needed encouragement. Took 1339 ml of fluids; ate fair at lunch and tea. Mood fluctuated and was largely low. Did not settle to one-to-one chat.,Fluids to be encouraged on the next shift; keep under observation.,Fluids encouraged; senior carer made aware.,Monitor intake and mood.,0,approved,,,2026-10-08 07:34:04
1388,RES005,2026-03-15,Night,P. Sharma,Care Worker,Daily,Full wash at the sink,Low,Fair,1108,,Yes,,Yes,Visiting singer,Visiting singer — brief participation.,Disturbed,No,,0,A more difficult night for Albert. Full wash at the sink with two staff as Albert was unsteady on transfer. Took 1108 ml of fluids; ate fair at lunch and tea. Mood fluctuated and was largely low. Did not settle to visiting singer.,Please continue to observe closely; senior carer informed.,Fluids encouraged; senior carer made aware.,Monitor intake and mood.,0,approved,,,2026-10-08 07:34:04
1389,RES005,2026-03-17,Morning,R. Kowalski,Care Worker,Daily,Full wash at the sink,Low,Fair,1290,,Yes,,Yes,Bingo in the lounge,Bingo in the lounge — brief participation.,Disturbed,No,,0,Albert has been less settled this morning. Full wash at the sink completed but Albert was reluctant and needed encouragement. 1290 ml of fluid encouraged across the shift; appetite fair. Mood fluctuated and was largely low. Did not settle to bingo in the lounge.,Monitor fluid intake and report any further decline to the senior on duty.,Fluids encouraged; senior carer made aware.,Monitor intake and mood.,0,approved,,,2026-10-08 07:34:04
1390,RES005,2026-03-18,Night,M. Nowak,Care Worker,Daily,Supported wash with encouragement,Low,Fair,1161,,Yes,,Yes,Bingo in the lounge,Bingo in the lounge — brief participation.,Disturbed,Yes,,0,Albert has been less settled this night. Supported wash with encouragement with two staff as Albert was unsteady on transfer. Fluid intake recorded at 1161 ml. Appetite described as fair. Mood fluctuated and was largely low. Did not settle to bingo in the lounge.,Monitor fluid intake and report any further decline to the senior on duty.,Fluids encouraged; senior carer made aware.,Monitor intake and mood.,0,approved,,,2026-10-08 07:34:04
1391,RES005,2026-03-19,Morning,J. Okafor,Care Worker,Daily,Full wash at the sink,Low,Fair,1215,,Yes,,Yes,Visiting singer,Visiting singer — brief participation.,Disturbed,No,,0,A more difficult morning for Albert. Full wash at the sink with two staff as Albert was unsteady on transfer. Took 1215 ml of fluids; ate fair at lunch and tea. Appeared low; needed reassurance on several occasions.,Monitor fluid intake and report any further decline to the senior on duty.,Fluids encouraged; senior carer made aware.,Monitor intake and mood.,0,approved,,,2026-10-08 07:34:04
1392,RES005,2026-03-20,Night,T. Nguyen,Care Worker,Daily,Strip wash in bedroom,Low,Fair,1238,,Yes,,Yes,Visiting singer,Visiting singer — brief participation.,Disturbed,Yes,,0,"Albert needed more prompting than usual this night. Strip wash in bedroom completed; slight redness noted to the sacrum, repositioning chart started. Fluids 1238 ml over the night, fair appetite at meals. Mood fluctuated and was largely low. Did not settle to visiting singer.",Please continue to observe closely; senior carer informed.,Fluids encouraged; senior carer made aware.,Monitor intake and mood.,0,approved,,,2026-10-08 07:34:04
1393,RES005,2026-03-21,Night,A. Whitfield,Care Worker,Daily,Strip wash in bedroom,Low,Fair,1230,,Yes,,Yes,Garden walk with staff,Garden walk with staff — brief participation.,Disturbed,No,,0,A more difficult night for Albert. Strip wash in bedroom with two staff as Albert was unsteady on transfer. Took 1230 ml of fluids; ate fair at lunch and tea. Mood fluctuated and was largely low. Did not settle to garden walk with staff.,Fluids to be encouraged on the next shift; keep under observation.,Fluids encouraged; senior carer made aware.,Monitor intake and mood.,0,approved,,,2026-10-08 07:34:04
1394,RES005,2026-03-23,Afternoon,K. Adeyemi,Care Worker,Daily,Strip wash in bedroom,Low,Fair,1314,,Yes,,Yes,Craft table,Craft table — brief participation.,Disturbed,Yes,,0,Albert needed more prompting than usual this afternoon. Strip wash in bedroom completed but Albert was reluctant and needed encouragement. Took 1314 ml of fluids; ate fair at lunch and tea. Mood fluctuated and was largely low. Did not settle to craft table.,Please continue to observe closely; senior carer informed.,Fluids encouraged; senior carer made aware.,Monitor intake and mood.,0,approved,,,2026-10-08 07:34:04
1395,RES005,2026-03-24,Afternoon,T. Nguyen,Care Worker,Daily,Full wash at the sink,Low,Fair,1147,,Yes,,Yes,Hand massage,Hand massage — brief participation.,Disturbed,Yes,,0,"Staff noted a change in Albert over the afternoon. Full wash at the sink completed; slight redness noted to the sacrum, repositioning chart started. Fluid intake recorded at 1147 ml. Appetite described as fair. Mood low at times; declined hand massage and preferred to stay in his room.",Please continue to observe closely; senior carer informed.,Fluids encouraged; senior carer made aware.,Monitor intake and mood.,0,approved,,,2026-10-08 07:34:04
1396,RES005,2026-03-25,Afternoon,R. Kowalski,Care Worker,Daily,Supported wash with encouragement,Low,Fair,1145,,Yes,,Yes,Rested in room,Rested in room — brief participation.,Disturbed,No,,0,Staff noted a change in Albert over the afternoon. Supported wash with encouragement with two staff as Albert was unsteady on transfer. 1145 ml of fluid encouraged across the shift; appetite fair. Mood low at times; declined rested in room and preferred to stay in his room.,Please continue to observe closely; senior carer informed.,Fluids encouraged; senior carer made aware.,Monitor intake and mood.,0,approved,,,2026-10-08 07:34:04
1397,RES005,2026-03-26,Afternoon,T. Nguyen,Care Worker,Daily,Supported wash with encouragement,Low,Fair,1181,,Yes,,Yes,Garden walk with staff,Garden walk with staff — brief participation.,Disturbed,No,,0,Albert has been less settled this afternoon. Supported wash with encouragement completed but Albert was reluctant and needed encouragement. Fluid intake recorded at 1181 ml. Appetite described as fair. Mood fluctuated and was largely low. Did not settle to garden walk with staff.,Please continue to observe closely; senior carer informed.,Fluids encouraged; senior carer made aware.,Monitor intake and mood.,0,approved,,,2026-10-08 07:34:04
1398,RES005,2026-03-27,Afternoon,K. Adeyemi,Care Worker,Daily,Bed bath,Low,Fair,1202,,Yes,,Yes,Bingo in the lounge,Bingo in the lounge — brief participation.,Disturbed,No,,0,"Staff noted a change in Albert over the afternoon. Bed bath completed but Albert was reluctant and needed encouragement. Fluids 1202 ml over the afternoon, fair appetite at meals. Mood low at times; declined bingo in the lounge and preferred to stay in his room.",Monitor fluid intake and report any further decline to the senior on duty.,Fluids encouraged; senior carer made aware.,Monitor intake and mood.,0,approved,,,2026-10-08 07:34:04
1399,RES005,2026-03-28,Morning,P. Sharma,Care Worker,Daily,Full assistance with washing and dressing,Low,Fair,1372,,Yes,,Yes,Newspaper reading,Newspaper reading — brief participation.,Disturbed,No,,0,A more difficult morning for Albert. Full assistance with washing and dressing with two staff as Albert was unsteady on transfer. Fluid intake recorded at 1372 ml. Appetite described as fair. Mood fluctuated and was largely low. Did not settle to newspaper reading.,Monitor fluid intake and report any further decline to the senior on duty.,Fluids encouraged; senior carer made aware.,Monitor intake and mood.,0,approved,,,2026-10-08 07:34:04
1400,RES005,2026-03-29,Afternoon,D. Osei,Care Worker,Daily,Full wash at the sink,Low,Fair,1132,,Yes,,Yes,Visiting singer,Visiting singer — brief participation.,Disturbed,No,,0,A more difficult afternoon for Albert. Full wash at the sink completed but Albert was reluctant and needed encouragement. Fluid intake recorded at 1132 ml. Appetite described as fair. Mood low at times; declined visiting singer and preferred to stay in his room.,Monitor fluid intake and report any further decline to the senior on duty.,Fluids encouraged; senior carer made aware.,Monitor intake and mood.,0,approved,,,2026-10-08 07:34:04
1401,RES005,2026-03-31,Afternoon,K. Adeyemi,Care Worker,Daily,Strip wash in bedroom,Low,Fair,1344,,Yes,,Yes,Rested in room,Rested in room — brief participation.,Disturbed,Yes,,0,"Albert has been less settled this afternoon. Strip wash in bedroom completed; slight redness noted to the sacrum, repositioning chart started. Fluid intake recorded at 1344 ml. Appetite described as fair. Mood low at times; declined rested in room and preferred to stay in his room.",Fluids to be encouraged on the next shift; keep under observation.,Fluids encouraged; senior carer made aware.,Monitor intake and mood.,0,approved,,,2026-10-08 07:34:04
1402,RES005,2026-04-01,Afternoon,R. Kowalski,Care Worker,Daily,Assisted shower,Low,Fair,1410,,Yes,,Yes,Garden walk with staff,Garden walk with staff — brief participation.,Disturbed,No,,0,Staff noted a change in Albert over the afternoon. Assisted shower with two staff as Albert was unsteady on transfer. Took 1410 ml of fluids; ate fair at lunch and tea. Appeared low; needed reassurance on several occasions.,Please continue to observe closely; senior carer informed.,Fluids encouraged; senior carer made aware.,Monitor intake and mood.,0,approved,,,2026-10-08 07:34:04
1403,RES005,2026-04-03,Night,S. Patel,Care Worker,Daily,Supported wash with encouragement,Low,Fair,1150,,Yes,,Yes,One-to-one chat,One-to-one chat — brief participation.,Disturbed,No,,0,"Staff noted a change in Albert over the night. Supported wash with encouragement completed; slight redness noted to the sacrum, repositioning chart started. Fluids 1150 ml over the night, fair appetite at meals. Mood low at times; declined one-to-one chat and preferred to stay in his room.",Monitor fluid intake and report any further decline to the senior on duty.,Fluids encouraged; senior carer made aware.,Monitor intake and mood.,0,approved,,,2026-10-08 07:34:04
1404,RES005,2026-04-05,Afternoon,R. Kowalski,Care Worker,Daily,Strip wash in bedroom,Low,Fair,1329,,Yes,,Yes,Visiting singer,Visiting singer — brief participation.,Disturbed,No,,0,"Albert has been less settled this afternoon. Strip wash in bedroom completed; slight redness noted to the sacrum, repositioning chart started. 1329 ml of fluid encouraged across the shift; appetite fair. Mood fluctuated and was largely low. Did not settle to visiting singer.",Monitor fluid intake and report any further decline to the senior on duty.,Fluids encouraged; senior carer made aware.,Monitor intake and mood.,0,approved,,,2026-10-08 07:34:04
1405,RES005,2026-04-06,Night,J. Okafor,Care Worker,Daily,Supported wash with encouragement,Low,Fair,1325,,Yes,,Yes,Music session,Music session — brief participation.,Disturbed,Yes,,0,Albert needed more prompting than usual this night. Supported wash with encouragement completed but Albert was reluctant and needed encouragement. Fluid intake recorded at 1325 ml. Appetite described as fair. Mood low at times; declined music session and preferred to stay in his room.,Fluids to be encouraged on the next shift; keep under observation.,Fluids encouraged; senior carer made aware.,Monitor intake and mood.,0,approved,,,2026-10-08 07:34:04
1406,RES005,2026-04-07,Afternoon,T. Nguyen,Care Worker,Daily,Strip wash in bedroom,Low,Fair,1364,,Yes,,Yes,Hand massage,Hand massage — brief participation.,Disturbed,No,,0,Staff noted a change in Albert over the afternoon. Strip wash in bedroom completed but Albert was reluctant and needed encouragement. 1364 ml of fluid encouraged across the shift; appetite fair. Appeared low; needed reassurance on several occasions.,Fluids to be encouraged on the next shift; keep under observation.,Fluids encouraged; senior carer made aware.,Monitor intake and mood.,0,approved,,,2026-10-08 07:34:04
1407,RES005,2026-04-08,Afternoon,C. Fernandes,Care Worker,Daily,Bed bath,Low,Fair,1282,,Yes,,Yes,Armchair exercises,Armchair exercises — brief participation.,Disturbed,Yes,,0,A more difficult afternoon for Albert. Bed bath with two staff as Albert was unsteady on transfer. 1282 ml of fluid encouraged across the shift; appetite fair. Mood low at times; declined armchair exercises and preferred to stay in his room.,Please continue to observe closely; senior carer informed.,Fluids encouraged; senior carer made aware.,Monitor intake and mood.,0,approved,,,2026-10-08 07:34:04
1408,RES005,2026-04-09,Night,D. Osei,Care Worker,Daily,Full assistance with washing and dressing,Low,Fair,1352,,Yes,,Yes,Craft table,Craft table — brief participation.,Disturbed,No,,0,Albert needed more prompting than usual this night. Full assistance with washing and dressing with two staff as Albert was unsteady on transfer. 1352 ml of fluid encouraged across the shift; appetite fair. Mood low at times; declined craft table and preferred to stay in his room.,Fluids to be encouraged on the next shift; keep under observation.,Fluids encouraged; senior carer made aware.,Monitor intake and mood.,0,approved,,,2026-10-08 07:34:04
1409,RES005,2026-04-10,Night,T. Nguyen,Care Worker,Daily,Full assistance with washing and dressing,Low,Fair,1223,,Yes,,Yes,Garden walk with staff,Garden walk with staff — brief participation.,Disturbed,No,,0,Staff noted a change in Albert over the night. Full assistance with washing and dressing with two staff as Albert was unsteady on transfer. 1223 ml of fluid encouraged across the shift; appetite fair. Mood fluctuated and was largely low. Did not settle to garden walk with staff.,Monitor fluid intake and report any further decline to the senior on duty.,Fluids encouraged; senior carer made aware.,Monitor intake and mood.,0,approved,,,2026-10-08 07:34:04
1410,RES005,2026-04-12,Night,T. Nguyen,Care Worker,Daily,Full assistance with washing and dressing,Low,Fair,1419,,Yes,,Yes,Rested in room,Rested in room — brief participation.,Disturbed,No,,0,"Albert needed more prompting than usual this night. Full assistance with washing and dressing with two staff as Albert was unsteady on transfer. Fluids 1419 ml over the night, fair appetite at meals. Mood fluctuated and was largely low. Did not settle to rested in room.",Please continue to observe closely; senior carer informed.,Fluids encouraged; senior carer made aware.,Monitor intake and mood.,0,approved,,,2026-10-08 07:34:04
1411,RES005,2026-04-13,Afternoon,T. Nguyen,Care Worker,Daily,Strip wash in bedroom,Low,Fair,1313,,Yes,,Yes,Bingo in the lounge,Bingo in the lounge — brief participation.,Disturbed,Yes,,0,Albert needed more prompting than usual this afternoon. Strip wash in bedroom completed but Albert was reluctant and needed encouragement. Took 1313 ml of fluids; ate fair at lunch and tea. Mood low at times; declined bingo in the lounge and preferred to stay in his room.,Fluids to be encouraged on the next shift; keep under observation.,Fluids encouraged; senior carer made aware.,Monitor intake and mood.,0,approved,,,2026-10-08 07:34:04
1412,RES005,2026-04-15,Afternoon,P. Sharma,Care Worker,Daily,Full assistance with washing and dressing,Low,Fair,1268,,Yes,,Yes,Armchair exercises,Armchair exercises — brief participation.,Disturbed,No,,0,"Albert needed more prompting than usual this afternoon. Full assistance with washing and dressing completed; slight redness noted to the sacrum, repositioning chart started. Took 1268 ml of fluids; ate fair at lunch and tea. Appeared low; needed reassurance on several occasions.",Monitor fluid intake and report any further decline to the senior on duty.,Fluids encouraged; senior carer made aware.,Monitor intake and mood.,0,approved,,,2026-10-08 07:34:04
1413,RES005,2026-04-16,Morning,J. Okafor,Care Worker,Daily,Strip wash in bedroom,Low,Fair,1346,,Yes,,Yes,Garden walk with staff,Garden walk with staff — brief participation.,Disturbed,No,,0,Albert has been less settled this morning. Strip wash in bedroom completed but Albert was reluctant and needed encouragement. 1346 ml of fluid encouraged across the shift; appetite fair. Mood fluctuated and was largely low. Did not settle to garden walk with staff.,Fluids to be encouraged on the next shift; keep under observation.,Fluids encouraged; senior carer made aware.,Monitor intake and mood.,0,approved,,,2026-10-08 07:34:04
1414,RES005,2026-04-17,Morning,T. Nguyen,Care Worker,Daily,Strip wash in bedroom,Low,Fair,1281,,Yes,,Yes,Armchair exercises,Armchair exercises — brief participation.,Disturbed,Yes,,0,Albert needed more prompting than usual this morning. Strip wash in bedroom with two staff as Albert was unsteady on transfer. Fluid intake recorded at 1281 ml. Appetite described as fair. Mood low at times; declined armchair exercises and preferred to stay in his room.,Please continue to observe closely; senior carer informed.,Fluids encouraged; senior carer made aware.,Monitor intake and mood.,0,approved,,,2026-10-08 07:34:04
1415,RES005,2026-04-18,Morning,L. Ahmed,Care Worker,Daily,Bed bath,Low,Fair,1285,,Yes,,Yes,Craft table,Craft table — brief participation.,Disturbed,Yes,,0,Staff noted a change in Albert over the morning. Bed bath completed but Albert was reluctant and needed encouragement. Took 1285 ml of fluids; ate fair at lunch and tea. Appeared low; needed reassurance on several occasions.,Monitor fluid intake and report any further decline to the senior on duty.,Fluids encouraged; senior carer made aware.,Monitor intake and mood.,0,approved,,,2026-10-08 07:34:04
1416,RES005,2026-04-19,Night,J. Okafor,Care Worker,Daily,Full assistance with washing and dressing,Low,Fair,1411,,Yes,,Yes,Newspaper reading,Newspaper reading — brief participation.,Disturbed,No,,0,"Albert needed more prompting than usual this night. Full assistance with washing and dressing completed but Albert was reluctant and needed encouragement. Fluids 1411 ml over the night, fair appetite at meals. Mood fluctuated and was largely low. Did not settle to newspaper reading.",Monitor fluid intake and report any further decline to the senior on duty.,Fluids encouraged; senior carer made aware.,Monitor intake and mood.,0,approved,,,2026-10-08 07:34:04
1417,RES005,2026-04-21,Night,C. Fernandes,Care Worker,Daily,Strip wash in bedroom,Low,Fair,1435,,Yes,,Yes,Hand massage,Hand massage — brief participation.,Disturbed,No,,0,Albert has been less settled this night. Strip wash in bedroom completed but Albert was reluctant and needed encouragement. Fluid intake recorded at 1435 ml. Appetite described as fair. Mood low at times; declined hand massage and preferred to stay in his room.,Monitor fluid intake and report any further decline to the senior on duty.,Fluids encouraged; senior carer made aware.,Monitor intake and mood.,0,approved,,,2026-10-08 07:34:04
1418,RES005,2026-04-22,Afternoon,J. Okafor,Care Worker,Daily,Full wash at the sink,Low,Fair,1305,,Yes,,Yes,Reminiscence group,Reminiscence group — brief participation.,Disturbed,No,,0,Albert needed more prompting than usual this afternoon. Full wash at the sink completed but Albert was reluctant and needed encouragement. Took 1305 ml of fluids; ate fair at lunch and tea. Appeared low; needed reassurance on several occasions.,Monitor fluid intake and report any further decline to the senior on duty.,Fluids encouraged; senior carer made aware.,Monitor intake and mood.,0,approved,,,2026-10-08 07:34:04
1419,RES005,2026-04-23,Morning,P. Sharma,Care Worker,Daily,Assisted shower,Low,Fair,1355,,Yes,,Yes,Bingo in the lounge,Bingo in the lounge — brief participation.,Disturbed,No,,0,Albert needed more prompting than usual this morning. Assisted shower with two staff as Albert was unsteady on transfer. 1355 ml of fluid encouraged across the shift; appetite fair. Mood low at times; declined bingo in the lounge and preferred to stay in his room.,Monitor fluid intake and report any further decline to the senior on duty.,Fluids encouraged; senior carer made aware.,Monitor intake and mood.,0,approved,,,2026-10-08 07:34:04
1420,RES005,2026-04-24,Morning,P. Sharma,Care Worker,Daily,Assisted shower,Low,Fair,1505,,Yes,,Yes,Garden walk with staff,Garden walk with staff — brief participation.,Disturbed,Yes,,0,A more difficult morning for Albert. Assisted shower with two staff as Albert was unsteady on transfer. Fluid intake recorded at 1505 ml. Appetite described as fair. Mood low at times; declined garden walk with staff and preferred to stay in his room.,Fluids to be encouraged on the next shift; keep under observation.,Fluids encouraged; senior carer made aware.,Monitor intake and mood.,0,approved,,,2026-10-08 07:34:04
1421,RES005,2026-04-25,Morning,K. Adeyemi,Care Worker,Daily,Bed bath,Low,Fair,1324,,Yes,,Yes,Craft table,Craft table — brief participation.,Disturbed,No,,0,"Staff noted a change in Albert over the morning. Bed bath completed; slight redness noted to the sacrum, repositioning chart started. 1324 ml of fluid encouraged across the shift; appetite fair. Appeared low; needed reassurance on several occasions.",Fluids to be encouraged on the next shift; keep under observation.,Fluids encouraged; senior carer made aware.,Monitor intake and mood.,0,approved,,,2026-10-08 07:34:04
1422,RES005,2026-04-26,Night,B. Mensah,Care Worker,Daily,Supported wash with encouragement,Low,Fair,1330,,Yes,,Yes,Garden walk with staff,Garden walk with staff — brief participation.,Disturbed,No,,0,"A more difficult night for Albert. Supported wash with encouragement completed; slight redness noted to the sacrum, repositioning chart started. Took 1330 ml of fluids; ate fair at lunch and tea. Appeared low; needed reassurance on several occasions.",Monitor fluid intake and report any further decline to the senior on duty.,Fluids encouraged; senior carer made aware.,Monitor intake and mood.,0,approved,,,2026-10-08 07:34:04
1423,RES005,2026-04-27,Morning,A. Whitfield,Care Worker,Daily,Full wash at the sink,Low,Fair,1121,,Yes,,Yes,Hand massage,Hand massage — brief participation.,Disturbed,Yes,,0,"Albert needed more prompting than usual this morning. Full wash at the sink with two staff as Albert was unsteady on transfer. Fluids 1121 ml over the morning, fair appetite at meals. Mood fluctuated and was largely low. Did not settle to hand massage.",Please continue to observe closely; senior carer informed.,Fluids encouraged; senior carer made aware.,Monitor intake and mood.,0,approved,,,2026-10-08 07:34:04
1424,RES005,2026-04-28,Morning,S. Patel,Care Worker,Daily,Supported wash with encouragement,Low,Fair,1333,,Yes,,Yes,Music session,Music session — brief participation.,Disturbed,No,,0,"Albert needed more prompting than usual this morning. Supported wash with encouragement completed; slight redness noted to the sacrum, repositioning chart started. Took 1333 ml of fluids; ate fair at lunch and tea. Appeared low; needed reassurance on several occasions.",Monitor fluid intake and report any further decline to the senior on duty.,Fluids encouraged; senior carer made aware.,Monitor intake and mood.,0,approved,,,2026-10-08 07:34:04
1425,RES005,2026-04-29,Morning,D. Osei,Care Worker,Daily,Bed bath,Low,Fair,1408,,Yes,,Yes,Craft table,Craft table — brief participation.,Disturbed,No,,0,"Albert needed more prompting than usual this morning. Bed bath completed; slight redness noted to the sacrum, repositioning chart started. Fluid intake recorded at 1408 ml. Appetite described as fair. Mood fluctuated and was largely low. Did not settle to craft table.",Monitor fluid intake and report any further decline to the senior on duty.,Fluids encouraged; senior carer made aware.,Monitor intake and mood.,0,approved,,,2026-10-08 07:34:04
1426,RES005,2026-04-30,Afternoon,A. Whitfield,Care Worker,Daily,Bed bath,Settled,Good,1374,,Yes,,Yes,Bingo in the lounge,Bingo in the lounge — participated well.,Good,No,,0,"A good afternoon for Albert. Bed bath completed with the usual level of support. Skin checked, intact throughout. 1374 ml of fluid encouraged across the shift; appetite good. Mood settled and engaged well with bingo in the lounge.",Nothing further to report.,Routine care given.,Nil to hand over.,0,approved,,,2026-10-08 07:34:04
1427,RES005,2026-05-01,Afternoon,R. Kowalski,Care Worker,Daily,Supported wash with encouragement,Low,Fair,1383,,Yes,,Yes,Garden walk with staff,Garden walk with staff — brief participation.,Disturbed,No,,0,Staff noted a change in Albert over the afternoon. Supported wash with encouragement with two staff as Albert was unsteady on transfer. Fluid intake recorded at 1383 ml. Appetite described as fair. Appeared low; needed reassurance on several occasions.,Fluids to be encouraged on the next shift; keep under observation.,Fluids encouraged; senior carer made aware.,Monitor intake and mood.,0,approved,,,2026-10-08 07:34:04
1428,RES005,2026-05-02,Morning,S. Patel,Care Worker,Daily,Strip wash in bedroom,Low,Fair,1384,,Yes,,Yes,Rested in room,Rested in room — brief participation.,Disturbed,Yes,,0,"A more difficult morning for Albert. Strip wash in bedroom with two staff as Albert was unsteady on transfer. Fluids 1384 ml over the morning, fair appetite at meals. Mood low at times; declined rested in room and preferred to stay in his room.",Fluids to be encouraged on the next shift; keep under observation.,Fluids encouraged; senior carer made aware.,Monitor intake and mood.,0,approved,,,2026-10-08 07:34:04
1429,RES005,2026-05-03,Afternoon,A. Whitfield,Care Worker,Daily,Assisted shower,Low,Fair,1221,,Yes,,Yes,Visiting singer,Visiting singer — brief participation.,Disturbed,No,,0,"A more difficult afternoon for Albert. Assisted shower completed; slight redness noted to the sacrum, repositioning chart started. Fluid intake recorded at 1221 ml. Appetite described as fair. Mood low at times; declined visiting singer and preferred to stay in his room.",Fluids to be encouraged on the next shift; keep under observation.,Fluids encouraged; senior carer made aware.,Monitor intake and mood.,0,approved,,,2026-10-08 07:34:04
1430,RES005,2026-05-04,Morning,S. Patel,Care Worker,Daily,Assisted shower,Settled,Good,1315,,Yes,,Yes,Bingo in the lounge,Bingo in the lounge — participated well.,Good,No,,0,Albert presented as his usual self this morning. Assisted shower carried out; Albert was able to assist with parts of his own care. 1315 ml of fluid encouraged across the shift; appetite good. Bright and settled for most of the shift; enjoyed bingo in the lounge.,Nothing further to report.,Routine care given.,Nil to hand over.,0,approved,,,2026-10-08 07:34:04
1431,RES005,2026-05-05,Morning,S. Patel,Care Worker,Daily,Full wash at the sink,Low,Fair,1312,,Yes,,Yes,Armchair exercises,Armchair exercises — brief participation.,Disturbed,Yes,,0,"Albert has been less settled this morning. Full wash at the sink with two staff as Albert was unsteady on transfer. Fluids 1312 ml over the morning, fair appetite at meals. Appeared low; needed reassurance on several occasions.",Please continue to observe closely; senior carer informed.,Fluids encouraged; senior carer made aware.,Monitor intake and mood.,0,approved,,,2026-10-08 07:34:04
1432,RES005,2026-05-06,Night,T. Nguyen,Care Worker,Daily,Strip wash in bedroom,Settled,Good,1329,,Yes,,Yes,One-to-one chat,One-to-one chat — participated well.,Good,No,,0,"No concerns raised for Albert during the night. Strip wash in bedroom; no skin concerns noted, pressure areas clear. Fluid intake recorded at 1329 ml. Appetite described as good. Bright and settled for most of the shift; enjoyed one-to-one chat.",No concerns to hand over.,Routine care given.,Nil to hand over.,0,approved,,,2026-10-08 07:34:04
1433,RES005,2026-05-08,Afternoon,T. Nguyen,Care Worker,Daily,Bed bath,Settled,Good,1233,,Yes,,Yes,Bingo in the lounge,Bingo in the lounge — participated well.,Good,No,,0,"No concerns raised for Albert during the afternoon. Bed bath completed with the usual level of support. Skin checked, intact throughout. 1233 ml of fluid encouraged across the shift; appetite good. Mood settled and engaged well with bingo in the lounge.",No concerns to hand over.,Routine care given.,Nil to hand over.,0,approved,,,2026-10-08 07:34:04
1434,RES005,2026-05-09,Night,J. Okafor,Care Worker,Daily,Full wash at the sink,Low,Fair,1327,,Yes,,Yes,Armchair exercises,Armchair exercises — brief participation.,Disturbed,No,,0,A more difficult night for Albert. Full wash at the sink completed but Albert was reluctant and needed encouragement. Fluid intake recorded at 1327 ml. Appetite described as fair. Appeared low; needed reassurance on several occasions.,Monitor fluid intake and report any further decline to the senior on duty.,Fluids encouraged; senior carer made aware.,Monitor intake and mood.,0,approved,,,2026-10-08 07:34:04
1435,RES005,2026-05-10,Morning,R. Kowalski,Care Worker,Daily,Full assistance with washing and dressing,Low,Fair,1386,,Yes,,Yes,Craft table,Craft table — brief participation.,Disturbed,No,,0,"Staff noted a change in Albert over the morning. Full assistance with washing and dressing with two staff as Albert was unsteady on transfer. Fluids 1386 ml over the morning, fair appetite at meals. Mood fluctuated and was largely low. Did not settle to craft table.",Monitor fluid intake and report any further decline to the senior on duty.,Fluids encouraged; senior carer made aware.,Monitor intake and mood.,0,approved,,,2026-10-08 07:34:04
1436,RES005,2026-05-12,Morning,D. Osei,Care Worker,Daily,Assisted shower,Settled,Good,1511,,Yes,,Yes,Reminiscence group,Reminiscence group — participated well.,Good,No,,0,"Albert has had a settled morning. Assisted shower; no skin concerns noted, pressure areas clear. Took 1511 ml of fluids; ate good at lunch and tea. Presented as settled; joined in with reminiscence group.",Continue with the current plan of care.,Routine care given.,Nil to hand over.,0,approved,,,2026-10-08 07:34:04
1437,RES005,2026-05-13,Night,T. Nguyen,Care Worker,Daily,Full assistance with washing and dressing,Settled,Good,1342,,Yes,,Yes,Bingo in the lounge,Bingo in the lounge — participated well.,Good,No,,0,"A good night for Albert. Full assistance with washing and dressing completed with the usual level of support. Skin checked, intact throughout. Fluids 1342 ml over the night, good appetite at meals. Presented as settled; joined in with bingo in the lounge.",Nothing further to report.,Routine care given.,Nil to hand over.,0,approved,,,2026-10-08 07:34:04
1438,RES005,2026-05-14,Night,S. Patel,Care Worker,Daily,Full wash at the sink,Low,Fair,1475,,Yes,,Yes,Visiting singer,Visiting singer — brief participation.,Disturbed,No,,0,"Albert has been less settled this night. Full wash at the sink with two staff as Albert was unsteady on transfer. Fluids 1475 ml over the night, fair appetite at meals. Mood low at times; declined visiting singer and preferred to stay in his room.",Fluids to be encouraged on the next shift; keep under observation.,Fluids encouraged; senior carer made aware.,Monitor intake and mood.,0,approved,,,2026-10-08 07:34:04
1439,RES005,2026-05-15,Morning,K. Adeyemi,Care Worker,Daily,Full wash at the sink,Low,Fair,1368,,Yes,,Yes,Craft table,Craft table — brief participation.,Disturbed,Yes,,0,"A more difficult morning for Albert. Full wash at the sink completed; slight redness noted to the sacrum, repositioning chart started. Fluid intake recorded at 1368 ml. Appetite described as fair. Mood fluctuated and was largely low. Did not settle to craft table.",Please continue to observe closely; senior carer informed.,Fluids encouraged; senior carer made aware.,Monitor intake and mood.,0,approved,,,2026-10-08 07:34:04
1440,RES005,2026-05-16,Morning,L. Ahmed,Care Worker,Daily,Strip wash in bedroom,Low,Fair,1252,,Yes,,Yes,One-to-one chat,One-to-one chat — brief participation.,Disturbed,No,,0,Staff noted a change in Albert over the morning. Strip wash in bedroom with two staff as Albert was unsteady on transfer. 1252 ml of fluid encouraged across the shift; appetite fair. Mood low at times; declined one-to-one chat and preferred to stay in his room.,Please continue to observe closely; senior carer informed.,Fluids encouraged; senior carer made aware.,Monitor intake and mood.,0,approved,,,2026-10-08 07:34:04
1441,RES005,2026-05-18,Night,B. Mensah,Care Worker,Daily,Full wash at the sink,Low,Fair,1325,,Yes,,Yes,Rested in room,Rested in room — brief participation.,Disturbed,No,,0,Staff noted a change in Albert over the night. Full wash at the sink completed but Albert was reluctant and needed encouragement. Fluid intake recorded at 1325 ml. Appetite described as fair. Mood fluctuated and was largely low. Did not settle to rested in room.,Please continue to observe closely; senior carer informed.,Fluids encouraged; senior carer made aware.,Monitor intake and mood.,0,approved,,,2026-10-08 07:34:04
1442,RES005,2026-05-19,Night,J. Okafor,Care Worker,Daily,Strip wash in bedroom,Low,Fair,1350,,Yes,,Yes,Reminiscence group,Reminiscence group — brief participation.,Disturbed,No,,0,A more difficult night for Albert. Strip wash in bedroom with two staff as Albert was unsteady on transfer. 1350 ml of fluid encouraged across the shift; appetite fair. Mood low at times; declined reminiscence group and preferred to stay in his room.,Fluids to be encouraged on the next shift; keep under observation.,Fluids encouraged; senior carer made aware.,Monitor intake and mood.,0,approved,,,2026-10-08 07:34:04
1443,RES005,2026-05-20,Night,S. Patel,Care Worker,Daily,Supported wash with encouragement,Low,Fair,1423,,Yes,,Yes,Bingo in the lounge,Bingo in the lounge — brief participation.,Disturbed,No,,0,"A more difficult night for Albert. Supported wash with encouragement completed but Albert was reluctant and needed encouragement. Fluids 1423 ml over the night, fair appetite at meals. Mood low at times; declined bingo in the lounge and preferred to stay in his room.",Monitor fluid intake and report any further decline to the senior on duty.,Fluids encouraged; senior carer made aware.,Monitor intake and mood.,0,approved,,,2026-10-08 07:34:04
1444,RES005,2026-05-22,Night,S. Patel,Care Worker,Daily,Full assistance with washing and dressing,Low,Fair,1463,,Yes,,Yes,Reminiscence group,Reminiscence group — brief participation.,Disturbed,No,,0,Staff noted a change in Albert over the night. Full assistance with washing and dressing with two staff as Albert was unsteady on transfer. Fluid intake recorded at 1463 ml. Appetite described as fair. Mood low at times; declined reminiscence group and preferred to stay in his room.,Monitor fluid intake and report any further decline to the senior on duty.,Fluids encouraged; senior carer made aware.,Monitor intake and mood.,0,approved,,,2026-10-08 07:34:04
1445,RES005,2026-05-23,Morning,J. Okafor,Care Worker,Daily,Assisted shower,Low,Fair,1163,,Yes,,Yes,Rested in room,Rested in room — brief participation.,Disturbed,No,,0,Albert needed more prompting than usual this morning. Assisted shower completed but Albert was reluctant and needed encouragement. Took 1163 ml of fluids; ate fair at lunch and tea. Mood low at times; declined rested in room and preferred to stay in his room.,Monitor fluid intake and report any further decline to the senior on duty.,Fluids encouraged; senior carer made aware.,Monitor intake and mood.,0,approved,,,2026-10-08 07:34:04
1446,RES005,2026-05-24,Afternoon,P. Sharma,Care Worker,Daily,Full assistance with washing and dressing,Low,Fair,1305,,Yes,,Yes,Armchair exercises,Armchair exercises — brief participation.,Disturbed,No,,0,"Staff noted a change in Albert over the afternoon. Full assistance with washing and dressing completed but Albert was reluctant and needed encouragement. Fluids 1305 ml over the afternoon, fair appetite at meals. Mood fluctuated and was largely low. Did not settle to armchair exercises.",Fluids to be encouraged on the next shift; keep under observation.,Fluids encouraged; senior carer made aware.,Monitor intake and mood.,0,approved,,,2026-10-08 07:34:04
1447,RES005,2026-05-25,Morning,L. Ahmed,Care Worker,Daily,Full assistance with washing and dressing,Low,Fair,1352,,Yes,,Yes,Reminiscence group,Reminiscence group — brief participation.,Disturbed,No,,0,"Albert has been less settled this morning. Full assistance with washing and dressing completed; slight redness noted to the sacrum, repositioning chart started. Fluids 1352 ml over the morning, fair appetite at meals. Mood low at times; declined reminiscence group and preferred to stay in his room.",Monitor fluid intake and report any further decline to the senior on duty.,Fluids encouraged; senior carer made aware.,Monitor intake and mood.,0,approved,,,2026-10-08 07:34:04
1448,RES005,2026-05-26,Night,C. Fernandes,Care Worker,Daily,Supported wash with encouragement,Low,Fair,1388,,Yes,,Yes,One-to-one chat,One-to-one chat — brief participation.,Disturbed,No,,0,A more difficult night for Albert. Supported wash with encouragement completed but Albert was reluctant and needed encouragement. 1388 ml of fluid encouraged across the shift; appetite fair. Mood fluctuated and was largely low. Did not settle to one-to-one chat.,Monitor fluid intake and report any further decline to the senior on duty.,Fluids encouraged; senior carer made aware.,Monitor intake and mood.,0,approved,,,2026-10-08 07:34:04
1449,RES005,2026-05-27,Night,B. Mensah,Care Worker,Daily,Assisted shower,Low,Fair,1284,,Yes,,Yes,Newspaper reading,Newspaper reading — brief participation.,Disturbed,Yes,,0,"Staff noted a change in Albert over the night. Assisted shower completed but Albert was reluctant and needed encouragement. Fluids 1284 ml over the night, fair appetite at meals. Mood low at times; declined newspaper reading and preferred to stay in his room.",Fluids to be encouraged on the next shift; keep under observation.,Fluids encouraged; senior carer made aware.,Monitor intake and mood.,0,approved,,,2026-10-08 07:34:04
1450,RES005,2026-05-28,Morning,S. Patel,Care Worker,Daily,Supported wash with encouragement,Low,Fair,1234,,Yes,,Yes,Garden walk with staff,Garden walk with staff — brief participation.,Disturbed,No,,0,"A more difficult morning for Albert. Supported wash with encouragement with two staff as Albert was unsteady on transfer. Fluids 1234 ml over the morning, fair appetite at meals. Appeared low; needed reassurance on several occasions.",Monitor fluid intake and report any further decline to the senior on duty.,Fluids encouraged; senior carer made aware.,Monitor intake and mood.,0,approved,,,2026-10-08 07:34:04
1451,RES005,2026-05-29,Morning,R. Kowalski,Care Worker,Daily,Supported wash with encouragement,Low,Fair,1571,,Yes,,Yes,Armchair exercises,Armchair exercises — brief participation.,Disturbed,No,,0,"Albert has been less settled this morning. Supported wash with encouragement with two staff as Albert was unsteady on transfer. Fluids 1571 ml over the morning, fair appetite at meals. Mood low at times; declined armchair exercises and preferred to stay in his room.",Please continue to observe closely; senior carer informed.,Fluids encouraged; senior carer made aware.,Monitor intake and mood.,0,approved,,,2026-10-08 07:34:04
1452,RES005,2026-05-30,Afternoon,A. Whitfield,Care Worker,Daily,Strip wash in bedroom,Low,Fair,1319,,Yes,,Yes,Armchair exercises,Armchair exercises — brief participation.,Disturbed,Yes,,0,"Staff noted a change in Albert over the afternoon. Strip wash in bedroom completed; slight redness noted to the sacrum, repositioning chart started. Took 1319 ml of fluids; ate fair at lunch and tea. Mood low at times; declined armchair exercises and preferred to stay in his room.",Monitor fluid intake and report any further decline to the senior on duty.,Fluids encouraged; senior carer made aware.,Monitor intake and mood.,0,approved,,,2026-10-08 07:34:04
1453,RES005,2026-06-01,Morning,J. Okafor,Care Worker,Daily,Bed bath,Low,Fair,1271,,Yes,,Yes,Music session,Music session — brief participation.,Disturbed,Yes,,0,Albert has been less settled this morning. Bed bath completed but Albert was reluctant and needed encouragement. Fluid intake recorded at 1271 ml. Appetite described as fair. Mood low at times; declined music session and preferred to stay in his room.,Monitor fluid intake and report any further decline to the senior on duty.,Fluids encouraged; senior carer made aware.,Monitor intake and mood.,0,approved,,,2026-10-08 07:34:04
1454,RES005,2026-06-02,Night,R. Kowalski,Care Worker,Daily,Full wash at the sink,Low,Fair,1216,,Yes,,Yes,Newspaper reading,Newspaper reading — brief participation.,Disturbed,No,,0,"Staff noted a change in Albert over the night. Full wash at the sink with two staff as Albert was unsteady on transfer. Fluids 1216 ml over the night, fair appetite at meals. Mood fluctuated and was largely low. Did not settle to newspaper reading.",Fluids to be encouraged on the next shift; keep under observation.,Fluids encouraged; senior carer made aware.,Monitor intake and mood.,0,approved,,,2026-10-08 07:34:04
1455,RES005,2026-06-03,Night,L. Ahmed,Care Worker,Daily,Assisted shower,Low,Fair,1351,,Yes,,Yes,One-to-one chat,One-to-one chat — brief participation.,Disturbed,No,,0,A more difficult night for Albert. Assisted shower with two staff as Albert was unsteady on transfer. Fluid intake recorded at 1351 ml. Appetite described as fair. Mood fluctuated and was largely low. Did not settle to one-to-one chat.,Please continue to observe closely; senior carer informed.,Fluids encouraged; senior carer made aware.,Monitor intake and mood.,0,approved,,,2026-10-08 07:34:04
1456,RES005,2026-06-04,Afternoon,D. Osei,Care Worker,Daily,Assisted shower,Settled,Good,1523,,Yes,,Yes,Craft table,Craft table — participated well.,Good,No,,0,"Albert presented as his usual self this afternoon. Assisted shower; no skin concerns noted, pressure areas clear. Fluid intake recorded at 1523 ml. Appetite described as good. Mood settled and engaged well with craft table.",No concerns to hand over.,Routine care given.,Nil to hand over.,0,approved,,,2026-10-08 07:34:04
1457,RES005,2026-06-05,Morning,B. Mensah,Care Worker,Daily,Assisted shower,Low,Fair,1412,,Yes,,Yes,Visiting singer,Visiting singer — brief participation.,Disturbed,No,,0,Albert needed more prompting than usual this morning. Assisted shower completed but Albert was reluctant and needed encouragement. Took 1412 ml of fluids; ate fair at lunch and tea. Mood fluctuated and was largely low. Did not settle to visiting singer.,Fluids to be encouraged on the next shift; keep under observation.,Fluids encouraged; senior carer made aware.,Monitor intake and mood.,0,approved,,,2026-10-08 07:34:04
1458,RES005,2026-06-06,Afternoon,D. Osei,Care Worker,Daily,Bed bath,Low,Fair,1318,,Yes,,Yes,One-to-one chat,One-to-one chat — brief participation.,Disturbed,No,,0,"Albert has been less settled this afternoon. Bed bath completed but Albert was reluctant and needed encouragement. Fluids 1318 ml over the afternoon, fair appetite at meals. Mood low at times; declined one-to-one chat and preferred to stay in his room.",Fluids to be encouraged on the next shift; keep under observation.,Fluids encouraged; senior carer made aware.,Monitor intake and mood.,0,approved,,,2026-10-08 07:34:04
1459,RES005,2026-06-07,Afternoon,B. Mensah,Care Worker,Daily,Full assistance with washing and dressing,Low,Fair,1321,,Yes,,Yes,Garden walk with staff,Garden walk with staff — brief participation.,Disturbed,Yes,,0,A more difficult afternoon for Albert. Full assistance with washing and dressing with two staff as Albert was unsteady on transfer. 1321 ml of fluid encouraged across the shift; appetite fair. Mood low at times; declined garden walk with staff and preferred to stay in his room.,Monitor fluid intake and report any further decline to the senior on duty.,Fluids encouraged; senior carer made aware.,Monitor intake and mood.,0,approved,,,2026-10-08 07:34:04
1460,RES005,2026-06-08,Afternoon,M. Nowak,Care Worker,Daily,Full assistance with washing and dressing,Low,Fair,1166,,Yes,,Yes,Visiting singer,Visiting singer — brief participation.,Disturbed,No,,0,"Albert has been less settled this afternoon. Full assistance with washing and dressing completed; slight redness noted to the sacrum, repositioning chart started. Took 1166 ml of fluids; ate fair at lunch and tea. Mood fluctuated and was largely low. Did not settle to visiting singer.",Monitor fluid intake and report any further decline to the senior on duty.,Fluids encouraged; senior carer made aware.,Monitor intake and mood.,0,approved,,,2026-10-08 07:34:04
1461,RES005,2026-06-10,Morning,S. Patel,Care Worker,Daily,Strip wash in bedroom,Low,Fair,1300,,Yes,,Yes,Bingo in the lounge,Bingo in the lounge — brief participation.,Disturbed,Yes,,0,Albert has been less settled this morning. Strip wash in bedroom with two staff as Albert was unsteady on transfer. 1300 ml of fluid encouraged across the shift; appetite fair. Mood low at times; declined bingo in the lounge and preferred to stay in his room.,Please continue to observe closely; senior carer informed.,Fluids encouraged; senior carer made aware.,Monitor intake and mood.,0,approved,,,2026-10-08 07:34:04
1462,RES005,2026-06-11,Afternoon,S. Patel,Care Worker,Daily,Full assistance with washing and dressing,Low,Fair,1380,,Yes,,Yes,Reminiscence group,Reminiscence group — brief participation.,Disturbed,Yes,,0,"Albert needed more prompting than usual this afternoon. Full assistance with washing and dressing completed; slight redness noted to the sacrum, repositioning chart started. Fluid intake recorded at 1380 ml. Appetite described as fair. Mood low at times; declined reminiscence group and preferred to stay in his room.",Fluids to be encouraged on the next shift; keep under observation.,Fluids encouraged; senior carer made aware.,Monitor intake and mood.,0,approved,,,2026-10-08 07:34:04
1463,RES005,2026-06-12,Morning,D. Osei,Care Worker,Daily,Full wash at the sink,Low,Fair,1313,,Yes,,Yes,Reminiscence group,Reminiscence group — brief participation.,Disturbed,Yes,,0,"Staff noted a change in Albert over the morning. Full wash at the sink completed; slight redness noted to the sacrum, repositioning chart started. Fluids 1313 ml over the morning, fair appetite at meals. Mood low at times; declined reminiscence group and preferred to stay in his room.",Please continue to observe closely; senior carer informed.,Fluids encouraged; senior carer made aware.,Monitor intake and mood.,0,approved,,,2026-10-08 07:34:04
1464,RES005,2026-06-13,Afternoon,J. Okafor,Care Worker,Daily,Strip wash in bedroom,Low,Fair,1179,,Yes,,Yes,Music session,Music session — brief participation.,Disturbed,No,,0,"A more difficult afternoon for Albert. Strip wash in bedroom completed; slight redness noted to the sacrum, repositioning chart started. Fluid intake recorded at 1179 ml. Appetite described as fair. Mood fluctuated and was largely low. Did not settle to music session.",Fluids to be encouraged on the next shift; keep under observation.,Fluids encouraged; senior carer made aware.,Monitor intake and mood.,0,approved,,,2026-10-08 07:34:04
1465,RES005,2026-06-14,Night,M. Nowak,Care Worker,Daily,Bed bath,Low,Fair,1221,,Yes,,Yes,Reminiscence group,Reminiscence group — brief participation.,Disturbed,No,,0,Staff noted a change in Albert over the night. Bed bath with two staff as Albert was unsteady on transfer. Fluid intake recorded at 1221 ml. Appetite described as fair. Mood low at times; declined reminiscence group and preferred to stay in his room.,Please continue to observe closely; senior carer informed.,Fluids encouraged; senior carer made aware.,Monitor intake and mood.,0,approved,,,2026-10-08 07:34:04
1466,RES005,2026-06-15,Afternoon,J. Okafor,Care Worker,Daily,Assisted shower,Low,Fair,1402,,Yes,,Yes,Armchair exercises,Armchair exercises — brief participation.,Disturbed,No,,0,"Staff noted a change in Albert over the afternoon. Assisted shower completed; slight redness noted to the sacrum, repositioning chart started. Fluid intake recorded at 1402 ml. Appetite described as fair. Appeared low; needed reassurance on several occasions.",Please continue to observe closely; senior carer informed.,Fluids encouraged; senior carer made aware.,Monitor intake and mood.,0,approved,,,2026-10-08 07:34:04
1467,RES005,2026-06-17,Morning,L. Ahmed,Care Worker,Daily,Supported wash with encouragement,Low,Fair,1452,,Yes,,Yes,One-to-one chat,One-to-one chat — brief participation.,Disturbed,No,,0,"Albert has been less settled this morning. Supported wash with encouragement completed; slight redness noted to the sacrum, repositioning chart started. Took 1452 ml of fluids; ate fair at lunch and tea. Appeared low; needed reassurance on several occasions.",Fluids to be encouraged on the next shift; keep under observation.,Fluids encouraged; senior carer made aware.,Monitor intake and mood.,0,approved,,,2026-10-08 07:34:04
1468,RES005,2026-06-18,Afternoon,A. Whitfield,Care Worker,Daily,Strip wash in bedroom,Low,Fair,1505,,Yes,,Yes,One-to-one chat,One-to-one chat — brief participation.,Disturbed,No,,0,Staff noted a change in Albert over the afternoon. Strip wash in bedroom with two staff as Albert was unsteady on transfer. 1505 ml of fluid encouraged across the shift; appetite fair. Mood low at times; declined one-to-one chat and preferred to stay in his room.,Fluids to be encouraged on the next shift; keep under observation.,Fluids encouraged; senior carer made aware.,Monitor intake and mood.,0,approved,,,2026-10-08 07:34:04
1469,RES005,2026-06-20,Night,D. Osei,Care Worker,Daily,Full wash at the sink,Low,Fair,1448,,Yes,,Yes,Hand massage,Hand massage — brief participation.,Disturbed,No,,0,"A more difficult night for Albert. Full wash at the sink completed but Albert was reluctant and needed encouragement. Fluids 1448 ml over the night, fair appetite at meals. Mood low at times; declined hand massage and preferred to stay in his room.",Fluids to be encouraged on the next shift; keep under observation.,Fluids encouraged; senior carer made aware.,Monitor intake and mood.,0,approved,,,2026-10-08 07:34:04
1470,RES005,2026-06-21,Night,R. Kowalski,Care Worker,Daily,Supported wash with encouragement,Low,Fair,1328,,Yes,,Yes,Music session,Music session — brief participation.,Disturbed,Yes,,0,Albert needed more prompting than usual this night. Supported wash with encouragement with two staff as Albert was unsteady on transfer. Fluid intake recorded at 1328 ml. Appetite described as fair. Appeared low; needed reassurance on several occasions.,Please continue to observe closely; senior carer informed.,Fluids encouraged; senior carer made aware.,Monitor intake and mood.,0,approved,,,2026-10-08 07:34:04
1471,RES005,2026-06-22,Night,D. Osei,Care Worker,Daily,Supported wash with encouragement,Low,Fair,1272,,Yes,,Yes,Bingo in the lounge,Bingo in the lounge — brief participation.,Disturbed,No,,0,Staff noted a change in Albert over the night. Supported wash with encouragement completed but Albert was reluctant and needed encouragement. Fluid intake recorded at 1272 ml. Appetite described as fair. Mood low at times; declined bingo in the lounge and preferred to stay in his room.,Monitor fluid intake and report any further decline to the senior on duty.,Fluids encouraged; senior carer made aware.,Monitor intake and mood.,0,approved,,,2026-10-08 07:34:04
1472,RES005,2026-06-23,Morning,P. Sharma,Care Worker,Daily,Bed bath,Low,Fair,1404,,Yes,,Yes,Hand massage,Hand massage — brief participation.,Disturbed,No,,0,"Albert has been less settled this morning. Bed bath with two staff as Albert was unsteady on transfer. Fluids 1404 ml over the morning, fair appetite at meals. Mood fluctuated and was largely low. Did not settle to hand massage.",Fluids to be encouraged on the next shift; keep under observation.,Fluids encouraged; senior carer made aware.,Monitor intake and mood.,0,approved,,,2026-10-08 07:34:04
1473,RES005,2026-06-24,Afternoon,P. Sharma,Care Worker,Daily,Supported wash with encouragement,Low,Fair,1288,,Yes,,Yes,Armchair exercises,Armchair exercises — brief participation.,Disturbed,Yes,,0,"Albert has been less settled this afternoon. Supported wash with encouragement completed; slight redness noted to the sacrum, repositioning chart started. 1288 ml of fluid encouraged across the shift; appetite fair. Appeared low; needed reassurance on several occasions.",Fluids to be encouraged on the next shift; keep under observation.,Fluids encouraged; senior carer made aware.,Monitor intake and mood.,0,approved,,,2026-10-08 07:34:04
1474,RES005,2026-06-25,Morning,T. Nguyen,Care Worker,Daily,Assisted shower,Low,Fair,1272,,Yes,,Yes,Reminiscence group,Reminiscence group — brief participation.,Disturbed,Yes,,0,A more difficult morning for Albert. Assisted shower with two staff as Albert was unsteady on transfer. Took 1272 ml of fluids; ate fair at lunch and tea. Mood fluctuated and was largely low. Did not settle to reminiscence group.,Please continue to observe closely; senior carer informed.,Fluids encouraged; senior carer made aware.,Monitor intake and mood.,0,approved,,,2026-10-08 07:34:04
1475,RES005,2026-06-26,Night,M. Nowak,Care Worker,Daily,Strip wash in bedroom,Low,Fair,1368,,Yes,,Yes,Music session,Music session — brief participation.,Disturbed,No,,0,Albert has been less settled this night. Strip wash in bedroom completed but Albert was reluctant and needed encouragement. 1368 ml of fluid encouraged across the shift; appetite fair. Mood low at times; declined music session and preferred to stay in his room.,Fluids to be encouraged on the next shift; keep under observation.,Fluids encouraged; senior carer made aware.,Monitor intake and mood.,0,approved,,,2026-10-08 07:34:04
1476,RES005,2026-06-27,Night,A. Whitfield,Care Worker,Daily,Full wash at the sink,Low,Fair,1266,,Yes,,Yes,One-to-one chat,One-to-one chat — brief participation.,Disturbed,Yes,,0,Albert needed more prompting than usual this night. Full wash at the sink with two staff as Albert was unsteady on transfer. 1266 ml of fluid encouraged across the shift; appetite fair. Mood fluctuated and was largely low. Did not settle to one-to-one chat.,Fluids to be encouraged on the next shift; keep under observation.,Fluids encouraged; senior carer made aware.,Monitor intake and mood.,0,approved,,,2026-10-08 07:34:04
1477,RES005,2026-06-28,Afternoon,S. Patel,Care Worker,Daily,Full assistance with washing and dressing,Low,Fair,1321,,Yes,,Yes,Garden walk with staff,Garden walk with staff — brief participation.,Disturbed,Yes,,0,Albert needed more prompting than usual this afternoon. Full assistance with washing and dressing completed but Albert was reluctant and needed encouragement. Took 1321 ml of fluids; ate fair at lunch and tea. Mood low at times; declined garden walk with staff and preferred to stay in his room.,Monitor fluid intake and report any further decline to the senior on duty.,Fluids encouraged; senior carer made aware.,Monitor intake and mood.,0,approved,,,2026-10-08 07:34:04
1478,RES005,2026-06-29,Afternoon,R. Kowalski,Care Worker,Daily,Assisted shower,Low,Fair,1195,,Yes,,Yes,Craft table,Craft table — brief participation.,Disturbed,No,,0,"Albert needed more prompting than usual this afternoon. Assisted shower completed; slight redness noted to the sacrum, repositioning chart started. Fluid intake recorded at 1195 ml. Appetite described as fair. Appeared low; needed reassurance on several occasions.",Please continue to observe closely; senior carer informed.,Fluids encouraged; senior carer made aware.,Monitor intake and mood.,0,approved,,,2026-10-08 07:34:04
1479,RES005,2026-06-30,Morning,T. Nguyen,Care Worker,Daily,Assisted shower,Low,Fair,1290,,Yes,,Yes,Newspaper reading,Newspaper reading — brief participation.,Disturbed,Yes,,0,Staff noted a change in Albert over the morning. Assisted shower completed but Albert was reluctant and needed encouragement. Took 1290 ml of fluids; ate fair at lunch and tea. Mood fluctuated and was largely low. Did not settle to newspaper reading.,Fluids to be encouraged on the next shift; keep under observation.,Fluids encouraged; senior carer made aware.,Monitor intake and mood.,0,approved,,,2026-10-08 07:34:04
1480,RES005,2026-07-01,Night,S. Patel,Care Worker,Daily,Full wash at the sink,Low,Fair,1083,,Yes,,Yes,Hand massage,Hand massage — brief participation.,Disturbed,No,,0,"Albert needed more prompting than usual this night. Full wash at the sink completed; slight redness noted to the sacrum, repositioning chart started. Fluid intake recorded at 1083 ml. Appetite described as fair. Mood low at times; declined hand massage and preferred to stay in his room.",Monitor fluid intake and report any further decline to the senior on duty.,Fluids encouraged; senior carer made aware.,Monitor intake and mood.,0,approved,,,2026-10-08 07:34:04
1481,RES005,2026-07-02,Night,S. Patel,Care Worker,Daily,Supported wash with encouragement,Low,Fair,1202,,Yes,,Yes,Newspaper reading,Newspaper reading — brief participation.,Disturbed,No,,0,"Albert needed more prompting than usual this night. Supported wash with encouragement with two staff as Albert was unsteady on transfer. Fluids 1202 ml over the night, fair appetite at meals. Mood low at times; declined newspaper reading and preferred to stay in his room.",Fluids to be encouraged on the next shift; keep under observation.,Fluids encouraged; senior carer made aware.,Monitor intake and mood.,0,approved,,,2026-10-08 07:34:04
1482,RES005,2026-07-03,Night,M. Nowak,Care Worker,Daily,Full wash at the sink,Low,Fair,1046,,Yes,,Yes,Visiting singer,Visiting singer — brief participation.,Disturbed,Yes,,0,Staff noted a change in Albert over the night. Full wash at the sink with two staff as Albert was unsteady on transfer. Took 1046 ml of fluids; ate fair at lunch and tea. Appeared low; needed reassurance on several occasions.,Monitor fluid intake and report any further decline to the senior on duty.,Fluids encouraged; senior carer made aware.,Monitor intake and mood.,0,approved,,,2026-10-08 07:34:04
1483,RES005,2026-07-04,Night,J. Okafor,Care Worker,Daily,Bed bath,Low,Fair,1282,,Yes,,Yes,Newspaper reading,Newspaper reading — brief participation.,Disturbed,No,,0,Staff noted a change in Albert over the night. Bed bath with two staff as Albert was unsteady on transfer. 1282 ml of fluid encouraged across the shift; appetite fair. Mood low at times; declined newspaper reading and preferred to stay in his room.,Please continue to observe closely; senior carer informed.,Fluids encouraged; senior carer made aware.,Monitor intake and mood.,0,approved,,,2026-10-08 07:34:04
1484,RES005,2026-07-05,Night,R. Kowalski,Care Worker,Daily,Bed bath,Low,Fair,1255,,Yes,,Yes,Armchair exercises,Armchair exercises — brief participation.,Disturbed,No,,0,Staff noted a change in Albert over the night. Bed bath completed but Albert was reluctant and needed encouragement. 1255 ml of fluid encouraged across the shift; appetite fair. Appeared low; needed reassurance on several occasions.,Please continue to observe closely; senior carer informed.,Fluids encouraged; senior carer made aware.,Monitor intake and mood.,0,approved,,,2026-10-08 07:34:04
1485,RES005,2026-07-06,Morning,R. Kowalski,Care Worker,Daily,Bed bath,Low,Fair,1277,,Yes,,Yes,Music session,Music session — brief participation.,Disturbed,No,,0,Staff noted a change in Albert over the morning. Bed bath completed but Albert was reluctant and needed encouragement. Took 1277 ml of fluids; ate fair at lunch and tea. Mood low at times; declined music session and preferred to stay in his room.,Monitor fluid intake and report any further decline to the senior on duty.,Fluids encouraged; senior carer made aware.,Monitor intake and mood.,0,approved,,,2026-10-08 07:34:04
1486,RES005,2026-07-07,Night,A. Whitfield,Care Worker,Daily,Full wash at the sink,Low,Fair,1315,,Yes,,Yes,Armchair exercises,Armchair exercises — brief participation.,Disturbed,No,,0,"A more difficult night for Albert. Full wash at the sink completed; slight redness noted to the sacrum, repositioning chart started. 1315 ml of fluid encouraged across the shift; appetite fair. Mood low at times; declined armchair exercises and preferred to stay in his room.",Fluids to be encouraged on the next shift; keep under observation.,Fluids encouraged; senior carer made aware.,Monitor intake and mood.,0,approved,,,2026-10-08 07:34:04
1487,RES005,2026-07-09,Afternoon,L. Ahmed,Care Worker,Daily,Bed bath,Low,Fair,1454,,Yes,,Yes,Rested in room,Rested in room — brief participation.,Disturbed,No,,0,Albert has been less settled this afternoon. Bed bath with two staff as Albert was unsteady on transfer. 1454 ml of fluid encouraged across the shift; appetite fair. Appeared low; needed reassurance on several occasions.,Please continue to observe closely; senior carer informed.,Fluids encouraged; senior carer made aware.,Monitor intake and mood.,0,approved,,,2026-10-08 07:34:04
1488,RES005,2026-07-10,Night,B. Mensah,Care Worker,Daily,Full assistance with washing and dressing,Low,Fair,1195,,Yes,,Yes,One-to-one chat,One-to-one chat — brief participation.,Disturbed,No,,0,"Staff noted a change in Albert over the night. Full assistance with washing and dressing completed; slight redness noted to the sacrum, repositioning chart started. 1195 ml of fluid encouraged across the shift; appetite fair. Mood low at times; declined one-to-one chat and preferred to stay in his room.",Monitor fluid intake and report any further decline to the senior on duty.,Fluids encouraged; senior carer made aware.,Monitor intake and mood.,0,approved,,,2026-10-08 07:34:04
1489,RES005,2026-07-11,Afternoon,D. Osei,Care Worker,Daily,Strip wash in bedroom,Low,Fair,1270,,Yes,,Yes,Bingo in the lounge,Bingo in the lounge — brief participation.,Disturbed,No,,0,"Albert needed more prompting than usual this afternoon. Strip wash in bedroom completed but Albert was reluctant and needed encouragement. Fluids 1270 ml over the afternoon, fair appetite at meals. Mood low at times; declined bingo in the lounge and preferred to stay in his room.",Fluids to be encouraged on the next shift; keep under observation.,Fluids encouraged; senior carer made aware.,Monitor intake and mood.,0,approved,,,2026-10-08 07:34:04
1490,RES005,2026-07-12,Morning,L. Ahmed,Care Worker,Daily,Full wash at the sink,Low,Fair,1384,,Yes,,Yes,Armchair exercises,Armchair exercises — brief participation.,Disturbed,No,,0,"Staff noted a change in Albert over the morning. Full wash at the sink with two staff as Albert was unsteady on transfer. Fluids 1384 ml over the morning, fair appetite at meals. Appeared low; needed reassurance on several occasions.",Fluids to be encouraged on the next shift; keep under observation.,Fluids encouraged; senior carer made aware.,Monitor intake and mood.,0,approved,,,2026-10-08 07:34:04
1491,RES005,2026-07-13,Afternoon,S. Patel,Care Worker,Daily,Assisted shower,Low,Fair,1400,,Yes,,Yes,Reminiscence group,Reminiscence group — brief participation.,Disturbed,Yes,,0,Albert has been less settled this afternoon. Assisted shower completed but Albert was reluctant and needed encouragement. Took 1400 ml of fluids; ate fair at lunch and tea. Appeared low; needed reassurance on several occasions.,Monitor fluid intake and report any further decline to the senior on duty.,Fluids encouraged; senior carer made aware.,Monitor intake and mood.,0,approved,,,2026-10-08 07:34:04
1492,RES005,2026-07-14,Night,P. Sharma,Care Worker,Daily,Bed bath,Low,Fair,1182,,Yes,,Yes,Reminiscence group,Reminiscence group — brief participation.,Disturbed,No,,0,A more difficult night for Albert. Bed bath with two staff as Albert was unsteady on transfer. Took 1182 ml of fluids; ate fair at lunch and tea. Appeared low; needed reassurance on several occasions.,Monitor fluid intake and report any further decline to the senior on duty.,Fluids encouraged; senior carer made aware.,Monitor intake and mood.,0,approved,,,2026-10-08 07:34:04
1493,RES005,2026-07-15,Afternoon,A. Whitfield,Care Worker,Daily,Full wash at the sink,Low,Fair,1314,,Yes,,Yes,Hand massage,Hand massage — brief participation.,Disturbed,No,,0,A more difficult afternoon for Albert. Full wash at the sink completed but Albert was reluctant and needed encouragement. Fluid intake recorded at 1314 ml. Appetite described as fair. Appeared low; needed reassurance on several occasions.,Monitor fluid intake and report any further decline to the senior on duty.,Fluids encouraged; senior carer made aware.,Monitor intake and mood.,0,approved,,,2026-10-08 07:34:04
1494,RES005,2026-07-16,Afternoon,K. Adeyemi,Care Worker,Daily,Strip wash in bedroom,Low,Fair,1310,,Yes,,Yes,Bingo in the lounge,Bingo in the lounge — brief participation.,Disturbed,Yes,,0,A more difficult afternoon for Albert. Strip wash in bedroom with two staff as Albert was unsteady on transfer. 1310 ml of fluid encouraged across the shift; appetite fair. Mood low at times; declined bingo in the lounge and preferred to stay in his room.,Fluids to be encouraged on the next shift; keep under observation.,Fluids encouraged; senior carer made aware.,Monitor intake and mood.,0,approved,,,2026-10-08 07:34:04
1495,RES005,2026-07-17,Afternoon,R. Kowalski,Care Worker,Daily,Strip wash in bedroom,Low,Fair,1282,,Yes,,Yes,Bingo in the lounge,Bingo in the lounge — brief participation.,Disturbed,Yes,,0,"Albert needed more prompting than usual this afternoon. Strip wash in bedroom completed; slight redness noted to the sacrum, repositioning chart started. Fluids 1282 ml over the afternoon, fair appetite at meals. Mood low at times; declined bingo in the lounge and preferred to stay in his room.",Fluids to be encouraged on the next shift; keep under observation.,Fluids encouraged; senior carer made aware.,Monitor intake and mood.,0,approved,,,2026-10-08 07:34:04
1496,RES005,2026-07-18,Night,C. Fernandes,Care Worker,Daily,Full assistance with washing and dressing,Low,Fair,1197,,Yes,,Yes,Music session,Music session — brief participation.,Disturbed,No,,0,Albert needed more prompting than usual this night. Full assistance with washing and dressing with two staff as Albert was unsteady on transfer. Fluid intake recorded at 1197 ml. Appetite described as fair. Mood low at times; declined music session and preferred to stay in his room.,Please continue to observe closely; senior carer informed.,Fluids encouraged; senior carer made aware.,Monitor intake and mood.,0,approved,,,2026-10-08 07:34:04
1497,RES005,2026-07-20,Night,L. Ahmed,Care Worker,Daily,Strip wash in bedroom,Low,Fair,1151,,Yes,,Yes,Rested in room,Rested in room — brief participation.,Disturbed,Yes,,0,Staff noted a change in Albert over the night. Strip wash in bedroom completed but Albert was reluctant and needed encouragement. Took 1151 ml of fluids; ate fair at lunch and tea. Mood fluctuated and was largely low. Did not settle to rested in room.,Please continue to observe closely; senior carer informed.,Fluids encouraged; senior carer made aware.,Monitor intake and mood.,0,approved,,,2026-10-08 07:34:04
1498,RES005,2026-07-21,Night,D. Osei,Care Worker,Daily,Full wash at the sink,Low,Fair,1212,,Yes,,Yes,Hand massage,Hand massage — brief participation.,Disturbed,Yes,,0,"A more difficult night for Albert. Full wash at the sink completed; slight redness noted to the sacrum, repositioning chart started. Fluid intake recorded at 1212 ml. Appetite described as fair. Appeared low; needed reassurance on several occasions.",Monitor fluid intake and report any further decline to the senior on duty.,Fluids encouraged; senior carer made aware.,Monitor intake and mood.,0,approved,,,2026-10-08 07:34:04
1499,RES005,2026-07-22,Night,K. Adeyemi,Care Worker,Daily,Strip wash in bedroom,Low,Fair,1385,,Yes,,Yes,Bingo in the lounge,Bingo in the lounge — brief participation.,Disturbed,No,,0,"Albert needed more prompting than usual this night. Strip wash in bedroom completed; slight redness noted to the sacrum, repositioning chart started. Fluids 1385 ml over the night, fair appetite at meals. Mood fluctuated and was largely low. Did not settle to bingo in the lounge.",Monitor fluid intake and report any further decline to the senior on duty.,Fluids encouraged; senior carer made aware.,Monitor intake and mood.,0,approved,,,2026-10-08 07:34:04
1500,RES005,2026-07-25,Night,A. Whitfield,Care Worker,Daily,Assisted shower,Low,Fair,1316,,Yes,,Yes,Music session,Music session — brief participation.,Disturbed,Yes,,0,Albert needed more prompting than usual this night. Assisted shower completed but Albert was reluctant and needed encouragement. Fluid intake recorded at 1316 ml. Appetite described as fair. Mood fluctuated and was largely low. Did not settle to music session.,Monitor fluid intake and report any further decline to the senior on duty.,Fluids encouraged; senior carer made aware.,Monitor intake and mood.,0,approved,,,2026-10-08 07:34:04
1501,RES005,2026-07-26,Night,T. Nguyen,Care Worker,Daily,Bed bath,Low,Fair,1180,,Yes,,Yes,Armchair exercises,Armchair exercises — brief participation.,Disturbed,No,,0,Albert has been less settled this night. Bed bath completed but Albert was reluctant and needed encouragement. 1180 ml of fluid encouraged across the shift; appetite fair. Mood fluctuated and was largely low. Did not settle to armchair exercises.,Monitor fluid intake and report any further decline to the senior on duty.,Fluids encouraged; senior carer made aware.,Monitor intake and mood.,0,approved,,,2026-10-08 07:34:04
1502,RES005,2026-07-27,Morning,A. Whitfield,Care Worker,Daily,Bed bath,Low,Fair,1241,,Yes,,Yes,Newspaper reading,Newspaper reading — brief participation.,Disturbed,No,,0,Albert has been less settled this morning. Bed bath completed but Albert was reluctant and needed encouragement. 1241 ml of fluid encouraged across the shift; appetite fair. Mood low at times; declined newspaper reading and preferred to stay in his room.,Fluids to be encouraged on the next shift; keep under observation.,Fluids encouraged; senior carer made aware.,Monitor intake and mood.,0,approved,,,2026-10-08 07:34:04
1503,RES005,2026-07-29,Night,L. Ahmed,Care Worker,Daily,Assisted shower,Low,Fair,1507,,Yes,,Yes,Garden walk with staff,Garden walk with staff — brief participation.,Disturbed,No,,0,Albert has been less settled this night. Assisted shower completed but Albert was reluctant and needed encouragement. 1507 ml of fluid encouraged across the shift; appetite fair. Mood fluctuated and was largely low. Did not settle to garden walk with staff.,Monitor fluid intake and report any further decline to the senior on duty.,Fluids encouraged; senior carer made aware.,Monitor intake and mood.,0,approved,,,2026-10-08 07:34:04
1504,RES005,2026-07-30,Morning,J. Okafor,Care Worker,Daily,Strip wash in bedroom,Low,Fair,1224,,Yes,,Yes,Visiting singer,Visiting singer — brief participation.,Disturbed,Yes,,0,Albert has been less settled this morning. Strip wash in bedroom completed but Albert was reluctant and needed encouragement. Took 1224 ml of fluids; ate fair at lunch and tea. Appeared low; needed reassurance on several occasions.,Fluids to be encouraged on the next shift; keep under observation.,Fluids encouraged; senior carer made aware.,Monitor intake and mood.,0,approved,,,2026-10-08 07:34:04
1505,RES005,2026-07-31,Night,T. Nguyen,Care Worker,Daily,Full assistance with washing and dressing,Low,Fair,1431,,Yes,,Yes,Reminiscence group,Reminiscence group — brief participation.,Disturbed,No,,0,"Staff noted a change in Albert over the night. Full assistance with washing and dressing completed but Albert was reluctant and needed encouragement. Fluids 1431 ml over the night, fair appetite at meals. Mood low at times; declined reminiscence group and preferred to stay in his room.",Please continue to observe closely; senior carer informed.,Fluids encouraged; senior carer made aware.,Monitor intake and mood.,0,approved,,,2026-10-08 07:34:04
1506,RES005,2026-08-01,Night,C. Fernandes,Care Worker,Daily,Strip wash in bedroom,Low,Fair,1350,,Yes,,Yes,Newspaper reading,Newspaper reading — brief participation.,Disturbed,No,,0,"Staff noted a change in Albert over the night. Strip wash in bedroom completed; slight redness noted to the sacrum, repositioning chart started. Fluids 1350 ml over the night, fair appetite at meals. Mood fluctuated and was largely low. Did not settle to newspaper reading.",Please continue to observe closely; senior carer informed.,Fluids encouraged; senior carer made aware.,Monitor intake and mood.,0,approved,,,2026-10-08 07:34:04
1507,RES005,2026-08-02,Afternoon,M. Nowak,Care Worker,Daily,Supported wash with encouragement,Low,Fair,1242,,Yes,,Yes,One-to-one chat,One-to-one chat — brief participation.,Disturbed,No,,0,"Albert needed more prompting than usual this afternoon. Supported wash with encouragement completed; slight redness noted to the sacrum, repositioning chart started. Fluids 1242 ml over the afternoon, fair appetite at meals. Mood low at times; declined one-to-one chat and preferred to stay in his room.",Monitor fluid intake and report any further decline to the senior on duty.,Fluids encouraged; senior carer made aware.,Monitor intake and mood.,0,approved,,,2026-10-08 07:34:04
1508,RES005,2026-08-03,Night,R. Kowalski,Care Worker,Daily,Strip wash in bedroom,Low,Fair,1272,,Yes,,Yes,Reminiscence group,Reminiscence group — brief participation.,Disturbed,Yes,,0,A more difficult night for Albert. Strip wash in bedroom with two staff as Albert was unsteady on transfer. 1272 ml of fluid encouraged across the shift; appetite fair. Mood fluctuated and was largely low. Did not settle to reminiscence group.,Please continue to observe closely; senior carer informed.,Fluids encouraged; senior carer made aware.,Monitor intake and mood.,0,approved,,,2026-10-08 07:34:04
1509,RES005,2026-08-04,Morning,D. Osei,Care Worker,Daily,Full assistance with washing and dressing,Low,Fair,1341,,Yes,,Yes,Reminiscence group,Reminiscence group — brief participation.,Disturbed,No,,0,Albert has been less settled this morning. Full assistance with washing and dressing completed but Albert was reluctant and needed encouragement. 1341 ml of fluid encouraged across the shift; appetite fair. Mood low at times; declined reminiscence group and preferred to stay in his room.,Please continue to observe closely; senior carer informed.,Fluids encouraged; senior carer made aware.,Monitor intake and mood.,0,approved,,,2026-10-08 07:34:04
1510,RES005,2026-08-05,Night,J. Okafor,Care Worker,Daily,Assisted shower,Low,Fair,1295,,Yes,,Yes,Newspaper reading,Newspaper reading — brief participation.,Disturbed,No,,0,"A more difficult night for Albert. Assisted shower completed; slight redness noted to the sacrum, repositioning chart started. 1295 ml of fluid encouraged across the shift; appetite fair. Mood fluctuated and was largely low. Did not settle to newspaper reading.",Fluids to be encouraged on the next shift; keep under observation.,Fluids encouraged; senior carer made aware.,Monitor intake and mood.,0,approved,,,2026-10-08 07:34:04
1511,RES005,2026-08-06,Night,A. Whitfield,Care Worker,Daily,Full assistance with washing and dressing,Low,Fair,1085,,Yes,,Yes,Reminiscence group,Reminiscence group — brief participation.,Disturbed,No,,0,Albert needed more prompting than usual this night. Full assistance with washing and dressing completed but Albert was reluctant and needed encouragement. Took 1085 ml of fluids; ate fair at lunch and tea. Appeared low; needed reassurance on several occasions.,Monitor fluid intake and report any further decline to the senior on duty.,Fluids encouraged; senior carer made aware.,Monitor intake and mood.,0,approved,,,2026-10-08 07:34:04
1512,RES005,2026-08-07,Morning,C. Fernandes,Care Worker,Daily,Assisted shower,Low,Fair,1309,,Yes,,Yes,Reminiscence group,Reminiscence group — brief participation.,Disturbed,No,,0,Albert needed more prompting than usual this morning. Assisted shower with two staff as Albert was unsteady on transfer. Took 1309 ml of fluids; ate fair at lunch and tea. Appeared low; needed reassurance on several occasions.,Monitor fluid intake and report any further decline to the senior on duty.,Fluids encouraged; senior carer made aware.,Monitor intake and mood.,0,approved,,,2026-10-08 07:34:04
1513,RES005,2026-08-09,Afternoon,S. Patel,Care Worker,Daily,Assisted shower,Low,Fair,1439,,Yes,,Yes,Visiting singer,Visiting singer — brief participation.,Disturbed,No,,0,Albert has been less settled this afternoon. Assisted shower with two staff as Albert was unsteady on transfer. Fluid intake recorded at 1439 ml. Appetite described as fair. Mood low at times; declined visiting singer and preferred to stay in his room.,Monitor fluid intake and report any further decline to the senior on duty.,Fluids encouraged; senior carer made aware.,Monitor intake and mood.,0,approved,,,2026-10-08 07:34:04
1514,RES005,2026-08-11,Night,A. Whitfield,Care Worker,Daily,Full wash at the sink,Low,Fair,1198,,Yes,,Yes,Craft table,Craft table — brief participation.,Disturbed,No,,0,"Albert has been less settled this night. Full wash at the sink completed; slight redness noted to the sacrum, repositioning chart started. 1198 ml of fluid encouraged across the shift; appetite fair. Mood fluctuated and was largely low. Did not settle to craft table.",Monitor fluid intake and report any further decline to the senior on duty.,Fluids encouraged; senior carer made aware.,Monitor intake and mood.,0,approved,,,2026-10-08 07:34:04
1515,RES005,2026-08-12,Afternoon,R. Kowalski,Care Worker,Daily,Full assistance with washing and dressing,Low,Fair,1425,,Yes,,Yes,Hand massage,Hand massage — brief participation.,Disturbed,No,,0,"Albert needed more prompting than usual this afternoon. Full assistance with washing and dressing with two staff as Albert was unsteady on transfer. Fluids 1425 ml over the afternoon, fair appetite at meals. Appeared low; needed reassurance on several occasions.",Please continue to observe closely; senior carer informed.,Fluids encouraged; senior carer made aware.,Monitor intake and mood.,0,approved,,,2026-10-08 07:34:04
1516,RES005,2026-08-13,Morning,S. Patel,Care Worker,Daily,Full wash at the sink,Low,Fair,1303,,Yes,,Yes,Newspaper reading,Newspaper reading — brief participation.,Disturbed,No,,0,"Albert has been less settled this morning. Full wash at the sink completed; slight redness noted to the sacrum, repositioning chart started. Fluids 1303 ml over the morning, fair appetite at meals. Mood fluctuated and was largely low. Did not settle to newspaper reading.",Monitor fluid intake and report any further decline to the senior on duty.,Fluids encouraged; senior carer made aware.,Monitor intake and mood.,0,approved,,,2026-10-08 07:34:04
1517,RES005,2026-08-14,Night,S. Patel,Care Worker,Daily,Supported wash with encouragement,Low,Fair,1291,,Yes,,Yes,Reminiscence group,Reminiscence group — brief participation.,Disturbed,No,,0,Albert has been less settled this night. Supported wash with encouragement completed but Albert was reluctant and needed encouragement. 1291 ml of fluid encouraged across the shift; appetite fair. Mood low at times; declined reminiscence group and preferred to stay in his room.,Fluids to be encouraged on the next shift; keep under observation.,Fluids encouraged; senior carer made aware.,Monitor intake and mood.,0,approved,,,2026-10-08 07:34:04
1518,RES005,2026-08-15,Night,D. Osei,Care Worker,Daily,Strip wash in bedroom,Low,Fair,1408,,Yes,,Yes,Craft table,Craft table — brief participation.,Disturbed,No,,0,Staff noted a change in Albert over the night. Strip wash in bedroom completed but Albert was reluctant and needed encouragement. Took 1408 ml of fluids; ate fair at lunch and tea. Mood low at times; declined craft table and preferred to stay in his room.,Monitor fluid intake and report any further decline to the senior on duty.,Fluids encouraged; senior carer made aware.,Monitor intake and mood.,0,approved,,,2026-10-08 07:34:04
1519,RES005,2026-08-16,Night,M. Nowak,Care Worker,Daily,Assisted shower,Low,Fair,1272,,Yes,,Yes,Newspaper reading,Newspaper reading — brief participation.,Disturbed,Yes,,0,Staff noted a change in Albert over the night. Assisted shower completed but Albert was reluctant and needed encouragement. Fluid intake recorded at 1272 ml. Appetite described as fair. Appeared low; needed reassurance on several occasions.,Please continue to observe closely; senior carer informed.,Fluids encouraged; senior carer made aware.,Monitor intake and mood.,0,approved,,,2026-10-08 07:34:04
1520,RES005,2026-08-17,Night,J. Okafor,Care Worker,Daily,Assisted shower,Low,Fair,1364,,Yes,,Yes,Newspaper reading,Newspaper reading — brief participation.,Disturbed,No,,0,"Albert has been less settled this night. Assisted shower completed; slight redness noted to the sacrum, repositioning chart started. Fluids 1364 ml over the night, fair appetite at meals. Mood fluctuated and was largely low. Did not settle to newspaper reading.",Monitor fluid intake and report any further decline to the senior on duty.,Fluids encouraged; senior carer made aware.,Monitor intake and mood.,0,approved,,,2026-10-08 07:34:04
1521,RES005,2026-08-19,Morning,J. Okafor,Care Worker,Daily,Supported wash with encouragement,Low,Fair,1360,,Yes,,Yes,Garden walk with staff,Garden walk with staff — brief participation.,Disturbed,No,,0,Staff noted a change in Albert over the morning. Supported wash with encouragement completed but Albert was reluctant and needed encouragement. Took 1360 ml of fluids; ate fair at lunch and tea. Appeared low; needed reassurance on several occasions.,Please continue to observe closely; senior carer informed.,Fluids encouraged; senior carer made aware.,Monitor intake and mood.,0,approved,,,2026-10-08 07:34:04
1522,RES005,2026-08-20,Morning,J. Okafor,Care Worker,Daily,Supported wash with encouragement,Low,Fair,1268,,Yes,,Yes,Rested in room,Rested in room — brief participation.,Disturbed,Yes,,0,Albert has been less settled this morning. Supported wash with encouragement with two staff as Albert was unsteady on transfer. 1268 ml of fluid encouraged across the shift; appetite fair. Mood low at times; declined rested in room and preferred to stay in his room.,Monitor fluid intake and report any further decline to the senior on duty.,Fluids encouraged; senior carer made aware.,Monitor intake and mood.,0,approved,,,2026-10-08 07:34:04
