id,date,shift_ending,shift_starting,compiled_by,resident_id,overall_summary,care_completed,concerns_next_shift,outstanding_tasks,medication_notes,fluid_target_met,incidents_this_shift,incident_reference,family_contact,family_contact_notes,escalation_required,escalation_details,ai_generated,status,created
1,2025-08-21,Morning,Afternoon,L. Ahmed,RES001,"Settled shift, no concerns.","Personal care, meals and medication completed as planned.",None.,Nil.,,Yes,0,,,,No,,0,approved,2026-10-08 09:08:57
2,2025-08-24,Morning,Afternoon,S. Patel,RES001,Increased support required; monitor closely.,"Personal care, meals and medication completed as planned.",Watch fluid intake and mood.,Fluid chart to be totalled.,,Yes,0,,,,No,,0,approved,2026-10-08 09:08:57
3,2025-08-27,Morning,Afternoon,T. Nguyen,RES001,Increased support required; monitor closely.,"Personal care, meals and medication completed as planned.",Watch fluid intake and mood.,Fluid chart to be totalled.,,Yes,0,,,,No,,0,approved,2026-10-08 09:08:57
4,2025-08-30,Morning,Afternoon,B. Mensah,RES001,"Settled shift, no concerns.","Personal care, meals and medication completed as planned.",None.,Nil.,,Yes,0,,,,No,,0,approved,2026-10-08 09:08:57
5,2025-09-02,Morning,Afternoon,P. Sharma,RES001,"Settled shift, no concerns.","Personal care, meals and medication completed as planned.",None.,Nil.,,Yes,0,,,,No,,0,approved,2026-10-08 09:08:57
6,2025-09-05,Morning,Afternoon,B. Mensah,RES001,"Settled shift, no concerns.","Personal care, meals and medication completed as planned.",None.,Nil.,,Yes,0,,,,No,,0,approved,2026-10-08 09:08:57
7,2025-09-08,Morning,Afternoon,C. Fernandes,RES001,Increased support required; monitor closely.,"Personal care, meals and medication completed as planned.",Watch fluid intake and mood.,Fluid chart to be totalled.,,Yes,0,,,,No,,0,approved,2026-10-08 09:08:57
8,2025-09-11,Morning,Afternoon,R. Kowalski,RES001,Increased support required; monitor closely.,"Personal care, meals and medication completed as planned.",Watch fluid intake and mood.,Fluid chart to be totalled.,,Yes,0,,,,No,,0,approved,2026-10-08 09:08:57
9,2025-09-14,Morning,Afternoon,A. Whitfield,RES001,Increased support required; monitor closely.,"Personal care, meals and medication completed as planned.",Watch fluid intake and mood.,Fluid chart to be totalled.,,Yes,0,,,,No,,0,approved,2026-10-08 09:08:57
10,2025-09-17,Morning,Afternoon,D. Osei,RES001,Increased support required; monitor closely.,"Personal care, meals and medication completed as planned.",Watch fluid intake and mood.,Fluid chart to be totalled.,,Yes,0,,,,No,,0,approved,2026-10-08 09:08:57
11,2025-09-20,Morning,Afternoon,K. Adeyemi,RES001,Increased support required; monitor closely.,"Personal care, meals and medication completed as planned.",Watch fluid intake and mood.,Fluid chart to be totalled.,,Yes,0,,,,No,,0,approved,2026-10-08 09:08:57
12,2025-09-23,Morning,Afternoon,B. Mensah,RES001,Increased support required; monitor closely.,"Personal care, meals and medication completed as planned.",Watch fluid intake and mood.,Fluid chart to be totalled.,,Yes,0,,,,No,,0,approved,2026-10-08 09:08:57
13,2025-09-26,Morning,Afternoon,B. Mensah,RES001,Increased support required; monitor closely.,"Personal care, meals and medication completed as planned.",Watch fluid intake and mood.,Fluid chart to be totalled.,,Yes,0,,,,No,,0,approved,2026-10-08 09:08:57
14,2025-09-29,Morning,Afternoon,M. Nowak,RES001,Increased support required; monitor closely.,"Personal care, meals and medication completed as planned.",Watch fluid intake and mood.,Fluid chart to be totalled.,,Yes,0,,,,No,,0,approved,2026-10-08 09:08:57
15,2025-10-02,Morning,Afternoon,R. Kowalski,RES001,"Settled shift, no concerns.","Personal care, meals and medication completed as planned.",None.,Nil.,,Yes,0,,,,No,,0,approved,2026-10-08 09:08:57
16,2025-10-05,Morning,Afternoon,C. Fernandes,RES001,"Settled shift, no concerns.","Personal care, meals and medication completed as planned.",None.,Nil.,,Yes,0,,,,No,,0,approved,2026-10-08 09:08:57
17,2025-10-08,Morning,Afternoon,S. Patel,RES001,"Settled shift, no concerns.","Personal care, meals and medication completed as planned.",None.,Nil.,,Yes,0,,,,No,,0,approved,2026-10-08 09:08:57
18,2025-10-11,Morning,Afternoon,P. Sharma,RES001,Increased support required; monitor closely.,"Personal care, meals and medication completed as planned.",Watch fluid intake and mood.,Fluid chart to be totalled.,,Yes,0,,,,No,,0,approved,2026-10-08 09:08:57
19,2025-10-14,Morning,Afternoon,A. Whitfield,RES001,Increased support required; monitor closely.,"Personal care, meals and medication completed as planned.",Watch fluid intake and mood.,Fluid chart to be totalled.,,Yes,0,,,,No,,0,approved,2026-10-08 09:08:57
20,2025-10-17,Morning,Afternoon,D. Osei,RES001,Increased support required; monitor closely.,"Personal care, meals and medication completed as planned.",Watch fluid intake and mood.,Fluid chart to be totalled.,,Yes,0,,,,No,,0,approved,2026-10-08 09:08:57
21,2025-10-20,Morning,Afternoon,M. Nowak,RES001,"Settled shift, no concerns.","Personal care, meals and medication completed as planned.",None.,Nil.,,Yes,0,,,,No,,0,approved,2026-10-08 09:08:57
22,2025-10-23,Morning,Afternoon,P. Sharma,RES001,"Settled shift, no concerns.","Personal care, meals and medication completed as planned.",None.,Nil.,,Yes,0,,,,No,,0,approved,2026-10-08 09:08:57
23,2025-10-26,Morning,Afternoon,J. Okafor,RES001,"Settled shift, no concerns.","Personal care, meals and medication completed as planned.",None.,Nil.,,Yes,0,,,,No,,0,approved,2026-10-08 09:08:57
24,2025-10-29,Morning,Afternoon,M. Nowak,RES001,Increased support required; monitor closely.,"Personal care, meals and medication completed as planned.",Watch fluid intake and mood.,Fluid chart to be totalled.,,Yes,0,,,,No,,0,approved,2026-10-08 09:08:57
25,2025-11-01,Morning,Afternoon,L. Ahmed,RES001,"Settled shift, no concerns.","Personal care, meals and medication completed as planned.",None.,Nil.,,Yes,0,,,,No,,0,approved,2026-10-08 09:08:57
26,2025-11-04,Morning,Afternoon,A. Whitfield,RES001,Increased support required; monitor closely.,"Personal care, meals and medication completed as planned.",Watch fluid intake and mood.,Fluid chart to be totalled.,,Yes,0,,,,No,,0,approved,2026-10-08 09:08:57
27,2025-11-07,Morning,Afternoon,M. Nowak,RES001,Increased support required; monitor closely.,"Personal care, meals and medication completed as planned.",Watch fluid intake and mood.,Fluid chart to be totalled.,,Yes,0,,,,No,,0,approved,2026-10-08 09:08:57
28,2025-11-10,Morning,Afternoon,R. Kowalski,RES001,Increased support required; monitor closely.,"Personal care, meals and medication completed as planned.",Watch fluid intake and mood.,Fluid chart to be totalled.,,Yes,0,,,,No,,0,approved,2026-10-08 09:08:57
29,2025-11-13,Morning,Afternoon,K. Adeyemi,RES001,Increased support required; monitor closely.,"Personal care, meals and medication completed as planned.",Watch fluid intake and mood.,Fluid chart to be totalled.,,Yes,0,,,,No,,0,approved,2026-10-08 09:08:57
30,2025-11-16,Morning,Afternoon,T. Nguyen,RES001,"Settled shift, no concerns.","Personal care, meals and medication completed as planned.",None.,Nil.,,Yes,0,,,,No,,0,approved,2026-10-08 09:08:57
31,2025-11-19,Morning,Afternoon,B. Mensah,RES001,Increased support required; monitor closely.,"Personal care, meals and medication completed as planned.",Watch fluid intake and mood.,Fluid chart to be totalled.,,Yes,0,,,,No,,0,approved,2026-10-08 09:08:57
32,2025-11-22,Morning,Afternoon,C. Fernandes,RES001,Increased support required; monitor closely.,"Personal care, meals and medication completed as planned.",Watch fluid intake and mood.,Fluid chart to be totalled.,,Yes,0,,,,No,,0,approved,2026-10-08 09:08:57
33,2025-11-25,Morning,Afternoon,K. Adeyemi,RES001,Increased support required; monitor closely.,"Personal care, meals and medication completed as planned.",Watch fluid intake and mood.,Fluid chart to be totalled.,,Yes,0,,,,No,,0,approved,2026-10-08 09:08:57
34,2025-11-28,Morning,Afternoon,M. Nowak,RES001,Increased support required; monitor closely.,"Personal care, meals and medication completed as planned.",Watch fluid intake and mood.,Fluid chart to be totalled.,,Yes,0,,,,No,,0,approved,2026-10-08 09:08:57
35,2025-12-01,Morning,Afternoon,P. Sharma,RES001,Increased support required; monitor closely.,"Personal care, meals and medication completed as planned.",Watch fluid intake and mood.,Fluid chart to be totalled.,,Yes,0,,,,No,,0,approved,2026-10-08 09:08:57
36,2025-12-04,Morning,Afternoon,P. Sharma,RES001,Increased support required; monitor closely.,"Personal care, meals and medication completed as planned.",Watch fluid intake and mood.,Fluid chart to be totalled.,,Yes,0,,,,No,,0,approved,2026-10-08 09:08:57
37,2025-12-07,Morning,Afternoon,S. Patel,RES001,"Settled shift, no concerns.","Personal care, meals and medication completed as planned.",None.,Nil.,,Yes,0,,,,No,,0,approved,2026-10-08 09:08:57
38,2025-12-10,Morning,Afternoon,S. Patel,RES001,"Settled shift, no concerns.","Personal care, meals and medication completed as planned.",None.,Nil.,,Yes,0,,,,No,,0,approved,2026-10-08 09:08:57
39,2025-12-13,Morning,Afternoon,R. Kowalski,RES001,"Settled shift, no concerns.","Personal care, meals and medication completed as planned.",None.,Nil.,,Yes,0,,,,No,,0,approved,2026-10-08 09:08:57
40,2025-12-16,Morning,Afternoon,B. Mensah,RES001,"Settled shift, no concerns.","Personal care, meals and medication completed as planned.",None.,Nil.,,Yes,0,,,,No,,0,approved,2026-10-08 09:08:57
41,2025-12-19,Morning,Afternoon,S. Patel,RES001,"Settled shift, no concerns.","Personal care, meals and medication completed as planned.",None.,Nil.,,Yes,0,,,,No,,0,approved,2026-10-08 09:08:57
42,2025-12-22,Morning,Afternoon,J. Okafor,RES001,"Settled shift, no concerns.","Personal care, meals and medication completed as planned.",None.,Nil.,,Yes,0,,,,No,,0,approved,2026-10-08 09:08:57
43,2025-12-25,Morning,Afternoon,K. Adeyemi,RES001,Increased support required; monitor closely.,"Personal care, meals and medication completed as planned.",Watch fluid intake and mood.,Fluid chart to be totalled.,,Yes,0,,,,No,,0,approved,2026-10-08 09:08:57
44,2025-12-28,Morning,Afternoon,C. Fernandes,RES001,Increased support required; monitor closely.,"Personal care, meals and medication completed as planned.",Watch fluid intake and mood.,Fluid chart to be totalled.,,Yes,0,,,,No,,0,approved,2026-10-08 09:08:57
45,2025-12-31,Morning,Afternoon,R. Kowalski,RES001,Increased support required; monitor closely.,"Personal care, meals and medication completed as planned.",Watch fluid intake and mood.,Fluid chart to be totalled.,,Yes,0,,,,No,,0,approved,2026-10-08 09:08:57
46,2026-01-03,Morning,Afternoon,B. Mensah,RES001,Increased support required; monitor closely.,"Personal care, meals and medication completed as planned.",Watch fluid intake and mood.,Fluid chart to be totalled.,,Yes,0,,,,No,,0,approved,2026-10-08 09:08:57
47,2026-01-06,Morning,Afternoon,L. Ahmed,RES001,Increased support required; monitor closely.,"Personal care, meals and medication completed as planned.",Watch fluid intake and mood.,Fluid chart to be totalled.,,Yes,0,,,,No,,0,approved,2026-10-08 09:08:57
48,2026-01-09,Morning,Afternoon,B. Mensah,RES001,Increased support required; monitor closely.,"Personal care, meals and medication completed as planned.",Watch fluid intake and mood.,Fluid chart to be totalled.,,Yes,0,,,,No,,0,approved,2026-10-08 09:08:57
49,2026-01-12,Morning,Afternoon,L. Ahmed,RES001,Increased support required; monitor closely.,"Personal care, meals and medication completed as planned.",Watch fluid intake and mood.,Fluid chart to be totalled.,,Yes,0,,,,No,,0,approved,2026-10-08 09:08:57
50,2026-01-15,Morning,Afternoon,S. Patel,RES001,Increased support required; monitor closely.,"Personal care, meals and medication completed as planned.",Watch fluid intake and mood.,Fluid chart to be totalled.,,Yes,0,,,,No,,0,approved,2026-10-08 09:08:57
51,2026-01-18,Morning,Afternoon,M. Nowak,RES001,Increased support required; monitor closely.,"Personal care, meals and medication completed as planned.",Watch fluid intake and mood.,Fluid chart to be totalled.,,Yes,0,,,,No,,0,approved,2026-10-08 09:08:57
52,2026-01-21,Morning,Afternoon,B. Mensah,RES001,Increased support required; monitor closely.,"Personal care, meals and medication completed as planned.",Watch fluid intake and mood.,Fluid chart to be totalled.,,Yes,0,,,,No,,0,approved,2026-10-08 09:08:57
53,2026-01-24,Morning,Afternoon,J. Okafor,RES001,Increased support required; monitor closely.,"Personal care, meals and medication completed as planned.",Watch fluid intake and mood.,Fluid chart to be totalled.,,Yes,0,,,,No,,0,approved,2026-10-08 09:08:57
54,2026-01-27,Morning,Afternoon,C. Fernandes,RES001,Increased support required; monitor closely.,"Personal care, meals and medication completed as planned.",Watch fluid intake and mood.,Fluid chart to be totalled.,,Yes,0,,,,No,,0,approved,2026-10-08 09:08:57
55,2026-01-30,Morning,Afternoon,K. Adeyemi,RES001,Increased support required; monitor closely.,"Personal care, meals and medication completed as planned.",Watch fluid intake and mood.,Fluid chart to be totalled.,,Yes,0,,,,No,,0,approved,2026-10-08 09:08:57
56,2026-02-02,Morning,Afternoon,D. Osei,RES001,Increased support required; monitor closely.,"Personal care, meals and medication completed as planned.",Watch fluid intake and mood.,Fluid chart to be totalled.,,Yes,0,,,,No,,0,approved,2026-10-08 09:08:57
57,2026-02-05,Morning,Afternoon,A. Whitfield,RES001,Increased support required; monitor closely.,"Personal care, meals and medication completed as planned.",Watch fluid intake and mood.,Fluid chart to be totalled.,,Yes,0,,,,No,,0,approved,2026-10-08 09:08:57
58,2026-02-08,Morning,Afternoon,B. Mensah,RES001,Increased support required; monitor closely.,"Personal care, meals and medication completed as planned.",Watch fluid intake and mood.,Fluid chart to be totalled.,,Yes,0,,,,No,,0,approved,2026-10-08 09:08:57
59,2026-02-11,Morning,Afternoon,C. Fernandes,RES001,Increased support required; monitor closely.,"Personal care, meals and medication completed as planned.",Watch fluid intake and mood.,Fluid chart to be totalled.,,Yes,0,,,,No,,0,approved,2026-10-08 09:08:57
60,2026-02-14,Morning,Afternoon,B. Mensah,RES001,Increased support required; monitor closely.,"Personal care, meals and medication completed as planned.",Watch fluid intake and mood.,Fluid chart to be totalled.,,Yes,0,,,,No,,0,approved,2026-10-08 09:08:57
61,2026-02-17,Morning,Afternoon,C. Fernandes,RES001,Increased support required; monitor closely.,"Personal care, meals and medication completed as planned.",Watch fluid intake and mood.,Fluid chart to be totalled.,,Yes,0,,,,No,,0,approved,2026-10-08 09:08:57
62,2026-02-20,Morning,Afternoon,S. Patel,RES001,Increased support required; monitor closely.,"Personal care, meals and medication completed as planned.",Watch fluid intake and mood.,Fluid chart to be totalled.,,Yes,0,,,,No,,0,approved,2026-10-08 09:08:57
63,2026-02-23,Morning,Afternoon,T. Nguyen,RES001,Increased support required; monitor closely.,"Personal care, meals and medication completed as planned.",Watch fluid intake and mood.,Fluid chart to be totalled.,,Yes,0,,,,No,,0,approved,2026-10-08 09:08:57
64,2026-02-26,Morning,Afternoon,T. Nguyen,RES001,Increased support required; monitor closely.,"Personal care, meals and medication completed as planned.",Watch fluid intake and mood.,Fluid chart to be totalled.,,Yes,0,,,,No,,0,approved,2026-10-08 09:08:57
65,2026-03-01,Morning,Afternoon,R. Kowalski,RES001,Increased support required; monitor closely.,"Personal care, meals and medication completed as planned.",Watch fluid intake and mood.,Fluid chart to be totalled.,,Yes,0,,,,No,,0,approved,2026-10-08 09:08:57
66,2026-03-04,Morning,Afternoon,J. Okafor,RES001,Increased support required; monitor closely.,"Personal care, meals and medication completed as planned.",Watch fluid intake and mood.,Fluid chart to be totalled.,,Yes,0,,,,No,,0,approved,2026-10-08 09:08:57
67,2026-03-07,Morning,Afternoon,B. Mensah,RES001,Increased support required; monitor closely.,"Personal care, meals and medication completed as planned.",Watch fluid intake and mood.,Fluid chart to be totalled.,,No,0,,,,No,,0,approved,2026-10-08 09:08:57
68,2026-03-10,Morning,Afternoon,P. Sharma,RES001,Increased support required; monitor closely.,"Personal care, meals and medication completed as planned.",Watch fluid intake and mood.,Fluid chart to be totalled.,,Yes,0,,,,No,,0,approved,2026-10-08 09:08:57
69,2026-03-13,Morning,Afternoon,C. Fernandes,RES001,Increased support required; monitor closely.,"Personal care, meals and medication completed as planned.",Watch fluid intake and mood.,Fluid chart to be totalled.,,Yes,0,,,,No,,0,approved,2026-10-08 09:08:57
70,2026-03-16,Morning,Afternoon,A. Whitfield,RES001,Increased support required; monitor closely.,"Personal care, meals and medication completed as planned.",Watch fluid intake and mood.,Fluid chart to be totalled.,,Yes,0,,,,No,,0,approved,2026-10-08 09:08:57
71,2026-03-19,Morning,Afternoon,L. Ahmed,RES001,Increased support required; monitor closely.,"Personal care, meals and medication completed as planned.",Watch fluid intake and mood.,Fluid chart to be totalled.,,Yes,0,,,,No,,0,approved,2026-10-08 09:08:57
72,2026-03-22,Morning,Afternoon,T. Nguyen,RES001,Increased support required; monitor closely.,"Personal care, meals and medication completed as planned.",Watch fluid intake and mood.,Fluid chart to be totalled.,,No,0,,,,No,,0,approved,2026-10-08 09:08:57
73,2026-03-25,Morning,Afternoon,M. Nowak,RES001,Increased support required; monitor closely.,"Personal care, meals and medication completed as planned.",Watch fluid intake and mood.,Fluid chart to be totalled.,,No,0,,,,No,,0,approved,2026-10-08 09:08:57
74,2026-03-28,Morning,Afternoon,K. Adeyemi,RES001,Increased support required; monitor closely.,"Personal care, meals and medication completed as planned.",Watch fluid intake and mood.,Fluid chart to be totalled.,,No,0,,,,No,,0,approved,2026-10-08 09:08:57
75,2026-03-31,Morning,Afternoon,T. Nguyen,RES001,Increased support required; monitor closely.,"Personal care, meals and medication completed as planned.",Watch fluid intake and mood.,Fluid chart to be totalled.,,No,0,,,,No,,0,approved,2026-10-08 09:08:57
76,2026-04-03,Morning,Afternoon,K. Adeyemi,RES001,Increased support required; monitor closely.,"Personal care, meals and medication completed as planned.",Watch fluid intake and mood.,Fluid chart to be totalled.,,Yes,0,,,,No,,0,approved,2026-10-08 09:08:57
77,2026-04-06,Morning,Afternoon,T. Nguyen,RES001,Increased support required; monitor closely.,"Personal care, meals and medication completed as planned.",Watch fluid intake and mood.,Fluid chart to be totalled.,,Yes,0,,,,No,,0,approved,2026-10-08 09:08:57
78,2026-04-09,Morning,Afternoon,M. Nowak,RES001,Increased support required; monitor closely.,"Personal care, meals and medication completed as planned.",Watch fluid intake and mood.,Fluid chart to be totalled.,,No,0,,,,No,,0,approved,2026-10-08 09:08:57
79,2026-04-12,Morning,Afternoon,M. Nowak,RES001,Increased support required; monitor closely.,"Personal care, meals and medication completed as planned.",Watch fluid intake and mood.,Fluid chart to be totalled.,,No,0,,,,No,,0,approved,2026-10-08 09:08:57
80,2026-04-15,Morning,Afternoon,R. Kowalski,RES001,Increased support required; monitor closely.,"Personal care, meals and medication completed as planned.",Watch fluid intake and mood.,Fluid chart to be totalled.,,No,0,,,,No,,0,approved,2026-10-08 09:08:57
81,2026-04-18,Morning,Afternoon,P. Sharma,RES001,Increased support required; monitor closely.,"Personal care, meals and medication completed as planned.",Watch fluid intake and mood.,Fluid chart to be totalled.,,No,0,,,,No,,0,approved,2026-10-08 09:08:57
82,2026-04-21,Morning,Afternoon,L. Ahmed,RES001,Increased support required; monitor closely.,"Personal care, meals and medication completed as planned.",Watch fluid intake and mood.,Fluid chart to be totalled.,,No,0,,,,No,,0,approved,2026-10-08 09:08:57
83,2026-04-24,Morning,Afternoon,T. Nguyen,RES001,Increased support required; monitor closely.,"Personal care, meals and medication completed as planned.",Watch fluid intake and mood.,Fluid chart to be totalled.,,No,0,,,,No,,0,approved,2026-10-08 09:08:57
84,2026-04-27,Morning,Afternoon,C. Fernandes,RES001,Increased support required; monitor closely.,"Personal care, meals and medication completed as planned.",Watch fluid intake and mood.,Fluid chart to be totalled.,,No,0,,,,No,,0,approved,2026-10-08 09:08:57
85,2026-04-30,Morning,Afternoon,C. Fernandes,RES001,Increased support required; monitor closely.,"Personal care, meals and medication completed as planned.",Watch fluid intake and mood.,Fluid chart to be totalled.,,No,0,,,,No,,0,approved,2026-10-08 09:08:57
86,2026-05-03,Morning,Afternoon,P. Sharma,RES001,Increased support required; monitor closely.,"Personal care, meals and medication completed as planned.",Watch fluid intake and mood.,Fluid chart to be totalled.,,No,0,,,,No,,0,approved,2026-10-08 09:08:57
87,2026-05-06,Morning,Afternoon,C. Fernandes,RES001,Increased support required; monitor closely.,"Personal care, meals and medication completed as planned.",Watch fluid intake and mood.,Fluid chart to be totalled.,,No,0,,,,No,,0,approved,2026-10-08 09:08:57
88,2026-05-09,Morning,Afternoon,B. Mensah,RES001,Increased support required; monitor closely.,"Personal care, meals and medication completed as planned.",Watch fluid intake and mood.,Fluid chart to be totalled.,,No,0,,,,No,,0,approved,2026-10-08 09:08:57
89,2026-05-12,Morning,Afternoon,B. Mensah,RES001,Increased support required; monitor closely.,"Personal care, meals and medication completed as planned.",Watch fluid intake and mood.,Fluid chart to be totalled.,,No,0,,,,No,,0,approved,2026-10-08 09:08:57
90,2026-05-15,Morning,Afternoon,L. Ahmed,RES001,Increased support required; monitor closely.,"Personal care, meals and medication completed as planned.",Watch fluid intake and mood.,Fluid chart to be totalled.,,No,0,,,,No,,0,approved,2026-10-08 09:08:57
91,2026-05-18,Morning,Afternoon,L. Ahmed,RES001,Increased support required; monitor closely.,"Personal care, meals and medication completed as planned.",Watch fluid intake and mood.,Fluid chart to be totalled.,,No,0,,,,No,,0,approved,2026-10-08 09:08:57
92,2026-05-21,Morning,Afternoon,C. Fernandes,RES001,Increased support required; monitor closely.,"Personal care, meals and medication completed as planned.",Watch fluid intake and mood.,Fluid chart to be totalled.,,No,0,,,,No,,0,approved,2026-10-08 09:08:57
93,2026-05-24,Morning,Afternoon,B. Mensah,RES001,Increased support required; monitor closely.,"Personal care, meals and medication completed as planned.",Watch fluid intake and mood.,Fluid chart to be totalled.,,No,0,,,,No,,0,approved,2026-10-08 09:08:57
94,2026-05-27,Morning,Afternoon,A. Whitfield,RES001,Increased support required; monitor closely.,"Personal care, meals and medication completed as planned.",Watch fluid intake and mood.,Fluid chart to be totalled.,,No,0,,,,No,,0,approved,2026-10-08 09:08:57
95,2026-05-30,Morning,Afternoon,A. Whitfield,RES001,Increased support required; monitor closely.,"Personal care, meals and medication completed as planned.",Watch fluid intake and mood.,Fluid chart to be totalled.,,No,0,,,,No,,0,approved,2026-10-08 09:08:57
96,2026-06-02,Morning,Afternoon,L. Ahmed,RES001,Increased support required; monitor closely.,"Personal care, meals and medication completed as planned.",Watch fluid intake and mood.,Fluid chart to be totalled.,,No,0,,,,No,,0,approved,2026-10-08 09:08:57
97,2026-06-05,Morning,Afternoon,D. Osei,RES001,Increased support required; monitor closely.,"Personal care, meals and medication completed as planned.",Watch fluid intake and mood.,Fluid chart to be totalled.,,No,0,,,,No,,0,approved,2026-10-08 09:08:57
98,2026-06-08,Morning,Afternoon,D. Osei,RES001,Increased support required; monitor closely.,"Personal care, meals and medication completed as planned.",Watch fluid intake and mood.,Fluid chart to be totalled.,,No,0,,,,No,,0,approved,2026-10-08 09:08:57
99,2026-06-11,Morning,Afternoon,A. Whitfield,RES001,Increased support required; monitor closely.,"Personal care, meals and medication completed as planned.",Watch fluid intake and mood.,Fluid chart to be totalled.,,No,0,,,,No,,0,approved,2026-10-08 09:08:57
100,2026-06-14,Morning,Afternoon,S. Patel,RES001,Increased support required; monitor closely.,"Personal care, meals and medication completed as planned.",Watch fluid intake and mood.,Fluid chart to be totalled.,,No,0,,,,No,,0,approved,2026-10-08 09:08:57
101,2026-06-17,Morning,Afternoon,S. Patel,RES001,Increased support required; monitor closely.,"Personal care, meals and medication completed as planned.",Watch fluid intake and mood.,Fluid chart to be totalled.,,No,0,,,,No,,0,approved,2026-10-08 09:08:57
102,2026-06-20,Morning,Afternoon,R. Kowalski,RES001,Increased support required; monitor closely.,"Personal care, meals and medication completed as planned.",Watch fluid intake and mood.,Fluid chart to be totalled.,,No,0,,,,No,,0,approved,2026-10-08 09:08:57
103,2026-06-23,Morning,Afternoon,C. Fernandes,RES001,Increased support required; monitor closely.,"Personal care, meals and medication completed as planned.",Watch fluid intake and mood.,Fluid chart to be totalled.,,No,0,,,,No,,0,approved,2026-10-08 09:08:57
104,2026-06-26,Morning,Afternoon,L. Ahmed,RES001,Increased support required; monitor closely.,"Personal care, meals and medication completed as planned.",Watch fluid intake and mood.,Fluid chart to be totalled.,,No,0,,,,No,,0,approved,2026-10-08 09:08:57
105,2026-06-29,Morning,Afternoon,D. Osei,RES001,Increased support required; monitor closely.,"Personal care, meals and medication completed as planned.",Watch fluid intake and mood.,Fluid chart to be totalled.,,No,0,,,,No,,0,approved,2026-10-08 09:08:57
106,2026-07-02,Morning,Afternoon,J. Okafor,RES001,Increased support required; monitor closely.,"Personal care, meals and medication completed as planned.",Watch fluid intake and mood.,Fluid chart to be totalled.,,No,0,,,,No,,0,approved,2026-10-08 09:08:57
107,2026-07-05,Morning,Afternoon,A. Whitfield,RES001,Increased support required; monitor closely.,"Personal care, meals and medication completed as planned.",Watch fluid intake and mood.,Fluid chart to be totalled.,,No,0,,,,No,,0,approved,2026-10-08 09:08:57
108,2026-07-08,Morning,Afternoon,B. Mensah,RES001,Increased support required; monitor closely.,"Personal care, meals and medication completed as planned.",Watch fluid intake and mood.,Fluid chart to be totalled.,,No,0,,,,No,,0,approved,2026-10-08 09:08:57
109,2026-07-11,Morning,Afternoon,S. Patel,RES001,Increased support required; monitor closely.,"Personal care, meals and medication completed as planned.",Watch fluid intake and mood.,Fluid chart to be totalled.,,No,0,,,,No,,0,approved,2026-10-08 09:08:57
110,2026-07-14,Morning,Afternoon,T. Nguyen,RES001,Increased support required; monitor closely.,"Personal care, meals and medication completed as planned.",Watch fluid intake and mood.,Fluid chart to be totalled.,,No,0,,,,No,,0,approved,2026-10-08 09:08:57
111,2026-07-17,Morning,Afternoon,A. Whitfield,RES001,Increased support required; monitor closely.,"Personal care, meals and medication completed as planned.",Watch fluid intake and mood.,Fluid chart to be totalled.,,No,0,,,,No,,0,approved,2026-10-08 09:08:57
112,2026-07-20,Morning,Afternoon,B. Mensah,RES001,Increased support required; monitor closely.,"Personal care, meals and medication completed as planned.",Watch fluid intake and mood.,Fluid chart to be totalled.,,No,0,,,,No,,0,approved,2026-10-08 09:08:57
113,2026-07-23,Morning,Afternoon,K. Adeyemi,RES001,Increased support required; monitor closely.,"Personal care, meals and medication completed as planned.",Watch fluid intake and mood.,Fluid chart to be totalled.,,No,0,,,,No,,0,approved,2026-10-08 09:08:57
114,2026-07-26,Morning,Afternoon,B. Mensah,RES001,Increased support required; monitor closely.,"Personal care, meals and medication completed as planned.",Watch fluid intake and mood.,Fluid chart to be totalled.,,No,0,,,,No,,0,approved,2026-10-08 09:08:57
115,2026-07-29,Morning,Afternoon,S. Patel,RES001,Increased support required; monitor closely.,"Personal care, meals and medication completed as planned.",Watch fluid intake and mood.,Fluid chart to be totalled.,,No,0,,,,No,,0,approved,2026-10-08 09:08:57
116,2026-08-01,Morning,Afternoon,S. Patel,RES001,Increased support required; monitor closely.,"Personal care, meals and medication completed as planned.",Watch fluid intake and mood.,Fluid chart to be totalled.,,No,0,,,,No,,0,approved,2026-10-08 09:08:57
117,2026-08-04,Morning,Afternoon,T. Nguyen,RES001,Increased support required; monitor closely.,"Personal care, meals and medication completed as planned.",Watch fluid intake and mood.,Fluid chart to be totalled.,,No,0,,,,No,,0,approved,2026-10-08 09:08:57
118,2026-08-07,Morning,Afternoon,A. Whitfield,RES001,Increased support required; monitor closely.,"Personal care, meals and medication completed as planned.",Watch fluid intake and mood.,Fluid chart to be totalled.,,No,0,,,,No,,0,approved,2026-10-08 09:08:57
119,2026-08-10,Morning,Afternoon,S. Patel,RES001,Increased support required; monitor closely.,"Personal care, meals and medication completed as planned.",Watch fluid intake and mood.,Fluid chart to be totalled.,,No,0,,,,No,,0,approved,2026-10-08 09:08:57
120,2026-08-13,Morning,Afternoon,A. Whitfield,RES001,Increased support required; monitor closely.,"Personal care, meals and medication completed as planned.",Watch fluid intake and mood.,Fluid chart to be totalled.,,No,0,,,,No,,0,approved,2026-10-08 09:08:57
121,2026-08-16,Morning,Afternoon,C. Fernandes,RES001,Increased support required; monitor closely.,"Personal care, meals and medication completed as planned.",Watch fluid intake and mood.,Fluid chart to be totalled.,,Yes,0,,,,No,,0,approved,2026-10-08 09:08:57
122,2026-08-19,Morning,Afternoon,D. Osei,RES001,Increased support required; monitor closely.,"Personal care, meals and medication completed as planned.",Watch fluid intake and mood.,Fluid chart to be totalled.,,Yes,0,,,,No,,0,approved,2026-10-08 09:08:57
123,2025-08-21,Morning,Afternoon,J. Okafor,RES002,"Settled shift, no concerns.","Personal care, meals and medication completed as planned.",None.,Nil.,,Yes,0,,,,No,,0,approved,2026-10-08 09:08:57
124,2025-08-24,Morning,Afternoon,L. Ahmed,RES002,"Settled shift, no concerns.","Personal care, meals and medication completed as planned.",None.,Nil.,,Yes,0,,,,No,,0,approved,2026-10-08 09:08:57
125,2025-08-27,Morning,Afternoon,R. Kowalski,RES002,"Settled shift, no concerns.","Personal care, meals and medication completed as planned.",None.,Nil.,,Yes,0,,,,No,,0,approved,2026-10-08 09:08:57
126,2025-08-30,Morning,Afternoon,D. Osei,RES002,Increased support required; monitor closely.,"Personal care, meals and medication completed as planned.",Watch fluid intake and mood.,Fluid chart to be totalled.,,Yes,0,,,,No,,0,approved,2026-10-08 09:08:57
127,2025-09-02,Morning,Afternoon,D. Osei,RES002,Increased support required; monitor closely.,"Personal care, meals and medication completed as planned.",Watch fluid intake and mood.,Fluid chart to be totalled.,,Yes,0,,,,No,,0,approved,2026-10-08 09:08:57
128,2025-09-05,Morning,Afternoon,T. Nguyen,RES002,Increased support required; monitor closely.,"Personal care, meals and medication completed as planned.",Watch fluid intake and mood.,Fluid chart to be totalled.,,Yes,0,,,,No,,0,approved,2026-10-08 09:08:57
129,2025-09-08,Morning,Afternoon,A. Whitfield,RES002,Increased support required; monitor closely.,"Personal care, meals and medication completed as planned.",Watch fluid intake and mood.,Fluid chart to be totalled.,,Yes,0,,,,No,,0,approved,2026-10-08 09:08:57
130,2025-09-11,Morning,Afternoon,P. Sharma,RES002,Increased support required; monitor closely.,"Personal care, meals and medication completed as planned.",Watch fluid intake and mood.,Fluid chart to be totalled.,,Yes,0,,,,No,,0,approved,2026-10-08 09:08:57
131,2025-09-14,Morning,Afternoon,A. Whitfield,RES002,Increased support required; monitor closely.,"Personal care, meals and medication completed as planned.",Watch fluid intake and mood.,Fluid chart to be totalled.,,No,0,,,,No,,0,approved,2026-10-08 09:08:57
132,2025-09-17,Morning,Afternoon,T. Nguyen,RES002,Increased support required; monitor closely.,"Personal care, meals and medication completed as planned.",Watch fluid intake and mood.,Fluid chart to be totalled.,,No,0,,,,No,,0,approved,2026-10-08 09:08:57
133,2025-09-20,Morning,Afternoon,J. Okafor,RES002,Increased support required; monitor closely.,"Personal care, meals and medication completed as planned.",Watch fluid intake and mood.,Fluid chart to be totalled.,,No,0,,,,No,,0,approved,2026-10-08 09:08:57
134,2025-09-23,Morning,Afternoon,S. Patel,RES002,Increased support required; monitor closely.,"Personal care, meals and medication completed as planned.",Watch fluid intake and mood.,Fluid chart to be totalled.,,No,0,,,,No,,0,approved,2026-10-08 09:08:57
135,2025-09-26,Morning,Afternoon,S. Patel,RES002,Increased support required; monitor closely.,"Personal care, meals and medication completed as planned.",Watch fluid intake and mood.,Fluid chart to be totalled.,,No,0,,,,No,,0,approved,2026-10-08 09:08:57
136,2025-09-29,Morning,Afternoon,R. Kowalski,RES002,Increased support required; monitor closely.,"Personal care, meals and medication completed as planned.",Watch fluid intake and mood.,Fluid chart to be totalled.,,No,0,,,,No,,0,approved,2026-10-08 09:08:57
137,2025-10-02,Morning,Afternoon,P. Sharma,RES002,Increased support required; monitor closely.,"Personal care, meals and medication completed as planned.",Watch fluid intake and mood.,Fluid chart to be totalled.,,Yes,0,,,,No,,0,approved,2026-10-08 09:08:57
138,2025-10-05,Morning,Afternoon,B. Mensah,RES002,Increased support required; monitor closely.,"Personal care, meals and medication completed as planned.",Watch fluid intake and mood.,Fluid chart to be totalled.,,Yes,0,,,,No,,0,approved,2026-10-08 09:08:57
139,2025-10-08,Morning,Afternoon,B. Mensah,RES002,Increased support required; monitor closely.,"Personal care, meals and medication completed as planned.",Watch fluid intake and mood.,Fluid chart to be totalled.,,Yes,0,,,,No,,0,approved,2026-10-08 09:08:57
140,2025-10-11,Morning,Afternoon,J. Okafor,RES002,Increased support required; monitor closely.,"Personal care, meals and medication completed as planned.",Watch fluid intake and mood.,Fluid chart to be totalled.,,Yes,0,,,,No,,0,approved,2026-10-08 09:08:57
141,2025-10-14,Morning,Afternoon,T. Nguyen,RES002,Increased support required; monitor closely.,"Personal care, meals and medication completed as planned.",Watch fluid intake and mood.,Fluid chart to be totalled.,,Yes,0,,,,No,,0,approved,2026-10-08 09:08:57
142,2025-10-17,Morning,Afternoon,S. Patel,RES002,Increased support required; monitor closely.,"Personal care, meals and medication completed as planned.",Watch fluid intake and mood.,Fluid chart to be totalled.,,Yes,0,,,,No,,0,approved,2026-10-08 09:08:57
143,2025-10-20,Morning,Afternoon,A. Whitfield,RES002,"Settled shift, no concerns.","Personal care, meals and medication completed as planned.",None.,Nil.,,Yes,0,,,,No,,0,approved,2026-10-08 09:08:57
144,2025-10-23,Morning,Afternoon,K. Adeyemi,RES002,Increased support required; monitor closely.,"Personal care, meals and medication completed as planned.",Watch fluid intake and mood.,Fluid chart to be totalled.,,Yes,0,,,,No,,0,approved,2026-10-08 09:08:57
145,2025-10-26,Morning,Afternoon,K. Adeyemi,RES002,"Settled shift, no concerns.","Personal care, meals and medication completed as planned.",None.,Nil.,,Yes,0,,,,No,,0,approved,2026-10-08 09:08:57
146,2025-10-29,Morning,Afternoon,J. Okafor,RES002,"Settled shift, no concerns.","Personal care, meals and medication completed as planned.",None.,Nil.,,Yes,0,,,,No,,0,approved,2026-10-08 09:08:57
147,2025-11-01,Morning,Afternoon,K. Adeyemi,RES002,"Settled shift, no concerns.","Personal care, meals and medication completed as planned.",None.,Nil.,,Yes,0,,,,No,,0,approved,2026-10-08 09:08:57
148,2025-11-04,Morning,Afternoon,D. Osei,RES002,"Settled shift, no concerns.","Personal care, meals and medication completed as planned.",None.,Nil.,,Yes,0,,,,No,,0,approved,2026-10-08 09:08:57
149,2025-11-07,Morning,Afternoon,D. Osei,RES002,"Settled shift, no concerns.","Personal care, meals and medication completed as planned.",None.,Nil.,,Yes,0,,,,No,,0,approved,2026-10-08 09:08:57
150,2025-11-10,Morning,Afternoon,B. Mensah,RES002,"Settled shift, no concerns.","Personal care, meals and medication completed as planned.",None.,Nil.,,Yes,0,,,,No,,0,approved,2026-10-08 09:08:57
151,2025-11-13,Morning,Afternoon,M. Nowak,RES002,"Settled shift, no concerns.","Personal care, meals and medication completed as planned.",None.,Nil.,,Yes,0,,,,No,,0,approved,2026-10-08 09:08:57
152,2025-11-16,Morning,Afternoon,D. Osei,RES002,"Settled shift, no concerns.","Personal care, meals and medication completed as planned.",None.,Nil.,,Yes,0,,,,No,,0,approved,2026-10-08 09:08:57
153,2025-11-19,Morning,Afternoon,T. Nguyen,RES002,Increased support required; monitor closely.,"Personal care, meals and medication completed as planned.",Watch fluid intake and mood.,Fluid chart to be totalled.,,Yes,0,,,,No,,0,approved,2026-10-08 09:08:57
154,2025-11-22,Morning,Afternoon,P. Sharma,RES002,Increased support required; monitor closely.,"Personal care, meals and medication completed as planned.",Watch fluid intake and mood.,Fluid chart to be totalled.,,Yes,0,,,,No,,0,approved,2026-10-08 09:08:57
155,2025-11-25,Morning,Afternoon,C. Fernandes,RES002,"Settled shift, no concerns.","Personal care, meals and medication completed as planned.",None.,Nil.,,Yes,0,,,,No,,0,approved,2026-10-08 09:08:57
156,2025-11-28,Morning,Afternoon,K. Adeyemi,RES002,"Settled shift, no concerns.","Personal care, meals and medication completed as planned.",None.,Nil.,,Yes,0,,,,No,,0,approved,2026-10-08 09:08:57
157,2025-12-01,Morning,Afternoon,S. Patel,RES002,Increased support required; monitor closely.,"Personal care, meals and medication completed as planned.",Watch fluid intake and mood.,Fluid chart to be totalled.,,Yes,0,,,,No,,0,approved,2026-10-08 09:08:57
158,2025-12-04,Morning,Afternoon,R. Kowalski,RES002,Increased support required; monitor closely.,"Personal care, meals and medication completed as planned.",Watch fluid intake and mood.,Fluid chart to be totalled.,,Yes,0,,,,No,,0,approved,2026-10-08 09:08:57
159,2025-12-07,Morning,Afternoon,T. Nguyen,RES002,Increased support required; monitor closely.,"Personal care, meals and medication completed as planned.",Watch fluid intake and mood.,Fluid chart to be totalled.,,Yes,0,,,,No,,0,approved,2026-10-08 09:08:57
160,2025-12-10,Morning,Afternoon,L. Ahmed,RES002,Increased support required; monitor closely.,"Personal care, meals and medication completed as planned.",Watch fluid intake and mood.,Fluid chart to be totalled.,,Yes,0,,,,No,,0,approved,2026-10-08 09:08:57
161,2025-12-13,Morning,Afternoon,S. Patel,RES002,"Settled shift, no concerns.","Personal care, meals and medication completed as planned.",None.,Nil.,,Yes,0,,,,No,,0,approved,2026-10-08 09:08:57
162,2025-12-16,Morning,Afternoon,M. Nowak,RES002,"Settled shift, no concerns.","Personal care, meals and medication completed as planned.",None.,Nil.,,Yes,0,,,,No,,0,approved,2026-10-08 09:08:57
163,2025-12-19,Morning,Afternoon,J. Okafor,RES002,Increased support required; monitor closely.,"Personal care, meals and medication completed as planned.",Watch fluid intake and mood.,Fluid chart to be totalled.,,Yes,0,,,,No,,0,approved,2026-10-08 09:08:57
164,2025-12-22,Morning,Afternoon,T. Nguyen,RES002,Increased support required; monitor closely.,"Personal care, meals and medication completed as planned.",Watch fluid intake and mood.,Fluid chart to be totalled.,,Yes,0,,,,No,,0,approved,2026-10-08 09:08:57
165,2025-12-25,Morning,Afternoon,M. Nowak,RES002,Increased support required; monitor closely.,"Personal care, meals and medication completed as planned.",Watch fluid intake and mood.,Fluid chart to be totalled.,,Yes,0,,,,No,,0,approved,2026-10-08 09:08:57
166,2025-12-28,Morning,Afternoon,T. Nguyen,RES002,Increased support required; monitor closely.,"Personal care, meals and medication completed as planned.",Watch fluid intake and mood.,Fluid chart to be totalled.,,Yes,0,,,,No,,0,approved,2026-10-08 09:08:57
167,2025-12-31,Morning,Afternoon,M. Nowak,RES002,Increased support required; monitor closely.,"Personal care, meals and medication completed as planned.",Watch fluid intake and mood.,Fluid chart to be totalled.,,Yes,0,,,,No,,0,approved,2026-10-08 09:08:57
168,2026-01-03,Morning,Afternoon,S. Patel,RES002,Increased support required; monitor closely.,"Personal care, meals and medication completed as planned.",Watch fluid intake and mood.,Fluid chart to be totalled.,,Yes,0,,,,No,,0,approved,2026-10-08 09:08:57
169,2026-01-06,Morning,Afternoon,R. Kowalski,RES002,Increased support required; monitor closely.,"Personal care, meals and medication completed as planned.",Watch fluid intake and mood.,Fluid chart to be totalled.,,Yes,0,,,,No,,0,approved,2026-10-08 09:08:57
170,2026-01-09,Morning,Afternoon,M. Nowak,RES002,Increased support required; monitor closely.,"Personal care, meals and medication completed as planned.",Watch fluid intake and mood.,Fluid chart to be totalled.,,Yes,0,,,,No,,0,approved,2026-10-08 09:08:57
171,2026-01-12,Morning,Afternoon,K. Adeyemi,RES002,Increased support required; monitor closely.,"Personal care, meals and medication completed as planned.",Watch fluid intake and mood.,Fluid chart to be totalled.,,Yes,0,,,,No,,0,approved,2026-10-08 09:08:57
172,2026-01-15,Morning,Afternoon,A. Whitfield,RES002,Increased support required; monitor closely.,"Personal care, meals and medication completed as planned.",Watch fluid intake and mood.,Fluid chart to be totalled.,,Yes,0,,,,No,,0,approved,2026-10-08 09:08:57
173,2026-01-18,Morning,Afternoon,P. Sharma,RES002,Increased support required; monitor closely.,"Personal care, meals and medication completed as planned.",Watch fluid intake and mood.,Fluid chart to be totalled.,,Yes,0,,,,No,,0,approved,2026-10-08 09:08:57
174,2026-01-21,Morning,Afternoon,K. Adeyemi,RES002,Increased support required; monitor closely.,"Personal care, meals and medication completed as planned.",Watch fluid intake and mood.,Fluid chart to be totalled.,,Yes,0,,,,No,,0,approved,2026-10-08 09:08:57
175,2026-01-24,Morning,Afternoon,C. Fernandes,RES002,Increased support required; monitor closely.,"Personal care, meals and medication completed as planned.",Watch fluid intake and mood.,Fluid chart to be totalled.,,Yes,0,,,,No,,0,approved,2026-10-08 09:08:57
176,2026-01-27,Morning,Afternoon,C. Fernandes,RES002,Increased support required; monitor closely.,"Personal care, meals and medication completed as planned.",Watch fluid intake and mood.,Fluid chart to be totalled.,,Yes,0,,,,No,,0,approved,2026-10-08 09:08:57
177,2026-01-30,Morning,Afternoon,R. Kowalski,RES002,Increased support required; monitor closely.,"Personal care, meals and medication completed as planned.",Watch fluid intake and mood.,Fluid chart to be totalled.,,Yes,0,,,,No,,0,approved,2026-10-08 09:08:57
178,2026-02-02,Morning,Afternoon,D. Osei,RES002,Increased support required; monitor closely.,"Personal care, meals and medication completed as planned.",Watch fluid intake and mood.,Fluid chart to be totalled.,,Yes,0,,,,No,,0,approved,2026-10-08 09:08:57
179,2026-02-05,Morning,Afternoon,D. Osei,RES002,Increased support required; monitor closely.,"Personal care, meals and medication completed as planned.",Watch fluid intake and mood.,Fluid chart to be totalled.,,Yes,0,,,,No,,0,approved,2026-10-08 09:08:57
180,2026-02-08,Morning,Afternoon,B. Mensah,RES002,Increased support required; monitor closely.,"Personal care, meals and medication completed as planned.",Watch fluid intake and mood.,Fluid chart to be totalled.,,Yes,0,,,,No,,0,approved,2026-10-08 09:08:57
181,2026-02-11,Morning,Afternoon,D. Osei,RES002,Increased support required; monitor closely.,"Personal care, meals and medication completed as planned.",Watch fluid intake and mood.,Fluid chart to be totalled.,,Yes,0,,,,No,,0,approved,2026-10-08 09:08:57
182,2026-02-14,Morning,Afternoon,J. Okafor,RES002,Increased support required; monitor closely.,"Personal care, meals and medication completed as planned.",Watch fluid intake and mood.,Fluid chart to be totalled.,,Yes,0,,,,No,,0,approved,2026-10-08 09:08:57
183,2026-02-17,Morning,Afternoon,B. Mensah,RES002,Increased support required; monitor closely.,"Personal care, meals and medication completed as planned.",Watch fluid intake and mood.,Fluid chart to be totalled.,,Yes,0,,,,No,,0,approved,2026-10-08 09:08:57
184,2026-02-20,Morning,Afternoon,K. Adeyemi,RES002,Increased support required; monitor closely.,"Personal care, meals and medication completed as planned.",Watch fluid intake and mood.,Fluid chart to be totalled.,,Yes,0,,,,No,,0,approved,2026-10-08 09:08:57
185,2026-02-23,Morning,Afternoon,B. Mensah,RES002,Increased support required; monitor closely.,"Personal care, meals and medication completed as planned.",Watch fluid intake and mood.,Fluid chart to be totalled.,,Yes,0,,,,No,,0,approved,2026-10-08 09:08:57
186,2026-02-26,Morning,Afternoon,M. Nowak,RES002,Increased support required; monitor closely.,"Personal care, meals and medication completed as planned.",Watch fluid intake and mood.,Fluid chart to be totalled.,,Yes,0,,,,No,,0,approved,2026-10-08 09:08:57
187,2026-03-01,Morning,Afternoon,B. Mensah,RES002,Increased support required; monitor closely.,"Personal care, meals and medication completed as planned.",Watch fluid intake and mood.,Fluid chart to be totalled.,,Yes,0,,,,No,,0,approved,2026-10-08 09:08:57
188,2026-03-04,Morning,Afternoon,B. Mensah,RES002,Increased support required; monitor closely.,"Personal care, meals and medication completed as planned.",Watch fluid intake and mood.,Fluid chart to be totalled.,,Yes,0,,,,No,,0,approved,2026-10-08 09:08:57
189,2026-03-07,Morning,Afternoon,D. Osei,RES002,Increased support required; monitor closely.,"Personal care, meals and medication completed as planned.",Watch fluid intake and mood.,Fluid chart to be totalled.,,Yes,0,,,,No,,0,approved,2026-10-08 09:08:57
190,2026-03-10,Morning,Afternoon,M. Nowak,RES002,Increased support required; monitor closely.,"Personal care, meals and medication completed as planned.",Watch fluid intake and mood.,Fluid chart to be totalled.,,Yes,0,,,,No,,0,approved,2026-10-08 09:08:57
191,2026-03-13,Morning,Afternoon,C. Fernandes,RES002,Increased support required; monitor closely.,"Personal care, meals and medication completed as planned.",Watch fluid intake and mood.,Fluid chart to be totalled.,,Yes,0,,,,No,,0,approved,2026-10-08 09:08:57
192,2026-03-16,Morning,Afternoon,L. Ahmed,RES002,Increased support required; monitor closely.,"Personal care, meals and medication completed as planned.",Watch fluid intake and mood.,Fluid chart to be totalled.,,Yes,0,,,,No,,0,approved,2026-10-08 09:08:57
193,2026-03-19,Morning,Afternoon,A. Whitfield,RES002,Increased support required; monitor closely.,"Personal care, meals and medication completed as planned.",Watch fluid intake and mood.,Fluid chart to be totalled.,,Yes,0,,,,No,,0,approved,2026-10-08 09:08:57
194,2026-03-22,Morning,Afternoon,J. Okafor,RES002,Increased support required; monitor closely.,"Personal care, meals and medication completed as planned.",Watch fluid intake and mood.,Fluid chart to be totalled.,,Yes,0,,,,No,,0,approved,2026-10-08 09:08:57
195,2026-03-25,Morning,Afternoon,C. Fernandes,RES002,Increased support required; monitor closely.,"Personal care, meals and medication completed as planned.",Watch fluid intake and mood.,Fluid chart to be totalled.,,Yes,0,,,,No,,0,approved,2026-10-08 09:08:57
196,2026-03-28,Morning,Afternoon,A. Whitfield,RES002,Increased support required; monitor closely.,"Personal care, meals and medication completed as planned.",Watch fluid intake and mood.,Fluid chart to be totalled.,,Yes,0,,,,No,,0,approved,2026-10-08 09:08:57
197,2026-03-31,Morning,Afternoon,D. Osei,RES002,Increased support required; monitor closely.,"Personal care, meals and medication completed as planned.",Watch fluid intake and mood.,Fluid chart to be totalled.,,Yes,0,,,,No,,0,approved,2026-10-08 09:08:57
198,2026-04-03,Morning,Afternoon,K. Adeyemi,RES002,Increased support required; monitor closely.,"Personal care, meals and medication completed as planned.",Watch fluid intake and mood.,Fluid chart to be totalled.,,Yes,0,,,,No,,0,approved,2026-10-08 09:08:57
199,2026-04-06,Morning,Afternoon,D. Osei,RES002,Increased support required; monitor closely.,"Personal care, meals and medication completed as planned.",Watch fluid intake and mood.,Fluid chart to be totalled.,,Yes,0,,,,No,,0,approved,2026-10-08 09:08:57
200,2026-04-09,Morning,Afternoon,C. Fernandes,RES002,Increased support required; monitor closely.,"Personal care, meals and medication completed as planned.",Watch fluid intake and mood.,Fluid chart to be totalled.,,Yes,0,,,,No,,0,approved,2026-10-08 09:08:57
201,2026-04-12,Morning,Afternoon,R. Kowalski,RES002,Increased support required; monitor closely.,"Personal care, meals and medication completed as planned.",Watch fluid intake and mood.,Fluid chart to be totalled.,,Yes,0,,,,No,,0,approved,2026-10-08 09:08:57
202,2026-04-15,Morning,Afternoon,A. Whitfield,RES002,Increased support required; monitor closely.,"Personal care, meals and medication completed as planned.",Watch fluid intake and mood.,Fluid chart to be totalled.,,Yes,0,,,,No,,0,approved,2026-10-08 09:08:57
203,2026-04-18,Morning,Afternoon,M. Nowak,RES002,Increased support required; monitor closely.,"Personal care, meals and medication completed as planned.",Watch fluid intake and mood.,Fluid chart to be totalled.,,Yes,0,,,,No,,0,approved,2026-10-08 09:08:57
204,2026-04-21,Morning,Afternoon,L. Ahmed,RES002,Increased support required; monitor closely.,"Personal care, meals and medication completed as planned.",Watch fluid intake and mood.,Fluid chart to be totalled.,,Yes,0,,,,No,,0,approved,2026-10-08 09:08:57
205,2026-04-24,Morning,Afternoon,P. Sharma,RES002,Increased support required; monitor closely.,"Personal care, meals and medication completed as planned.",Watch fluid intake and mood.,Fluid chart to be totalled.,,Yes,0,,,,No,,0,approved,2026-10-08 09:08:57
206,2026-04-27,Morning,Afternoon,P. Sharma,RES002,"Settled shift, no concerns.","Personal care, meals and medication completed as planned.",None.,Nil.,,Yes,0,,,,No,,0,approved,2026-10-08 09:08:57
207,2026-04-30,Morning,Afternoon,A. Whitfield,RES002,Increased support required; monitor closely.,"Personal care, meals and medication completed as planned.",Watch fluid intake and mood.,Fluid chart to be totalled.,,Yes,0,,,,No,,0,approved,2026-10-08 09:08:57
208,2026-05-03,Morning,Afternoon,K. Adeyemi,RES002,Increased support required; monitor closely.,"Personal care, meals and medication completed as planned.",Watch fluid intake and mood.,Fluid chart to be totalled.,,Yes,0,,,,No,,0,approved,2026-10-08 09:08:57
209,2026-05-06,Morning,Afternoon,P. Sharma,RES002,Increased support required; monitor closely.,"Personal care, meals and medication completed as planned.",Watch fluid intake and mood.,Fluid chart to be totalled.,,Yes,0,,,,No,,0,approved,2026-10-08 09:08:57
210,2026-05-09,Morning,Afternoon,S. Patel,RES002,Increased support required; monitor closely.,"Personal care, meals and medication completed as planned.",Watch fluid intake and mood.,Fluid chart to be totalled.,,Yes,0,,,,No,,0,approved,2026-10-08 09:08:57
211,2026-05-12,Morning,Afternoon,R. Kowalski,RES002,Increased support required; monitor closely.,"Personal care, meals and medication completed as planned.",Watch fluid intake and mood.,Fluid chart to be totalled.,,Yes,0,,,,No,,0,approved,2026-10-08 09:08:57
212,2026-05-15,Morning,Afternoon,B. Mensah,RES002,Increased support required; monitor closely.,"Personal care, meals and medication completed as planned.",Watch fluid intake and mood.,Fluid chart to be totalled.,,Yes,0,,,,No,,0,approved,2026-10-08 09:08:57
213,2026-05-18,Morning,Afternoon,L. Ahmed,RES002,Increased support required; monitor closely.,"Personal care, meals and medication completed as planned.",Watch fluid intake and mood.,Fluid chart to be totalled.,,Yes,0,,,,No,,0,approved,2026-10-08 09:08:57
214,2026-05-21,Morning,Afternoon,C. Fernandes,RES002,Increased support required; monitor closely.,"Personal care, meals and medication completed as planned.",Watch fluid intake and mood.,Fluid chart to be totalled.,,Yes,0,,,,No,,0,approved,2026-10-08 09:08:57
215,2026-05-24,Morning,Afternoon,R. Kowalski,RES002,Increased support required; monitor closely.,"Personal care, meals and medication completed as planned.",Watch fluid intake and mood.,Fluid chart to be totalled.,,No,0,,,,No,,0,approved,2026-10-08 09:08:57
216,2026-05-27,Morning,Afternoon,J. Okafor,RES002,Increased support required; monitor closely.,"Personal care, meals and medication completed as planned.",Watch fluid intake and mood.,Fluid chart to be totalled.,,No,0,,,,No,,0,approved,2026-10-08 09:08:57
217,2026-05-30,Morning,Afternoon,D. Osei,RES002,Poor shift; escalation in place.,"Personal care, meals and medication completed as planned.",Falls risk — hourly checks and sensor mat in place.,GP review outstanding.,,No,0,,,,No,,0,approved,2026-10-08 09:08:57
218,2026-06-02,Morning,Afternoon,A. Whitfield,RES002,Poor shift; escalation in place.,"Personal care, meals and medication completed as planned.",Falls risk — hourly checks and sensor mat in place.,GP review outstanding.,,No,0,,,,No,,0,approved,2026-10-08 09:08:57
219,2026-06-05,Morning,Afternoon,P. Sharma,RES002,Poor shift; escalation in place.,"Personal care, meals and medication completed as planned.",Falls risk — hourly checks and sensor mat in place.,GP review outstanding.,,No,0,,,,No,,0,approved,2026-10-08 09:08:57
220,2026-06-08,Morning,Afternoon,T. Nguyen,RES002,Poor shift; escalation in place.,"Personal care, meals and medication completed as planned.",Falls risk — hourly checks and sensor mat in place.,GP review outstanding.,,No,0,,,,No,,0,approved,2026-10-08 09:08:57
221,2026-06-11,Morning,Afternoon,D. Osei,RES002,Poor shift; escalation in place.,"Personal care, meals and medication completed as planned.",Falls risk — hourly checks and sensor mat in place.,GP review outstanding.,,No,0,,,,No,,0,approved,2026-10-08 09:08:57
222,2026-06-14,Morning,Afternoon,D. Osei,RES002,Poor shift; escalation in place.,"Personal care, meals and medication completed as planned.",Falls risk — hourly checks and sensor mat in place.,GP review outstanding.,,No,0,,,,No,,0,approved,2026-10-08 09:08:57
223,2026-06-17,Morning,Afternoon,D. Osei,RES002,Poor shift; escalation in place.,"Personal care, meals and medication completed as planned.",Falls risk — hourly checks and sensor mat in place.,GP review outstanding.,,No,0,,,,No,,0,approved,2026-10-08 09:08:57
224,2026-06-20,Morning,Afternoon,R. Kowalski,RES002,Poor shift; escalation in place.,"Personal care, meals and medication completed as planned.",Falls risk — hourly checks and sensor mat in place.,GP review outstanding.,,No,0,,,,Yes,,0,approved,2026-10-08 09:08:57
225,2026-06-23,Morning,Afternoon,D. Osei,RES002,Poor shift; escalation in place.,"Personal care, meals and medication completed as planned.",Falls risk — hourly checks and sensor mat in place.,GP review outstanding.,,No,0,,,,No,,0,approved,2026-10-08 09:08:57
226,2026-06-26,Morning,Afternoon,J. Okafor,RES002,Poor shift; escalation in place.,"Personal care, meals and medication completed as planned.",Falls risk — hourly checks and sensor mat in place.,GP review outstanding.,,No,0,,,,No,,0,approved,2026-10-08 09:08:57
227,2026-06-29,Morning,Afternoon,A. Whitfield,RES002,Poor shift; escalation in place.,"Personal care, meals and medication completed as planned.",Falls risk — hourly checks and sensor mat in place.,GP review outstanding.,,No,0,,,,No,,0,approved,2026-10-08 09:08:57
228,2026-07-02,Morning,Afternoon,A. Whitfield,RES002,Increased support required; monitor closely.,"Personal care, meals and medication completed as planned.",Watch fluid intake and mood.,Fluid chart to be totalled.,,No,0,,,,No,,0,approved,2026-10-08 09:08:57
229,2026-07-05,Morning,Afternoon,A. Whitfield,RES002,Increased support required; monitor closely.,"Personal care, meals and medication completed as planned.",Watch fluid intake and mood.,Fluid chart to be totalled.,,No,0,,,,No,,0,approved,2026-10-08 09:08:57
230,2026-07-08,Morning,Afternoon,R. Kowalski,RES002,Increased support required; monitor closely.,"Personal care, meals and medication completed as planned.",Watch fluid intake and mood.,Fluid chart to be totalled.,,No,0,,,,No,,0,approved,2026-10-08 09:08:57
231,2026-07-11,Morning,Afternoon,J. Okafor,RES002,Increased support required; monitor closely.,"Personal care, meals and medication completed as planned.",Watch fluid intake and mood.,Fluid chart to be totalled.,,No,0,,,,No,,0,approved,2026-10-08 09:08:57
232,2026-07-14,Morning,Afternoon,A. Whitfield,RES002,Increased support required; monitor closely.,"Personal care, meals and medication completed as planned.",Watch fluid intake and mood.,Fluid chart to be totalled.,,No,0,,,,No,,0,approved,2026-10-08 09:08:57
233,2026-07-17,Morning,Afternoon,T. Nguyen,RES002,Increased support required; monitor closely.,"Personal care, meals and medication completed as planned.",Watch fluid intake and mood.,Fluid chart to be totalled.,,No,0,,,,No,,0,approved,2026-10-08 09:08:57
234,2026-07-20,Morning,Afternoon,R. Kowalski,RES002,Increased support required; monitor closely.,"Personal care, meals and medication completed as planned.",Watch fluid intake and mood.,Fluid chart to be totalled.,,Yes,0,,,,No,,0,approved,2026-10-08 09:08:57
235,2026-07-23,Morning,Afternoon,A. Whitfield,RES002,Increased support required; monitor closely.,"Personal care, meals and medication completed as planned.",Watch fluid intake and mood.,Fluid chart to be totalled.,,Yes,0,,,,No,,0,approved,2026-10-08 09:08:57
236,2026-07-26,Morning,Afternoon,L. Ahmed,RES002,Increased support required; monitor closely.,"Personal care, meals and medication completed as planned.",Watch fluid intake and mood.,Fluid chart to be totalled.,,No,0,,,,No,,0,approved,2026-10-08 09:08:57
237,2026-07-29,Morning,Afternoon,C. Fernandes,RES002,Increased support required; monitor closely.,"Personal care, meals and medication completed as planned.",Watch fluid intake and mood.,Fluid chart to be totalled.,,No,0,,,,No,,0,approved,2026-10-08 09:08:57
238,2026-08-01,Morning,Afternoon,C. Fernandes,RES002,Increased support required; monitor closely.,"Personal care, meals and medication completed as planned.",Watch fluid intake and mood.,Fluid chart to be totalled.,,Yes,0,,,,No,,0,approved,2026-10-08 09:08:57
239,2026-08-04,Morning,Afternoon,S. Patel,RES002,Increased support required; monitor closely.,"Personal care, meals and medication completed as planned.",Watch fluid intake and mood.,Fluid chart to be totalled.,,No,0,,,,No,,0,approved,2026-10-08 09:08:57
240,2026-08-07,Morning,Afternoon,B. Mensah,RES002,Increased support required; monitor closely.,"Personal care, meals and medication completed as planned.",Watch fluid intake and mood.,Fluid chart to be totalled.,,No,0,,,,No,,0,approved,2026-10-08 09:08:57
241,2026-08-10,Morning,Afternoon,B. Mensah,RES002,Increased support required; monitor closely.,"Personal care, meals and medication completed as planned.",Watch fluid intake and mood.,Fluid chart to be totalled.,,No,0,,,,No,,0,approved,2026-10-08 09:08:57
242,2026-08-13,Morning,Afternoon,P. Sharma,RES002,Increased support required; monitor closely.,"Personal care, meals and medication completed as planned.",Watch fluid intake and mood.,Fluid chart to be totalled.,,No,0,,,,No,,0,approved,2026-10-08 09:08:57
243,2026-08-16,Morning,Afternoon,M. Nowak,RES002,Increased support required; monitor closely.,"Personal care, meals and medication completed as planned.",Watch fluid intake and mood.,Fluid chart to be totalled.,,No,0,,,,No,,0,approved,2026-10-08 09:08:57
244,2026-08-19,Morning,Afternoon,D. Osei,RES002,Increased support required; monitor closely.,"Personal care, meals and medication completed as planned.",Watch fluid intake and mood.,Fluid chart to be totalled.,,No,0,,,,No,,0,approved,2026-10-08 09:08:57
245,2025-08-21,Morning,Afternoon,B. Mensah,RES003,"Settled shift, no concerns.","Personal care, meals and medication completed as planned.",None.,Nil.,,Yes,0,,,,No,,0,approved,2026-10-08 09:08:57
246,2025-08-24,Morning,Afternoon,M. Nowak,RES003,"Settled shift, no concerns.","Personal care, meals and medication completed as planned.",None.,Nil.,,Yes,0,,,,No,,0,approved,2026-10-08 09:08:57
247,2025-08-27,Morning,Afternoon,K. Adeyemi,RES003,"Settled shift, no concerns.","Personal care, meals and medication completed as planned.",None.,Nil.,,Yes,0,,,,No,,0,approved,2026-10-08 09:08:57
248,2025-08-30,Morning,Afternoon,M. Nowak,RES003,"Settled shift, no concerns.","Personal care, meals and medication completed as planned.",None.,Nil.,,Yes,0,,,,No,,0,approved,2026-10-08 09:08:57
249,2025-09-02,Morning,Afternoon,L. Ahmed,RES003,"Settled shift, no concerns.","Personal care, meals and medication completed as planned.",None.,Nil.,,Yes,0,,,,No,,0,approved,2026-10-08 09:08:57
250,2025-09-05,Morning,Afternoon,A. Whitfield,RES003,Increased support required; monitor closely.,"Personal care, meals and medication completed as planned.",Watch fluid intake and mood.,Fluid chart to be totalled.,,Yes,0,,,,No,,0,approved,2026-10-08 09:08:57
251,2025-09-08,Morning,Afternoon,P. Sharma,RES003,Increased support required; monitor closely.,"Personal care, meals and medication completed as planned.",Watch fluid intake and mood.,Fluid chart to be totalled.,,Yes,0,,,,No,,0,approved,2026-10-08 09:08:57
252,2025-09-11,Morning,Afternoon,S. Patel,RES003,Increased support required; monitor closely.,"Personal care, meals and medication completed as planned.",Watch fluid intake and mood.,Fluid chart to be totalled.,,Yes,0,,,,No,,0,approved,2026-10-08 09:08:57
253,2025-09-14,Morning,Afternoon,M. Nowak,RES003,Increased support required; monitor closely.,"Personal care, meals and medication completed as planned.",Watch fluid intake and mood.,Fluid chart to be totalled.,,Yes,0,,,,No,,0,approved,2026-10-08 09:08:57
254,2025-09-17,Morning,Afternoon,C. Fernandes,RES003,Increased support required; monitor closely.,"Personal care, meals and medication completed as planned.",Watch fluid intake and mood.,Fluid chart to be totalled.,,Yes,0,,,,No,,0,approved,2026-10-08 09:08:57
255,2025-09-20,Morning,Afternoon,M. Nowak,RES003,Increased support required; monitor closely.,"Personal care, meals and medication completed as planned.",Watch fluid intake and mood.,Fluid chart to be totalled.,,Yes,0,,,,No,,0,approved,2026-10-08 09:08:57
256,2025-09-23,Morning,Afternoon,A. Whitfield,RES003,Increased support required; monitor closely.,"Personal care, meals and medication completed as planned.",Watch fluid intake and mood.,Fluid chart to be totalled.,,Yes,0,,,,No,,0,approved,2026-10-08 09:08:57
257,2025-09-26,Morning,Afternoon,J. Okafor,RES003,"Settled shift, no concerns.","Personal care, meals and medication completed as planned.",None.,Nil.,,Yes,0,,,,No,,0,approved,2026-10-08 09:08:57
258,2025-09-29,Morning,Afternoon,D. Osei,RES003,"Settled shift, no concerns.","Personal care, meals and medication completed as planned.",None.,Nil.,,Yes,0,,,,No,,0,approved,2026-10-08 09:08:57
259,2025-10-02,Morning,Afternoon,A. Whitfield,RES003,"Settled shift, no concerns.","Personal care, meals and medication completed as planned.",None.,Nil.,,Yes,0,,,,No,,0,approved,2026-10-08 09:08:57
260,2025-10-05,Morning,Afternoon,D. Osei,RES003,"Settled shift, no concerns.","Personal care, meals and medication completed as planned.",None.,Nil.,,Yes,0,,,,No,,0,approved,2026-10-08 09:08:57
261,2025-10-08,Morning,Afternoon,K. Adeyemi,RES003,"Settled shift, no concerns.","Personal care, meals and medication completed as planned.",None.,Nil.,,Yes,0,,,,No,,0,approved,2026-10-08 09:08:57
262,2025-10-11,Morning,Afternoon,D. Osei,RES003,"Settled shift, no concerns.","Personal care, meals and medication completed as planned.",None.,Nil.,,Yes,0,,,,No,,0,approved,2026-10-08 09:08:57
263,2025-10-14,Morning,Afternoon,D. Osei,RES003,"Settled shift, no concerns.","Personal care, meals and medication completed as planned.",None.,Nil.,,Yes,0,,,,No,,0,approved,2026-10-08 09:08:57
264,2025-10-17,Morning,Afternoon,A. Whitfield,RES003,"Settled shift, no concerns.","Personal care, meals and medication completed as planned.",None.,Nil.,,Yes,0,,,,No,,0,approved,2026-10-08 09:08:57
265,2025-10-20,Morning,Afternoon,C. Fernandes,RES003,"Settled shift, no concerns.","Personal care, meals and medication completed as planned.",None.,Nil.,,Yes,0,,,,No,,0,approved,2026-10-08 09:08:57
266,2025-10-23,Morning,Afternoon,D. Osei,RES003,"Settled shift, no concerns.","Personal care, meals and medication completed as planned.",None.,Nil.,,Yes,0,,,,No,,0,approved,2026-10-08 09:08:57
267,2025-10-26,Morning,Afternoon,M. Nowak,RES003,"Settled shift, no concerns.","Personal care, meals and medication completed as planned.",None.,Nil.,,Yes,0,,,,No,,0,approved,2026-10-08 09:08:57
268,2025-10-29,Morning,Afternoon,A. Whitfield,RES003,"Settled shift, no concerns.","Personal care, meals and medication completed as planned.",None.,Nil.,,Yes,0,,,,No,,0,approved,2026-10-08 09:08:57
269,2025-11-01,Morning,Afternoon,K. Adeyemi,RES003,"Settled shift, no concerns.","Personal care, meals and medication completed as planned.",None.,Nil.,,Yes,0,,,,No,,0,approved,2026-10-08 09:08:57
270,2025-11-04,Morning,Afternoon,D. Osei,RES003,"Settled shift, no concerns.","Personal care, meals and medication completed as planned.",None.,Nil.,,Yes,0,,,,No,,0,approved,2026-10-08 09:08:57
271,2025-11-07,Morning,Afternoon,P. Sharma,RES003,"Settled shift, no concerns.","Personal care, meals and medication completed as planned.",None.,Nil.,,Yes,0,,,,No,,0,approved,2026-10-08 09:08:57
272,2025-11-10,Morning,Afternoon,T. Nguyen,RES003,"Settled shift, no concerns.","Personal care, meals and medication completed as planned.",None.,Nil.,,Yes,0,,,,No,,0,approved,2026-10-08 09:08:57
273,2025-11-13,Morning,Afternoon,A. Whitfield,RES003,"Settled shift, no concerns.","Personal care, meals and medication completed as planned.",None.,Nil.,,Yes,0,,,,No,,0,approved,2026-10-08 09:08:57
274,2025-11-16,Morning,Afternoon,K. Adeyemi,RES003,"Settled shift, no concerns.","Personal care, meals and medication completed as planned.",None.,Nil.,,Yes,0,,,,No,,0,approved,2026-10-08 09:08:57
275,2025-11-19,Morning,Afternoon,T. Nguyen,RES003,"Settled shift, no concerns.","Personal care, meals and medication completed as planned.",None.,Nil.,,Yes,0,,,,No,,0,approved,2026-10-08 09:08:57
276,2025-11-22,Morning,Afternoon,T. Nguyen,RES003,"Settled shift, no concerns.","Personal care, meals and medication completed as planned.",None.,Nil.,,Yes,0,,,,No,,0,approved,2026-10-08 09:08:57
277,2025-11-25,Morning,Afternoon,B. Mensah,RES003,"Settled shift, no concerns.","Personal care, meals and medication completed as planned.",None.,Nil.,,Yes,0,,,,No,,0,approved,2026-10-08 09:08:57
278,2025-11-28,Morning,Afternoon,S. Patel,RES003,"Settled shift, no concerns.","Personal care, meals and medication completed as planned.",None.,Nil.,,Yes,0,,,,No,,0,approved,2026-10-08 09:08:57
279,2025-12-01,Morning,Afternoon,D. Osei,RES003,"Settled shift, no concerns.","Personal care, meals and medication completed as planned.",None.,Nil.,,Yes,0,,,,No,,0,approved,2026-10-08 09:08:57
280,2025-12-04,Morning,Afternoon,M. Nowak,RES003,"Settled shift, no concerns.","Personal care, meals and medication completed as planned.",None.,Nil.,,Yes,0,,,,No,,0,approved,2026-10-08 09:08:57
281,2025-12-07,Morning,Afternoon,S. Patel,RES003,"Settled shift, no concerns.","Personal care, meals and medication completed as planned.",None.,Nil.,,Yes,0,,,,No,,0,approved,2026-10-08 09:08:57
282,2025-12-10,Morning,Afternoon,P. Sharma,RES003,"Settled shift, no concerns.","Personal care, meals and medication completed as planned.",None.,Nil.,,Yes,0,,,,No,,0,approved,2026-10-08 09:08:57
283,2025-12-13,Morning,Afternoon,A. Whitfield,RES003,"Settled shift, no concerns.","Personal care, meals and medication completed as planned.",None.,Nil.,,Yes,0,,,,No,,0,approved,2026-10-08 09:08:57
284,2025-12-16,Morning,Afternoon,J. Okafor,RES003,"Settled shift, no concerns.","Personal care, meals and medication completed as planned.",None.,Nil.,,Yes,0,,,,No,,0,approved,2026-10-08 09:08:57
285,2025-12-19,Morning,Afternoon,T. Nguyen,RES003,"Settled shift, no concerns.","Personal care, meals and medication completed as planned.",None.,Nil.,,Yes,0,,,,No,,0,approved,2026-10-08 09:08:57
286,2025-12-22,Morning,Afternoon,B. Mensah,RES003,"Settled shift, no concerns.","Personal care, meals and medication completed as planned.",None.,Nil.,,Yes,0,,,,No,,0,approved,2026-10-08 09:08:57
287,2025-12-25,Morning,Afternoon,B. Mensah,RES003,"Settled shift, no concerns.","Personal care, meals and medication completed as planned.",None.,Nil.,,Yes,0,,,,No,,0,approved,2026-10-08 09:08:57
288,2025-12-28,Morning,Afternoon,T. Nguyen,RES003,"Settled shift, no concerns.","Personal care, meals and medication completed as planned.",None.,Nil.,,Yes,0,,,,No,,0,approved,2026-10-08 09:08:57
289,2025-12-31,Morning,Afternoon,A. Whitfield,RES003,"Settled shift, no concerns.","Personal care, meals and medication completed as planned.",None.,Nil.,,Yes,0,,,,No,,0,approved,2026-10-08 09:08:57
290,2026-01-03,Morning,Afternoon,R. Kowalski,RES003,"Settled shift, no concerns.","Personal care, meals and medication completed as planned.",None.,Nil.,,Yes,0,,,,No,,0,approved,2026-10-08 09:08:57
291,2026-01-06,Morning,Afternoon,R. Kowalski,RES003,"Settled shift, no concerns.","Personal care, meals and medication completed as planned.",None.,Nil.,,Yes,0,,,,No,,0,approved,2026-10-08 09:08:57
292,2026-01-09,Morning,Afternoon,A. Whitfield,RES003,"Settled shift, no concerns.","Personal care, meals and medication completed as planned.",None.,Nil.,,Yes,0,,,,No,,0,approved,2026-10-08 09:08:57
293,2026-01-12,Morning,Afternoon,T. Nguyen,RES003,"Settled shift, no concerns.","Personal care, meals and medication completed as planned.",None.,Nil.,,Yes,0,,,,No,,0,approved,2026-10-08 09:08:57
294,2026-01-15,Morning,Afternoon,T. Nguyen,RES003,"Settled shift, no concerns.","Personal care, meals and medication completed as planned.",None.,Nil.,,Yes,0,,,,No,,0,approved,2026-10-08 09:08:57
295,2026-01-18,Morning,Afternoon,T. Nguyen,RES003,"Settled shift, no concerns.","Personal care, meals and medication completed as planned.",None.,Nil.,,Yes,0,,,,No,,0,approved,2026-10-08 09:08:57
296,2026-01-21,Morning,Afternoon,R. Kowalski,RES003,"Settled shift, no concerns.","Personal care, meals and medication completed as planned.",None.,Nil.,,Yes,0,,,,No,,0,approved,2026-10-08 09:08:57
297,2026-01-24,Morning,Afternoon,R. Kowalski,RES003,"Settled shift, no concerns.","Personal care, meals and medication completed as planned.",None.,Nil.,,Yes,0,,,,No,,0,approved,2026-10-08 09:08:57
298,2026-01-27,Morning,Afternoon,D. Osei,RES003,"Settled shift, no concerns.","Personal care, meals and medication completed as planned.",None.,Nil.,,Yes,0,,,,No,,0,approved,2026-10-08 09:08:57
299,2026-01-30,Morning,Afternoon,R. Kowalski,RES003,"Settled shift, no concerns.","Personal care, meals and medication completed as planned.",None.,Nil.,,Yes,0,,,,No,,0,approved,2026-10-08 09:08:57
300,2026-02-02,Morning,Afternoon,T. Nguyen,RES003,"Settled shift, no concerns.","Personal care, meals and medication completed as planned.",None.,Nil.,,Yes,0,,,,No,,0,approved,2026-10-08 09:08:57
301,2026-02-05,Morning,Afternoon,A. Whitfield,RES003,"Settled shift, no concerns.","Personal care, meals and medication completed as planned.",None.,Nil.,,Yes,0,,,,No,,0,approved,2026-10-08 09:08:57
302,2026-02-08,Morning,Afternoon,R. Kowalski,RES003,"Settled shift, no concerns.","Personal care, meals and medication completed as planned.",None.,Nil.,,Yes,0,,,,No,,0,approved,2026-10-08 09:08:57
303,2026-02-11,Morning,Afternoon,R. Kowalski,RES003,"Settled shift, no concerns.","Personal care, meals and medication completed as planned.",None.,Nil.,,Yes,0,,,,No,,0,approved,2026-10-08 09:08:57
304,2026-02-14,Morning,Afternoon,B. Mensah,RES003,"Settled shift, no concerns.","Personal care, meals and medication completed as planned.",None.,Nil.,,Yes,0,,,,No,,0,approved,2026-10-08 09:08:57
305,2026-02-17,Morning,Afternoon,K. Adeyemi,RES003,"Settled shift, no concerns.","Personal care, meals and medication completed as planned.",None.,Nil.,,Yes,0,,,,No,,0,approved,2026-10-08 09:08:57
306,2026-02-20,Morning,Afternoon,L. Ahmed,RES003,"Settled shift, no concerns.","Personal care, meals and medication completed as planned.",None.,Nil.,,Yes,0,,,,No,,0,approved,2026-10-08 09:08:57
307,2026-02-23,Morning,Afternoon,K. Adeyemi,RES003,"Settled shift, no concerns.","Personal care, meals and medication completed as planned.",None.,Nil.,,Yes,0,,,,No,,0,approved,2026-10-08 09:08:57
308,2026-02-26,Morning,Afternoon,K. Adeyemi,RES003,"Settled shift, no concerns.","Personal care, meals and medication completed as planned.",None.,Nil.,,Yes,0,,,,No,,0,approved,2026-10-08 09:08:57
309,2026-03-01,Morning,Afternoon,L. Ahmed,RES003,"Settled shift, no concerns.","Personal care, meals and medication completed as planned.",None.,Nil.,,Yes,0,,,,No,,0,approved,2026-10-08 09:08:57
310,2026-03-04,Morning,Afternoon,M. Nowak,RES003,"Settled shift, no concerns.","Personal care, meals and medication completed as planned.",None.,Nil.,,Yes,0,,,,No,,0,approved,2026-10-08 09:08:57
311,2026-03-07,Morning,Afternoon,S. Patel,RES003,"Settled shift, no concerns.","Personal care, meals and medication completed as planned.",None.,Nil.,,Yes,0,,,,No,,0,approved,2026-10-08 09:08:57
312,2026-03-10,Morning,Afternoon,M. Nowak,RES003,"Settled shift, no concerns.","Personal care, meals and medication completed as planned.",None.,Nil.,,Yes,0,,,,No,,0,approved,2026-10-08 09:08:57
313,2026-03-13,Morning,Afternoon,A. Whitfield,RES003,"Settled shift, no concerns.","Personal care, meals and medication completed as planned.",None.,Nil.,,Yes,0,,,,No,,0,approved,2026-10-08 09:08:57
314,2026-03-16,Morning,Afternoon,S. Patel,RES003,"Settled shift, no concerns.","Personal care, meals and medication completed as planned.",None.,Nil.,,Yes,0,,,,No,,0,approved,2026-10-08 09:08:57
315,2026-03-19,Morning,Afternoon,D. Osei,RES003,"Settled shift, no concerns.","Personal care, meals and medication completed as planned.",None.,Nil.,,Yes,0,,,,No,,0,approved,2026-10-08 09:08:57
316,2026-03-22,Morning,Afternoon,S. Patel,RES003,"Settled shift, no concerns.","Personal care, meals and medication completed as planned.",None.,Nil.,,Yes,0,,,,No,,0,approved,2026-10-08 09:08:57
317,2026-03-25,Morning,Afternoon,D. Osei,RES003,"Settled shift, no concerns.","Personal care, meals and medication completed as planned.",None.,Nil.,,Yes,0,,,,No,,0,approved,2026-10-08 09:08:57
318,2026-03-28,Morning,Afternoon,B. Mensah,RES003,"Settled shift, no concerns.","Personal care, meals and medication completed as planned.",None.,Nil.,,Yes,0,,,,No,,0,approved,2026-10-08 09:08:57
319,2026-03-31,Morning,Afternoon,D. Osei,RES003,"Settled shift, no concerns.","Personal care, meals and medication completed as planned.",None.,Nil.,,Yes,0,,,,No,,0,approved,2026-10-08 09:08:57
320,2026-04-03,Morning,Afternoon,J. Okafor,RES003,"Settled shift, no concerns.","Personal care, meals and medication completed as planned.",None.,Nil.,,Yes,0,,,,No,,0,approved,2026-10-08 09:08:57
321,2026-04-06,Morning,Afternoon,M. Nowak,RES003,Increased support required; monitor closely.,"Personal care, meals and medication completed as planned.",Watch fluid intake and mood.,Fluid chart to be totalled.,,Yes,0,,,,No,,0,approved,2026-10-08 09:08:57
322,2026-04-09,Morning,Afternoon,D. Osei,RES003,Increased support required; monitor closely.,"Personal care, meals and medication completed as planned.",Watch fluid intake and mood.,Fluid chart to be totalled.,,Yes,0,,,,No,,0,approved,2026-10-08 09:08:57
323,2026-04-12,Morning,Afternoon,R. Kowalski,RES003,Increased support required; monitor closely.,"Personal care, meals and medication completed as planned.",Watch fluid intake and mood.,Fluid chart to be totalled.,,Yes,0,,,,No,,0,approved,2026-10-08 09:08:57
324,2026-04-15,Morning,Afternoon,L. Ahmed,RES003,Increased support required; monitor closely.,"Personal care, meals and medication completed as planned.",Watch fluid intake and mood.,Fluid chart to be totalled.,,No,0,,,,No,,0,approved,2026-10-08 09:08:57
325,2026-04-18,Morning,Afternoon,S. Patel,RES003,Poor shift; escalation in place.,"Personal care, meals and medication completed as planned.",Falls risk — hourly checks and sensor mat in place.,GP review outstanding.,,No,0,,,,No,,0,approved,2026-10-08 09:08:57
326,2026-04-21,Morning,Afternoon,B. Mensah,RES003,Poor shift; escalation in place.,"Personal care, meals and medication completed as planned.",Falls risk — hourly checks and sensor mat in place.,GP review outstanding.,,No,0,,,,Yes,,0,approved,2026-10-08 09:08:57
327,2026-04-24,Morning,Afternoon,B. Mensah,RES003,Poor shift; escalation in place.,"Personal care, meals and medication completed as planned.",Falls risk — hourly checks and sensor mat in place.,GP review outstanding.,,No,0,,,,Yes,,0,approved,2026-10-08 09:08:57
328,2026-04-27,Morning,Afternoon,B. Mensah,RES003,Poor shift; escalation in place.,"Personal care, meals and medication completed as planned.",Falls risk — hourly checks and sensor mat in place.,GP review outstanding.,,No,0,,,,No,,0,approved,2026-10-08 09:08:57
329,2026-04-30,Morning,Afternoon,L. Ahmed,RES003,Poor shift; escalation in place.,"Personal care, meals and medication completed as planned.",Falls risk — hourly checks and sensor mat in place.,GP review outstanding.,,No,0,,,,No,,0,approved,2026-10-08 09:08:57
330,2026-05-03,Morning,Afternoon,B. Mensah,RES003,Poor shift; escalation in place.,"Personal care, meals and medication completed as planned.",Falls risk — hourly checks and sensor mat in place.,GP review outstanding.,,No,0,,,,Yes,,0,approved,2026-10-08 09:08:57
331,2026-05-06,Morning,Afternoon,P. Sharma,RES003,Poor shift; escalation in place.,"Personal care, meals and medication completed as planned.",Falls risk — hourly checks and sensor mat in place.,GP review outstanding.,,No,0,,,,No,,0,approved,2026-10-08 09:08:57
332,2026-05-09,Morning,Afternoon,D. Osei,RES003,Poor shift; escalation in place.,"Personal care, meals and medication completed as planned.",Falls risk — hourly checks and sensor mat in place.,GP review outstanding.,,No,0,,,,No,,0,approved,2026-10-08 09:08:57
333,2026-05-12,Morning,Afternoon,B. Mensah,RES003,Poor shift; escalation in place.,"Personal care, meals and medication completed as planned.",Falls risk — hourly checks and sensor mat in place.,GP review outstanding.,,No,0,,,,No,,0,approved,2026-10-08 09:08:57
334,2026-05-15,Morning,Afternoon,A. Whitfield,RES003,Increased support required; monitor closely.,"Personal care, meals and medication completed as planned.",Watch fluid intake and mood.,Fluid chart to be totalled.,,No,0,,,,No,,0,approved,2026-10-08 09:08:57
335,2026-05-18,Morning,Afternoon,T. Nguyen,RES003,Increased support required; monitor closely.,"Personal care, meals and medication completed as planned.",Watch fluid intake and mood.,Fluid chart to be totalled.,,No,0,,,,No,,0,approved,2026-10-08 09:08:57
336,2026-05-21,Morning,Afternoon,L. Ahmed,RES003,Increased support required; monitor closely.,"Personal care, meals and medication completed as planned.",Watch fluid intake and mood.,Fluid chart to be totalled.,,No,0,,,,No,,0,approved,2026-10-08 09:08:57
337,2026-05-24,Morning,Afternoon,S. Patel,RES003,Increased support required; monitor closely.,"Personal care, meals and medication completed as planned.",Watch fluid intake and mood.,Fluid chart to be totalled.,,Yes,0,,,,No,,0,approved,2026-10-08 09:08:57
338,2026-05-27,Morning,Afternoon,M. Nowak,RES003,Increased support required; monitor closely.,"Personal care, meals and medication completed as planned.",Watch fluid intake and mood.,Fluid chart to be totalled.,,Yes,0,,,,No,,0,approved,2026-10-08 09:08:57
339,2026-05-30,Morning,Afternoon,B. Mensah,RES003,Increased support required; monitor closely.,"Personal care, meals and medication completed as planned.",Watch fluid intake and mood.,Fluid chart to be totalled.,,Yes,0,,,,No,,0,approved,2026-10-08 09:08:57
340,2026-06-02,Morning,Afternoon,M. Nowak,RES003,Increased support required; monitor closely.,"Personal care, meals and medication completed as planned.",Watch fluid intake and mood.,Fluid chart to be totalled.,,No,0,,,,No,,0,approved,2026-10-08 09:08:57
341,2026-06-05,Morning,Afternoon,T. Nguyen,RES003,Increased support required; monitor closely.,"Personal care, meals and medication completed as planned.",Watch fluid intake and mood.,Fluid chart to be totalled.,,No,0,,,,No,,0,approved,2026-10-08 09:08:57
342,2026-06-08,Morning,Afternoon,L. Ahmed,RES003,Poor shift; escalation in place.,"Personal care, meals and medication completed as planned.",Falls risk — hourly checks and sensor mat in place.,GP review outstanding.,,No,0,,,,No,,0,approved,2026-10-08 09:08:57
343,2026-06-11,Morning,Afternoon,M. Nowak,RES003,Poor shift; escalation in place.,"Personal care, meals and medication completed as planned.",Falls risk — hourly checks and sensor mat in place.,GP review outstanding.,,No,0,,,,No,,0,approved,2026-10-08 09:08:57
344,2026-06-14,Morning,Afternoon,C. Fernandes,RES003,Poor shift; escalation in place.,"Personal care, meals and medication completed as planned.",Falls risk — hourly checks and sensor mat in place.,GP review outstanding.,,No,0,,,,No,,0,approved,2026-10-08 09:08:57
345,2026-06-17,Morning,Afternoon,A. Whitfield,RES003,Poor shift; escalation in place.,"Personal care, meals and medication completed as planned.",Falls risk — hourly checks and sensor mat in place.,GP review outstanding.,,No,0,,,,Yes,,0,approved,2026-10-08 09:08:57
346,2026-06-20,Morning,Afternoon,T. Nguyen,RES003,Poor shift; escalation in place.,"Personal care, meals and medication completed as planned.",Falls risk — hourly checks and sensor mat in place.,GP review outstanding.,,No,0,,,,No,,0,approved,2026-10-08 09:08:57
347,2026-06-23,Morning,Afternoon,C. Fernandes,RES003,Poor shift; escalation in place.,"Personal care, meals and medication completed as planned.",Falls risk — hourly checks and sensor mat in place.,GP review outstanding.,,No,0,,,,Yes,,0,approved,2026-10-08 09:08:57
348,2026-06-26,Morning,Afternoon,R. Kowalski,RES003,Poor shift; escalation in place.,"Personal care, meals and medication completed as planned.",Falls risk — hourly checks and sensor mat in place.,GP review outstanding.,,No,0,,,,No,,0,approved,2026-10-08 09:08:57
349,2026-06-29,Morning,Afternoon,B. Mensah,RES003,Increased support required; monitor closely.,"Personal care, meals and medication completed as planned.",Watch fluid intake and mood.,Fluid chart to be totalled.,,No,0,,,,No,,0,approved,2026-10-08 09:08:57
350,2026-07-02,Morning,Afternoon,M. Nowak,RES003,Increased support required; monitor closely.,"Personal care, meals and medication completed as planned.",Watch fluid intake and mood.,Fluid chart to be totalled.,,No,0,,,,No,,0,approved,2026-10-08 09:08:57
351,2026-07-05,Morning,Afternoon,R. Kowalski,RES003,Increased support required; monitor closely.,"Personal care, meals and medication completed as planned.",Watch fluid intake and mood.,Fluid chart to be totalled.,,Yes,0,,,,No,,0,approved,2026-10-08 09:08:57
352,2026-07-08,Morning,Afternoon,C. Fernandes,RES003,Increased support required; monitor closely.,"Personal care, meals and medication completed as planned.",Watch fluid intake and mood.,Fluid chart to be totalled.,,Yes,0,,,,No,,0,approved,2026-10-08 09:08:57
353,2026-07-11,Morning,Afternoon,C. Fernandes,RES003,Increased support required; monitor closely.,"Personal care, meals and medication completed as planned.",Watch fluid intake and mood.,Fluid chart to be totalled.,,Yes,0,,,,No,,0,approved,2026-10-08 09:08:57
354,2026-07-14,Morning,Afternoon,M. Nowak,RES003,Increased support required; monitor closely.,"Personal care, meals and medication completed as planned.",Watch fluid intake and mood.,Fluid chart to be totalled.,,Yes,0,,,,No,,0,approved,2026-10-08 09:08:57
355,2026-07-17,Morning,Afternoon,K. Adeyemi,RES003,Increased support required; monitor closely.,"Personal care, meals and medication completed as planned.",Watch fluid intake and mood.,Fluid chart to be totalled.,,Yes,0,,,,No,,0,approved,2026-10-08 09:08:57
356,2026-07-20,Morning,Afternoon,T. Nguyen,RES003,Increased support required; monitor closely.,"Personal care, meals and medication completed as planned.",Watch fluid intake and mood.,Fluid chart to be totalled.,,Yes,0,,,,No,,0,approved,2026-10-08 09:08:57
357,2026-07-23,Morning,Afternoon,K. Adeyemi,RES003,Increased support required; monitor closely.,"Personal care, meals and medication completed as planned.",Watch fluid intake and mood.,Fluid chart to be totalled.,,Yes,0,,,,No,,0,approved,2026-10-08 09:08:57
358,2026-07-26,Morning,Afternoon,P. Sharma,RES003,Increased support required; monitor closely.,"Personal care, meals and medication completed as planned.",Watch fluid intake and mood.,Fluid chart to be totalled.,,Yes,0,,,,No,,0,approved,2026-10-08 09:08:57
359,2026-07-29,Morning,Afternoon,S. Patel,RES003,Increased support required; monitor closely.,"Personal care, meals and medication completed as planned.",Watch fluid intake and mood.,Fluid chart to be totalled.,,Yes,0,,,,No,,0,approved,2026-10-08 09:08:57
360,2026-08-01,Morning,Afternoon,L. Ahmed,RES003,Increased support required; monitor closely.,"Personal care, meals and medication completed as planned.",Watch fluid intake and mood.,Fluid chart to be totalled.,,Yes,0,,,,No,,0,approved,2026-10-08 09:08:57
361,2026-08-04,Morning,Afternoon,C. Fernandes,RES003,Increased support required; monitor closely.,"Personal care, meals and medication completed as planned.",Watch fluid intake and mood.,Fluid chart to be totalled.,,Yes,0,,,,No,,0,approved,2026-10-08 09:08:57
362,2026-08-07,Morning,Afternoon,K. Adeyemi,RES003,Increased support required; monitor closely.,"Personal care, meals and medication completed as planned.",Watch fluid intake and mood.,Fluid chart to be totalled.,,Yes,0,,,,No,,0,approved,2026-10-08 09:08:57
363,2026-08-10,Morning,Afternoon,R. Kowalski,RES003,Increased support required; monitor closely.,"Personal care, meals and medication completed as planned.",Watch fluid intake and mood.,Fluid chart to be totalled.,,Yes,0,,,,No,,0,approved,2026-10-08 09:08:57
364,2026-08-13,Morning,Afternoon,R. Kowalski,RES003,Increased support required; monitor closely.,"Personal care, meals and medication completed as planned.",Watch fluid intake and mood.,Fluid chart to be totalled.,,Yes,0,,,,No,,0,approved,2026-10-08 09:08:57
365,2026-08-16,Morning,Afternoon,M. Nowak,RES003,Increased support required; monitor closely.,"Personal care, meals and medication completed as planned.",Watch fluid intake and mood.,Fluid chart to be totalled.,,Yes,0,,,,No,,0,approved,2026-10-08 09:08:57
366,2026-08-19,Morning,Afternoon,B. Mensah,RES003,Increased support required; monitor closely.,"Personal care, meals and medication completed as planned.",Watch fluid intake and mood.,Fluid chart to be totalled.,,Yes,0,,,,No,,0,approved,2026-10-08 09:08:57
367,2025-08-21,Morning,Afternoon,B. Mensah,RES004,"Settled shift, no concerns.","Personal care, meals and medication completed as planned.",None.,Nil.,,Yes,0,,,,No,,0,approved,2026-10-08 09:08:57
368,2025-08-24,Morning,Afternoon,P. Sharma,RES004,Increased support required; monitor closely.,"Personal care, meals and medication completed as planned.",Watch fluid intake and mood.,Fluid chart to be totalled.,,Yes,0,,,,No,,0,approved,2026-10-08 09:08:57
369,2025-08-27,Morning,Afternoon,J. Okafor,RES004,Increased support required; monitor closely.,"Personal care, meals and medication completed as planned.",Watch fluid intake and mood.,Fluid chart to be totalled.,,Yes,0,,,,No,,0,approved,2026-10-08 09:08:57
370,2025-08-30,Morning,Afternoon,B. Mensah,RES004,"Settled shift, no concerns.","Personal care, meals and medication completed as planned.",None.,Nil.,,Yes,0,,,,No,,0,approved,2026-10-08 09:08:57
371,2025-09-02,Morning,Afternoon,K. Adeyemi,RES004,Increased support required; monitor closely.,"Personal care, meals and medication completed as planned.",Watch fluid intake and mood.,Fluid chart to be totalled.,,Yes,0,,,,No,,0,approved,2026-10-08 09:08:57
372,2025-09-05,Morning,Afternoon,P. Sharma,RES004,Increased support required; monitor closely.,"Personal care, meals and medication completed as planned.",Watch fluid intake and mood.,Fluid chart to be totalled.,,Yes,0,,,,No,,0,approved,2026-10-08 09:08:57
373,2025-09-08,Morning,Afternoon,C. Fernandes,RES004,Increased support required; monitor closely.,"Personal care, meals and medication completed as planned.",Watch fluid intake and mood.,Fluid chart to be totalled.,,Yes,0,,,,No,,0,approved,2026-10-08 09:08:57
374,2025-09-11,Morning,Afternoon,R. Kowalski,RES004,Increased support required; monitor closely.,"Personal care, meals and medication completed as planned.",Watch fluid intake and mood.,Fluid chart to be totalled.,,Yes,0,,,,No,,0,approved,2026-10-08 09:08:57
375,2025-09-14,Morning,Afternoon,T. Nguyen,RES004,Increased support required; monitor closely.,"Personal care, meals and medication completed as planned.",Watch fluid intake and mood.,Fluid chart to be totalled.,,Yes,0,,,,No,,0,approved,2026-10-08 09:08:57
376,2025-09-17,Morning,Afternoon,S. Patel,RES004,Increased support required; monitor closely.,"Personal care, meals and medication completed as planned.",Watch fluid intake and mood.,Fluid chart to be totalled.,,Yes,0,,,,No,,0,approved,2026-10-08 09:08:57
377,2025-09-20,Morning,Afternoon,S. Patel,RES004,Increased support required; monitor closely.,"Personal care, meals and medication completed as planned.",Watch fluid intake and mood.,Fluid chart to be totalled.,,Yes,0,,,,No,,0,approved,2026-10-08 09:08:57
378,2025-09-23,Morning,Afternoon,A. Whitfield,RES004,Increased support required; monitor closely.,"Personal care, meals and medication completed as planned.",Watch fluid intake and mood.,Fluid chart to be totalled.,,Yes,0,,,,No,,0,approved,2026-10-08 09:08:57
379,2025-09-26,Morning,Afternoon,L. Ahmed,RES004,Increased support required; monitor closely.,"Personal care, meals and medication completed as planned.",Watch fluid intake and mood.,Fluid chart to be totalled.,,Yes,0,,,,No,,0,approved,2026-10-08 09:08:57
380,2025-09-29,Morning,Afternoon,B. Mensah,RES004,Increased support required; monitor closely.,"Personal care, meals and medication completed as planned.",Watch fluid intake and mood.,Fluid chart to be totalled.,,Yes,0,,,,No,,0,approved,2026-10-08 09:08:57
381,2025-10-02,Morning,Afternoon,S. Patel,RES004,Increased support required; monitor closely.,"Personal care, meals and medication completed as planned.",Watch fluid intake and mood.,Fluid chart to be totalled.,,Yes,0,,,,No,,0,approved,2026-10-08 09:08:57
382,2025-10-05,Morning,Afternoon,M. Nowak,RES004,Increased support required; monitor closely.,"Personal care, meals and medication completed as planned.",Watch fluid intake and mood.,Fluid chart to be totalled.,,Yes,0,,,,No,,0,approved,2026-10-08 09:08:57
383,2025-10-08,Morning,Afternoon,R. Kowalski,RES004,Increased support required; monitor closely.,"Personal care, meals and medication completed as planned.",Watch fluid intake and mood.,Fluid chart to be totalled.,,Yes,0,,,,No,,0,approved,2026-10-08 09:08:57
384,2025-10-11,Morning,Afternoon,S. Patel,RES004,Increased support required; monitor closely.,"Personal care, meals and medication completed as planned.",Watch fluid intake and mood.,Fluid chart to be totalled.,,Yes,0,,,,No,,0,approved,2026-10-08 09:08:57
385,2025-10-14,Morning,Afternoon,S. Patel,RES004,Increased support required; monitor closely.,"Personal care, meals and medication completed as planned.",Watch fluid intake and mood.,Fluid chart to be totalled.,,Yes,0,,,,No,,0,approved,2026-10-08 09:08:57
386,2025-10-17,Morning,Afternoon,B. Mensah,RES004,Increased support required; monitor closely.,"Personal care, meals and medication completed as planned.",Watch fluid intake and mood.,Fluid chart to be totalled.,,Yes,0,,,,No,,0,approved,2026-10-08 09:08:57
387,2025-10-20,Morning,Afternoon,A. Whitfield,RES004,Increased support required; monitor closely.,"Personal care, meals and medication completed as planned.",Watch fluid intake and mood.,Fluid chart to be totalled.,,Yes,0,,,,No,,0,approved,2026-10-08 09:08:57
388,2025-10-23,Morning,Afternoon,B. Mensah,RES004,Increased support required; monitor closely.,"Personal care, meals and medication completed as planned.",Watch fluid intake and mood.,Fluid chart to be totalled.,,Yes,0,,,,No,,0,approved,2026-10-08 09:08:57
389,2025-10-26,Morning,Afternoon,D. Osei,RES004,Increased support required; monitor closely.,"Personal care, meals and medication completed as planned.",Watch fluid intake and mood.,Fluid chart to be totalled.,,Yes,0,,,,No,,0,approved,2026-10-08 09:08:57
390,2025-10-29,Morning,Afternoon,B. Mensah,RES004,Increased support required; monitor closely.,"Personal care, meals and medication completed as planned.",Watch fluid intake and mood.,Fluid chart to be totalled.,,Yes,0,,,,No,,0,approved,2026-10-08 09:08:57
391,2025-11-01,Morning,Afternoon,K. Adeyemi,RES004,Increased support required; monitor closely.,"Personal care, meals and medication completed as planned.",Watch fluid intake and mood.,Fluid chart to be totalled.,,Yes,0,,,,No,,0,approved,2026-10-08 09:08:57
392,2025-11-04,Morning,Afternoon,K. Adeyemi,RES004,Increased support required; monitor closely.,"Personal care, meals and medication completed as planned.",Watch fluid intake and mood.,Fluid chart to be totalled.,,Yes,0,,,,No,,0,approved,2026-10-08 09:08:57
393,2025-11-07,Morning,Afternoon,B. Mensah,RES004,Increased support required; monitor closely.,"Personal care, meals and medication completed as planned.",Watch fluid intake and mood.,Fluid chart to be totalled.,,Yes,0,,,,No,,0,approved,2026-10-08 09:08:57
394,2025-11-10,Morning,Afternoon,M. Nowak,RES004,Increased support required; monitor closely.,"Personal care, meals and medication completed as planned.",Watch fluid intake and mood.,Fluid chart to be totalled.,,No,0,,,,No,,0,approved,2026-10-08 09:08:57
395,2025-11-13,Morning,Afternoon,J. Okafor,RES004,Poor shift; escalation in place.,"Personal care, meals and medication completed as planned.",Falls risk — hourly checks and sensor mat in place.,GP review outstanding.,,No,0,,,,No,,0,approved,2026-10-08 09:08:57
396,2025-11-16,Morning,Afternoon,R. Kowalski,RES004,Poor shift; escalation in place.,"Personal care, meals and medication completed as planned.",Falls risk — hourly checks and sensor mat in place.,GP review outstanding.,,No,0,,,,No,,0,approved,2026-10-08 09:08:57
397,2025-11-19,Morning,Afternoon,R. Kowalski,RES004,Poor shift; escalation in place.,"Personal care, meals and medication completed as planned.",Falls risk — hourly checks and sensor mat in place.,GP review outstanding.,,No,0,,,,No,,0,approved,2026-10-08 09:08:57
398,2025-11-22,Morning,Afternoon,T. Nguyen,RES004,Poor shift; escalation in place.,"Personal care, meals and medication completed as planned.",Falls risk — hourly checks and sensor mat in place.,GP review outstanding.,,No,0,,,,No,,0,approved,2026-10-08 09:08:57
399,2025-11-25,Morning,Afternoon,A. Whitfield,RES004,Poor shift; escalation in place.,"Personal care, meals and medication completed as planned.",Falls risk — hourly checks and sensor mat in place.,GP review outstanding.,,No,0,,,,No,,0,approved,2026-10-08 09:08:57
400,2025-11-28,Morning,Afternoon,L. Ahmed,RES004,Poor shift; escalation in place.,"Personal care, meals and medication completed as planned.",Falls risk — hourly checks and sensor mat in place.,GP review outstanding.,,No,0,,,,Yes,,0,approved,2026-10-08 09:08:57
401,2025-12-01,Morning,Afternoon,J. Okafor,RES004,Poor shift; escalation in place.,"Personal care, meals and medication completed as planned.",Falls risk — hourly checks and sensor mat in place.,GP review outstanding.,,No,0,,,,No,,0,approved,2026-10-08 09:08:57
402,2025-12-04,Morning,Afternoon,P. Sharma,RES004,Poor shift; escalation in place.,"Personal care, meals and medication completed as planned.",Falls risk — hourly checks and sensor mat in place.,GP review outstanding.,,No,0,,,,Yes,,0,approved,2026-10-08 09:08:57
403,2025-12-07,Morning,Afternoon,A. Whitfield,RES004,Poor shift; escalation in place.,"Personal care, meals and medication completed as planned.",Falls risk — hourly checks and sensor mat in place.,GP review outstanding.,,No,0,,,,No,,0,approved,2026-10-08 09:08:57
404,2025-12-10,Morning,Afternoon,M. Nowak,RES004,Poor shift; escalation in place.,"Personal care, meals and medication completed as planned.",Falls risk — hourly checks and sensor mat in place.,GP review outstanding.,,No,0,,,,Yes,,0,approved,2026-10-08 09:08:57
405,2025-12-13,Morning,Afternoon,B. Mensah,RES004,Poor shift; escalation in place.,"Personal care, meals and medication completed as planned.",Falls risk — hourly checks and sensor mat in place.,GP review outstanding.,,No,0,,,,Yes,,0,approved,2026-10-08 09:08:57
406,2025-12-16,Morning,Afternoon,J. Okafor,RES004,Poor shift; escalation in place.,"Personal care, meals and medication completed as planned.",Falls risk — hourly checks and sensor mat in place.,GP review outstanding.,,No,0,,,,Yes,,0,approved,2026-10-08 09:08:57
407,2025-12-19,Morning,Afternoon,L. Ahmed,RES004,Poor shift; escalation in place.,"Personal care, meals and medication completed as planned.",Falls risk — hourly checks and sensor mat in place.,GP review outstanding.,,No,0,,,,No,,0,approved,2026-10-08 09:08:57
408,2025-12-22,Morning,Afternoon,J. Okafor,RES004,Poor shift; escalation in place.,"Personal care, meals and medication completed as planned.",Falls risk — hourly checks and sensor mat in place.,GP review outstanding.,,No,0,,,,No,,0,approved,2026-10-08 09:08:57
409,2025-12-25,Morning,Afternoon,P. Sharma,RES004,Poor shift; escalation in place.,"Personal care, meals and medication completed as planned.",Falls risk — hourly checks and sensor mat in place.,GP review outstanding.,,No,0,,,,No,,0,approved,2026-10-08 09:08:57
410,2025-12-28,Morning,Afternoon,C. Fernandes,RES004,Poor shift; escalation in place.,"Personal care, meals and medication completed as planned.",Falls risk — hourly checks and sensor mat in place.,GP review outstanding.,,No,0,,,,No,,0,approved,2026-10-08 09:08:57
411,2025-12-31,Morning,Afternoon,C. Fernandes,RES004,Increased support required; monitor closely.,"Personal care, meals and medication completed as planned.",Watch fluid intake and mood.,Fluid chart to be totalled.,,No,0,,,,No,,0,approved,2026-10-08 09:08:57
412,2026-01-03,Morning,Afternoon,T. Nguyen,RES004,Increased support required; monitor closely.,"Personal care, meals and medication completed as planned.",Watch fluid intake and mood.,Fluid chart to be totalled.,,No,0,,,,No,,0,approved,2026-10-08 09:08:57
413,2026-01-06,Morning,Afternoon,B. Mensah,RES004,Poor shift; escalation in place.,"Personal care, meals and medication completed as planned.",Falls risk — hourly checks and sensor mat in place.,GP review outstanding.,,No,0,,,,No,,0,approved,2026-10-08 09:08:57
414,2026-01-09,Morning,Afternoon,K. Adeyemi,RES004,Poor shift; escalation in place.,"Personal care, meals and medication completed as planned.",Falls risk — hourly checks and sensor mat in place.,GP review outstanding.,,No,0,,,,No,,0,approved,2026-10-08 09:08:57
415,2026-01-12,Morning,Afternoon,J. Okafor,RES004,Poor shift; escalation in place.,"Personal care, meals and medication completed as planned.",Falls risk — hourly checks and sensor mat in place.,GP review outstanding.,,No,0,,,,No,,0,approved,2026-10-08 09:08:57
416,2026-01-15,Morning,Afternoon,T. Nguyen,RES004,Poor shift; escalation in place.,"Personal care, meals and medication completed as planned.",Falls risk — hourly checks and sensor mat in place.,GP review outstanding.,,No,0,,,,No,,0,approved,2026-10-08 09:08:57
417,2026-01-18,Morning,Afternoon,B. Mensah,RES004,Poor shift; escalation in place.,"Personal care, meals and medication completed as planned.",Falls risk — hourly checks and sensor mat in place.,GP review outstanding.,,No,0,,,,No,,0,approved,2026-10-08 09:08:57
418,2026-01-21,Morning,Afternoon,A. Whitfield,RES004,Poor shift; escalation in place.,"Personal care, meals and medication completed as planned.",Falls risk — hourly checks and sensor mat in place.,GP review outstanding.,,No,0,,,,No,,0,approved,2026-10-08 09:08:57
419,2026-01-24,Morning,Afternoon,B. Mensah,RES004,Increased support required; monitor closely.,"Personal care, meals and medication completed as planned.",Watch fluid intake and mood.,Fluid chart to be totalled.,,No,0,,,,No,,0,approved,2026-10-08 09:08:57
420,2026-01-27,Morning,Afternoon,A. Whitfield,RES004,Increased support required; monitor closely.,"Personal care, meals and medication completed as planned.",Watch fluid intake and mood.,Fluid chart to be totalled.,,No,0,,,,No,,0,approved,2026-10-08 09:08:57
421,2026-01-30,Morning,Afternoon,T. Nguyen,RES004,Poor shift; escalation in place.,"Personal care, meals and medication completed as planned.",Falls risk — hourly checks and sensor mat in place.,GP review outstanding.,,No,0,,,,No,,0,approved,2026-10-08 09:08:57
422,2026-02-02,Morning,Afternoon,A. Whitfield,RES004,Poor shift; escalation in place.,"Personal care, meals and medication completed as planned.",Falls risk — hourly checks and sensor mat in place.,GP review outstanding.,,No,0,,,,No,,0,approved,2026-10-08 09:08:57
423,2026-02-05,Morning,Afternoon,D. Osei,RES004,Poor shift; escalation in place.,"Personal care, meals and medication completed as planned.",Falls risk — hourly checks and sensor mat in place.,GP review outstanding.,,No,0,,,,No,,0,approved,2026-10-08 09:08:57
424,2026-02-08,Morning,Afternoon,R. Kowalski,RES004,Poor shift; escalation in place.,"Personal care, meals and medication completed as planned.",Falls risk — hourly checks and sensor mat in place.,GP review outstanding.,,No,0,,,,No,,0,approved,2026-10-08 09:08:57
425,2026-02-11,Morning,Afternoon,D. Osei,RES004,Poor shift; escalation in place.,"Personal care, meals and medication completed as planned.",Falls risk — hourly checks and sensor mat in place.,GP review outstanding.,,No,0,,,,No,,0,approved,2026-10-08 09:08:57
426,2026-02-14,Morning,Afternoon,M. Nowak,RES004,Poor shift; escalation in place.,"Personal care, meals and medication completed as planned.",Falls risk — hourly checks and sensor mat in place.,GP review outstanding.,,No,0,,,,No,,0,approved,2026-10-08 09:08:57
427,2026-02-17,Morning,Afternoon,J. Okafor,RES004,Poor shift; escalation in place.,"Personal care, meals and medication completed as planned.",Falls risk — hourly checks and sensor mat in place.,GP review outstanding.,,No,0,,,,No,,0,approved,2026-10-08 09:08:57
428,2026-02-20,Morning,Afternoon,B. Mensah,RES004,Poor shift; escalation in place.,"Personal care, meals and medication completed as planned.",Falls risk — hourly checks and sensor mat in place.,GP review outstanding.,,No,0,,,,No,,0,approved,2026-10-08 09:08:57
429,2026-02-23,Morning,Afternoon,D. Osei,RES004,Poor shift; escalation in place.,"Personal care, meals and medication completed as planned.",Falls risk — hourly checks and sensor mat in place.,GP review outstanding.,,No,0,,,,No,,0,approved,2026-10-08 09:08:57
430,2026-02-26,Morning,Afternoon,C. Fernandes,RES004,Poor shift; escalation in place.,"Personal care, meals and medication completed as planned.",Falls risk — hourly checks and sensor mat in place.,GP review outstanding.,,No,0,,,,No,,0,approved,2026-10-08 09:08:57
431,2026-03-01,Morning,Afternoon,T. Nguyen,RES004,Poor shift; escalation in place.,"Personal care, meals and medication completed as planned.",Falls risk — hourly checks and sensor mat in place.,GP review outstanding.,,No,0,,,,No,,0,approved,2026-10-08 09:08:57
432,2026-03-04,Morning,Afternoon,J. Okafor,RES004,Poor shift; escalation in place.,"Personal care, meals and medication completed as planned.",Falls risk — hourly checks and sensor mat in place.,GP review outstanding.,,No,0,,,,No,,0,approved,2026-10-08 09:08:57
433,2026-03-07,Morning,Afternoon,J. Okafor,RES004,Poor shift; escalation in place.,"Personal care, meals and medication completed as planned.",Falls risk — hourly checks and sensor mat in place.,GP review outstanding.,,No,0,,,,No,,0,approved,2026-10-08 09:08:57
434,2026-03-10,Morning,Afternoon,B. Mensah,RES004,Poor shift; escalation in place.,"Personal care, meals and medication completed as planned.",Falls risk — hourly checks and sensor mat in place.,GP review outstanding.,,No,0,,,,No,,0,approved,2026-10-08 09:08:57
435,2026-03-13,Morning,Afternoon,L. Ahmed,RES004,Poor shift; escalation in place.,"Personal care, meals and medication completed as planned.",Falls risk — hourly checks and sensor mat in place.,GP review outstanding.,,No,0,,,,No,,0,approved,2026-10-08 09:08:57
436,2026-03-16,Morning,Afternoon,C. Fernandes,RES004,Poor shift; escalation in place.,"Personal care, meals and medication completed as planned.",Falls risk — hourly checks and sensor mat in place.,GP review outstanding.,,No,0,,,,No,,0,approved,2026-10-08 09:08:57
437,2026-03-19,Morning,Afternoon,J. Okafor,RES004,Poor shift; escalation in place.,"Personal care, meals and medication completed as planned.",Falls risk — hourly checks and sensor mat in place.,GP review outstanding.,,No,0,,,,Yes,,0,approved,2026-10-08 09:08:57
438,2026-03-22,Morning,Afternoon,B. Mensah,RES004,Poor shift; escalation in place.,"Personal care, meals and medication completed as planned.",Falls risk — hourly checks and sensor mat in place.,GP review outstanding.,,No,0,,,,No,,0,approved,2026-10-08 09:08:57
439,2026-03-25,Morning,Afternoon,A. Whitfield,RES004,Poor shift; escalation in place.,"Personal care, meals and medication completed as planned.",Falls risk — hourly checks and sensor mat in place.,GP review outstanding.,,No,0,,,,Yes,,0,approved,2026-10-08 09:08:57
440,2026-03-28,Morning,Afternoon,D. Osei,RES004,Poor shift; escalation in place.,"Personal care, meals and medication completed as planned.",Falls risk — hourly checks and sensor mat in place.,GP review outstanding.,,No,0,,,,No,,0,approved,2026-10-08 09:08:57
441,2026-03-31,Morning,Afternoon,P. Sharma,RES004,Poor shift; escalation in place.,"Personal care, meals and medication completed as planned.",Falls risk — hourly checks and sensor mat in place.,GP review outstanding.,,No,0,,,,No,,0,approved,2026-10-08 09:08:57
442,2026-04-03,Morning,Afternoon,B. Mensah,RES004,Poor shift; escalation in place.,"Personal care, meals and medication completed as planned.",Falls risk — hourly checks and sensor mat in place.,GP review outstanding.,,No,0,,,,Yes,,0,approved,2026-10-08 09:08:57
443,2026-04-06,Morning,Afternoon,S. Patel,RES004,Poor shift; escalation in place.,"Personal care, meals and medication completed as planned.",Falls risk — hourly checks and sensor mat in place.,GP review outstanding.,,No,0,,,,No,,0,approved,2026-10-08 09:08:57
444,2026-04-09,Morning,Afternoon,J. Okafor,RES004,Poor shift; escalation in place.,"Personal care, meals and medication completed as planned.",Falls risk — hourly checks and sensor mat in place.,GP review outstanding.,,No,0,,,,No,,0,approved,2026-10-08 09:08:57
445,2026-04-12,Morning,Afternoon,M. Nowak,RES004,Poor shift; escalation in place.,"Personal care, meals and medication completed as planned.",Falls risk — hourly checks and sensor mat in place.,GP review outstanding.,,No,0,,,,No,,0,approved,2026-10-08 09:08:57
446,2026-04-15,Morning,Afternoon,D. Osei,RES004,Poor shift; escalation in place.,"Personal care, meals and medication completed as planned.",Falls risk — hourly checks and sensor mat in place.,GP review outstanding.,,No,0,,,,Yes,,0,approved,2026-10-08 09:08:57
447,2026-04-18,Morning,Afternoon,J. Okafor,RES004,Poor shift; escalation in place.,"Personal care, meals and medication completed as planned.",Falls risk — hourly checks and sensor mat in place.,GP review outstanding.,,No,0,,,,No,,0,approved,2026-10-08 09:08:57
448,2026-04-21,Morning,Afternoon,C. Fernandes,RES004,Poor shift; escalation in place.,"Personal care, meals and medication completed as planned.",Falls risk — hourly checks and sensor mat in place.,GP review outstanding.,,No,0,,,,No,,0,approved,2026-10-08 09:08:57
449,2026-04-24,Morning,Afternoon,P. Sharma,RES004,Poor shift; escalation in place.,"Personal care, meals and medication completed as planned.",Falls risk — hourly checks and sensor mat in place.,GP review outstanding.,,No,0,,,,Yes,,0,approved,2026-10-08 09:08:57
450,2026-04-27,Morning,Afternoon,B. Mensah,RES004,Poor shift; escalation in place.,"Personal care, meals and medication completed as planned.",Falls risk — hourly checks and sensor mat in place.,GP review outstanding.,,No,0,,,,Yes,,0,approved,2026-10-08 09:08:57
451,2026-04-30,Morning,Afternoon,C. Fernandes,RES004,Poor shift; escalation in place.,"Personal care, meals and medication completed as planned.",Falls risk — hourly checks and sensor mat in place.,GP review outstanding.,,No,0,,,,No,,0,approved,2026-10-08 09:08:57
452,2026-05-03,Morning,Afternoon,A. Whitfield,RES004,Poor shift; escalation in place.,"Personal care, meals and medication completed as planned.",Falls risk — hourly checks and sensor mat in place.,GP review outstanding.,,No,0,,,,No,,0,approved,2026-10-08 09:08:57
453,2026-05-06,Morning,Afternoon,S. Patel,RES004,Poor shift; escalation in place.,"Personal care, meals and medication completed as planned.",Falls risk — hourly checks and sensor mat in place.,GP review outstanding.,,No,0,,,,Yes,,0,approved,2026-10-08 09:08:57
454,2026-05-09,Morning,Afternoon,S. Patel,RES004,Poor shift; escalation in place.,"Personal care, meals and medication completed as planned.",Falls risk — hourly checks and sensor mat in place.,GP review outstanding.,,No,0,,,,No,,0,approved,2026-10-08 09:08:57
455,2026-05-12,Morning,Afternoon,B. Mensah,RES004,Poor shift; escalation in place.,"Personal care, meals and medication completed as planned.",Falls risk — hourly checks and sensor mat in place.,GP review outstanding.,,No,0,,,,No,,0,approved,2026-10-08 09:08:57
456,2026-05-15,Morning,Afternoon,J. Okafor,RES004,Poor shift; escalation in place.,"Personal care, meals and medication completed as planned.",Falls risk — hourly checks and sensor mat in place.,GP review outstanding.,,No,0,,,,No,,0,approved,2026-10-08 09:08:57
457,2026-05-18,Morning,Afternoon,T. Nguyen,RES004,Poor shift; escalation in place.,"Personal care, meals and medication completed as planned.",Falls risk — hourly checks and sensor mat in place.,GP review outstanding.,,No,0,,,,No,,0,approved,2026-10-08 09:08:57
458,2026-05-21,Morning,Afternoon,S. Patel,RES004,Poor shift; escalation in place.,"Personal care, meals and medication completed as planned.",Falls risk — hourly checks and sensor mat in place.,GP review outstanding.,,No,0,,,,No,,0,approved,2026-10-08 09:08:57
459,2026-05-24,Morning,Afternoon,T. Nguyen,RES004,Poor shift; escalation in place.,"Personal care, meals and medication completed as planned.",Falls risk — hourly checks and sensor mat in place.,GP review outstanding.,,No,0,,,,No,,0,approved,2026-10-08 09:08:57
460,2026-05-27,Morning,Afternoon,D. Osei,RES004,Poor shift; escalation in place.,"Personal care, meals and medication completed as planned.",Falls risk — hourly checks and sensor mat in place.,GP review outstanding.,,No,0,,,,No,,0,approved,2026-10-08 09:08:57
461,2026-05-30,Morning,Afternoon,T. Nguyen,RES004,Poor shift; escalation in place.,"Personal care, meals and medication completed as planned.",Falls risk — hourly checks and sensor mat in place.,GP review outstanding.,,No,0,,,,No,,0,approved,2026-10-08 09:08:57
462,2026-06-02,Morning,Afternoon,B. Mensah,RES004,Poor shift; escalation in place.,"Personal care, meals and medication completed as planned.",Falls risk — hourly checks and sensor mat in place.,GP review outstanding.,,No,0,,,,No,,0,approved,2026-10-08 09:08:57
463,2026-06-05,Morning,Afternoon,B. Mensah,RES004,Poor shift; escalation in place.,"Personal care, meals and medication completed as planned.",Falls risk — hourly checks and sensor mat in place.,GP review outstanding.,,No,0,,,,No,,0,approved,2026-10-08 09:08:57
464,2026-06-08,Morning,Afternoon,P. Sharma,RES004,Poor shift; escalation in place.,"Personal care, meals and medication completed as planned.",Falls risk — hourly checks and sensor mat in place.,GP review outstanding.,,No,0,,,,No,,0,approved,2026-10-08 09:08:57
465,2026-06-11,Morning,Afternoon,S. Patel,RES004,Poor shift; escalation in place.,"Personal care, meals and medication completed as planned.",Falls risk — hourly checks and sensor mat in place.,GP review outstanding.,,No,0,,,,No,,0,approved,2026-10-08 09:08:57
466,2026-06-14,Morning,Afternoon,M. Nowak,RES004,Poor shift; escalation in place.,"Personal care, meals and medication completed as planned.",Falls risk — hourly checks and sensor mat in place.,GP review outstanding.,,No,0,,,,Yes,,0,approved,2026-10-08 09:08:57
467,2026-06-17,Morning,Afternoon,L. Ahmed,RES004,Poor shift; escalation in place.,"Personal care, meals and medication completed as planned.",Falls risk — hourly checks and sensor mat in place.,GP review outstanding.,,No,0,,,,No,,0,approved,2026-10-08 09:08:57
468,2026-06-20,Morning,Afternoon,A. Whitfield,RES004,Poor shift; escalation in place.,"Personal care, meals and medication completed as planned.",Falls risk — hourly checks and sensor mat in place.,GP review outstanding.,,No,0,,,,No,,0,approved,2026-10-08 09:08:57
469,2026-06-23,Morning,Afternoon,R. Kowalski,RES004,Poor shift; escalation in place.,"Personal care, meals and medication completed as planned.",Falls risk — hourly checks and sensor mat in place.,GP review outstanding.,,No,0,,,,Yes,,0,approved,2026-10-08 09:08:57
470,2026-06-26,Morning,Afternoon,A. Whitfield,RES004,Poor shift; escalation in place.,"Personal care, meals and medication completed as planned.",Falls risk — hourly checks and sensor mat in place.,GP review outstanding.,,No,0,,,,Yes,,0,approved,2026-10-08 09:08:57
471,2026-06-29,Morning,Afternoon,L. Ahmed,RES004,Poor shift; escalation in place.,"Personal care, meals and medication completed as planned.",Falls risk — hourly checks and sensor mat in place.,GP review outstanding.,,No,0,,,,No,,0,approved,2026-10-08 09:08:57
472,2026-07-02,Morning,Afternoon,S. Patel,RES004,Poor shift; escalation in place.,"Personal care, meals and medication completed as planned.",Falls risk — hourly checks and sensor mat in place.,GP review outstanding.,,No,0,,,,Yes,,0,approved,2026-10-08 09:08:57
473,2026-07-05,Morning,Afternoon,P. Sharma,RES004,Poor shift; escalation in place.,"Personal care, meals and medication completed as planned.",Falls risk — hourly checks and sensor mat in place.,GP review outstanding.,,No,0,,,,No,,0,approved,2026-10-08 09:08:57
474,2026-07-08,Morning,Afternoon,S. Patel,RES004,Poor shift; escalation in place.,"Personal care, meals and medication completed as planned.",Falls risk — hourly checks and sensor mat in place.,GP review outstanding.,,No,0,,,,No,,0,approved,2026-10-08 09:08:57
475,2026-07-11,Morning,Afternoon,S. Patel,RES004,Poor shift; escalation in place.,"Personal care, meals and medication completed as planned.",Falls risk — hourly checks and sensor mat in place.,GP review outstanding.,,No,0,,,,No,,0,approved,2026-10-08 09:08:57
476,2026-07-14,Morning,Afternoon,L. Ahmed,RES004,Poor shift; escalation in place.,"Personal care, meals and medication completed as planned.",Falls risk — hourly checks and sensor mat in place.,GP review outstanding.,,No,0,,,,Yes,,0,approved,2026-10-08 09:08:57
477,2026-07-17,Morning,Afternoon,A. Whitfield,RES004,Poor shift; escalation in place.,"Personal care, meals and medication completed as planned.",Falls risk — hourly checks and sensor mat in place.,GP review outstanding.,,No,0,,,,Yes,,0,approved,2026-10-08 09:08:57
478,2026-07-20,Morning,Afternoon,J. Okafor,RES004,Poor shift; escalation in place.,"Personal care, meals and medication completed as planned.",Falls risk — hourly checks and sensor mat in place.,GP review outstanding.,,No,0,,,,No,,0,approved,2026-10-08 09:08:57
479,2026-07-23,Morning,Afternoon,A. Whitfield,RES004,Poor shift; escalation in place.,"Personal care, meals and medication completed as planned.",Falls risk — hourly checks and sensor mat in place.,GP review outstanding.,,No,0,,,,No,,0,approved,2026-10-08 09:08:57
480,2026-07-26,Morning,Afternoon,S. Patel,RES004,Poor shift; escalation in place.,"Personal care, meals and medication completed as planned.",Falls risk — hourly checks and sensor mat in place.,GP review outstanding.,,No,0,,,,No,,0,approved,2026-10-08 09:08:57
481,2026-07-29,Morning,Afternoon,C. Fernandes,RES004,Poor shift; escalation in place.,"Personal care, meals and medication completed as planned.",Falls risk — hourly checks and sensor mat in place.,GP review outstanding.,,No,0,,,,Yes,,0,approved,2026-10-08 09:08:57
482,2026-08-01,Morning,Afternoon,B. Mensah,RES004,Poor shift; escalation in place.,"Personal care, meals and medication completed as planned.",Falls risk — hourly checks and sensor mat in place.,GP review outstanding.,,No,0,,,,No,,0,approved,2026-10-08 09:08:57
483,2026-08-04,Morning,Afternoon,R. Kowalski,RES004,Poor shift; escalation in place.,"Personal care, meals and medication completed as planned.",Falls risk — hourly checks and sensor mat in place.,GP review outstanding.,,No,0,,,,No,,0,approved,2026-10-08 09:08:57
484,2026-08-07,Morning,Afternoon,T. Nguyen,RES004,Poor shift; escalation in place.,"Personal care, meals and medication completed as planned.",Falls risk — hourly checks and sensor mat in place.,GP review outstanding.,,No,0,,,,No,,0,approved,2026-10-08 09:08:57
485,2026-08-10,Morning,Afternoon,C. Fernandes,RES004,Poor shift; escalation in place.,"Personal care, meals and medication completed as planned.",Falls risk — hourly checks and sensor mat in place.,GP review outstanding.,,No,0,,,,No,,0,approved,2026-10-08 09:08:57
486,2026-08-13,Morning,Afternoon,M. Nowak,RES004,Poor shift; escalation in place.,"Personal care, meals and medication completed as planned.",Falls risk — hourly checks and sensor mat in place.,GP review outstanding.,,No,0,,,,No,,0,approved,2026-10-08 09:08:57
487,2026-08-16,Morning,Afternoon,P. Sharma,RES004,Poor shift; escalation in place.,"Personal care, meals and medication completed as planned.",Falls risk — hourly checks and sensor mat in place.,GP review outstanding.,,No,0,,,,No,,0,approved,2026-10-08 09:08:57
488,2026-08-19,Morning,Afternoon,T. Nguyen,RES004,Poor shift; escalation in place.,"Personal care, meals and medication completed as planned.",Falls risk — hourly checks and sensor mat in place.,GP review outstanding.,,No,0,,,,No,,0,approved,2026-10-08 09:08:57
489,2025-08-21,Morning,Afternoon,A. Whitfield,RES005,Increased support required; monitor closely.,"Personal care, meals and medication completed as planned.",Watch fluid intake and mood.,Fluid chart to be totalled.,,Yes,0,,,,No,,0,approved,2026-10-08 09:08:57
490,2025-08-24,Morning,Afternoon,J. Okafor,RES005,Increased support required; monitor closely.,"Personal care, meals and medication completed as planned.",Watch fluid intake and mood.,Fluid chart to be totalled.,,Yes,0,,,,No,,0,approved,2026-10-08 09:08:57
491,2025-08-27,Morning,Afternoon,T. Nguyen,RES005,Increased support required; monitor closely.,"Personal care, meals and medication completed as planned.",Watch fluid intake and mood.,Fluid chart to be totalled.,,Yes,0,,,,No,,0,approved,2026-10-08 09:08:57
492,2025-08-30,Morning,Afternoon,J. Okafor,RES005,Increased support required; monitor closely.,"Personal care, meals and medication completed as planned.",Watch fluid intake and mood.,Fluid chart to be totalled.,,Yes,0,,,,No,,0,approved,2026-10-08 09:08:57
493,2025-09-02,Morning,Afternoon,L. Ahmed,RES005,Increased support required; monitor closely.,"Personal care, meals and medication completed as planned.",Watch fluid intake and mood.,Fluid chart to be totalled.,,Yes,0,,,,No,,0,approved,2026-10-08 09:08:57
494,2025-09-05,Morning,Afternoon,S. Patel,RES005,Increased support required; monitor closely.,"Personal care, meals and medication completed as planned.",Watch fluid intake and mood.,Fluid chart to be totalled.,,Yes,0,,,,No,,0,approved,2026-10-08 09:08:57
495,2025-09-08,Morning,Afternoon,L. Ahmed,RES005,Increased support required; monitor closely.,"Personal care, meals and medication completed as planned.",Watch fluid intake and mood.,Fluid chart to be totalled.,,Yes,0,,,,No,,0,approved,2026-10-08 09:08:57
496,2025-09-11,Morning,Afternoon,M. Nowak,RES005,Increased support required; monitor closely.,"Personal care, meals and medication completed as planned.",Watch fluid intake and mood.,Fluid chart to be totalled.,,Yes,0,,,,No,,0,approved,2026-10-08 09:08:57
497,2025-09-14,Morning,Afternoon,D. Osei,RES005,Increased support required; monitor closely.,"Personal care, meals and medication completed as planned.",Watch fluid intake and mood.,Fluid chart to be totalled.,,Yes,0,,,,No,,0,approved,2026-10-08 09:08:57
498,2025-09-17,Morning,Afternoon,P. Sharma,RES005,Increased support required; monitor closely.,"Personal care, meals and medication completed as planned.",Watch fluid intake and mood.,Fluid chart to be totalled.,,Yes,0,,,,No,,0,approved,2026-10-08 09:08:57
499,2025-09-20,Morning,Afternoon,B. Mensah,RES005,Increased support required; monitor closely.,"Personal care, meals and medication completed as planned.",Watch fluid intake and mood.,Fluid chart to be totalled.,,Yes,0,,,,No,,0,approved,2026-10-08 09:08:57
500,2025-09-23,Morning,Afternoon,M. Nowak,RES005,Increased support required; monitor closely.,"Personal care, meals and medication completed as planned.",Watch fluid intake and mood.,Fluid chart to be totalled.,,Yes,0,,,,No,,0,approved,2026-10-08 09:08:57
501,2025-09-26,Morning,Afternoon,J. Okafor,RES005,Increased support required; monitor closely.,"Personal care, meals and medication completed as planned.",Watch fluid intake and mood.,Fluid chart to be totalled.,,Yes,0,,,,No,,0,approved,2026-10-08 09:08:57
502,2025-09-29,Morning,Afternoon,B. Mensah,RES005,Increased support required; monitor closely.,"Personal care, meals and medication completed as planned.",Watch fluid intake and mood.,Fluid chart to be totalled.,,Yes,0,,,,No,,0,approved,2026-10-08 09:08:57
503,2025-10-02,Morning,Afternoon,M. Nowak,RES005,Increased support required; monitor closely.,"Personal care, meals and medication completed as planned.",Watch fluid intake and mood.,Fluid chart to be totalled.,,Yes,0,,,,No,,0,approved,2026-10-08 09:08:57
504,2025-10-05,Morning,Afternoon,T. Nguyen,RES005,Increased support required; monitor closely.,"Personal care, meals and medication completed as planned.",Watch fluid intake and mood.,Fluid chart to be totalled.,,Yes,0,,,,No,,0,approved,2026-10-08 09:08:57
505,2025-10-08,Morning,Afternoon,B. Mensah,RES005,Increased support required; monitor closely.,"Personal care, meals and medication completed as planned.",Watch fluid intake and mood.,Fluid chart to be totalled.,,Yes,0,,,,No,,0,approved,2026-10-08 09:08:57
506,2025-10-11,Morning,Afternoon,L. Ahmed,RES005,Increased support required; monitor closely.,"Personal care, meals and medication completed as planned.",Watch fluid intake and mood.,Fluid chart to be totalled.,,Yes,0,,,,No,,0,approved,2026-10-08 09:08:57
507,2025-10-14,Morning,Afternoon,D. Osei,RES005,Increased support required; monitor closely.,"Personal care, meals and medication completed as planned.",Watch fluid intake and mood.,Fluid chart to be totalled.,,Yes,0,,,,No,,0,approved,2026-10-08 09:08:57
508,2025-10-17,Morning,Afternoon,C. Fernandes,RES005,Increased support required; monitor closely.,"Personal care, meals and medication completed as planned.",Watch fluid intake and mood.,Fluid chart to be totalled.,,Yes,0,,,,No,,0,approved,2026-10-08 09:08:57
509,2025-10-20,Morning,Afternoon,J. Okafor,RES005,Increased support required; monitor closely.,"Personal care, meals and medication completed as planned.",Watch fluid intake and mood.,Fluid chart to be totalled.,,Yes,0,,,,No,,0,approved,2026-10-08 09:08:57
510,2025-10-23,Morning,Afternoon,C. Fernandes,RES005,Increased support required; monitor closely.,"Personal care, meals and medication completed as planned.",Watch fluid intake and mood.,Fluid chart to be totalled.,,Yes,0,,,,No,,0,approved,2026-10-08 09:08:57
511,2025-10-26,Morning,Afternoon,L. Ahmed,RES005,Increased support required; monitor closely.,"Personal care, meals and medication completed as planned.",Watch fluid intake and mood.,Fluid chart to be totalled.,,Yes,0,,,,No,,0,approved,2026-10-08 09:08:57
512,2025-10-29,Morning,Afternoon,L. Ahmed,RES005,Increased support required; monitor closely.,"Personal care, meals and medication completed as planned.",Watch fluid intake and mood.,Fluid chart to be totalled.,,Yes,0,,,,No,,0,approved,2026-10-08 09:08:57
513,2025-11-01,Morning,Afternoon,J. Okafor,RES005,Increased support required; monitor closely.,"Personal care, meals and medication completed as planned.",Watch fluid intake and mood.,Fluid chart to be totalled.,,Yes,0,,,,No,,0,approved,2026-10-08 09:08:57
514,2025-11-04,Morning,Afternoon,D. Osei,RES005,Increased support required; monitor closely.,"Personal care, meals and medication completed as planned.",Watch fluid intake and mood.,Fluid chart to be totalled.,,Yes,0,,,,No,,0,approved,2026-10-08 09:08:57
515,2025-11-07,Morning,Afternoon,B. Mensah,RES005,Increased support required; monitor closely.,"Personal care, meals and medication completed as planned.",Watch fluid intake and mood.,Fluid chart to be totalled.,,Yes,0,,,,No,,0,approved,2026-10-08 09:08:57
516,2025-11-10,Morning,Afternoon,L. Ahmed,RES005,Increased support required; monitor closely.,"Personal care, meals and medication completed as planned.",Watch fluid intake and mood.,Fluid chart to be totalled.,,Yes,0,,,,No,,0,approved,2026-10-08 09:08:57
517,2025-11-13,Morning,Afternoon,C. Fernandes,RES005,Increased support required; monitor closely.,"Personal care, meals and medication completed as planned.",Watch fluid intake and mood.,Fluid chart to be totalled.,,Yes,0,,,,No,,0,approved,2026-10-08 09:08:57
518,2025-11-16,Morning,Afternoon,D. Osei,RES005,Increased support required; monitor closely.,"Personal care, meals and medication completed as planned.",Watch fluid intake and mood.,Fluid chart to be totalled.,,Yes,0,,,,No,,0,approved,2026-10-08 09:08:57
519,2025-11-19,Morning,Afternoon,K. Adeyemi,RES005,Increased support required; monitor closely.,"Personal care, meals and medication completed as planned.",Watch fluid intake and mood.,Fluid chart to be totalled.,,Yes,0,,,,No,,0,approved,2026-10-08 09:08:57
520,2025-11-22,Morning,Afternoon,J. Okafor,RES005,Increased support required; monitor closely.,"Personal care, meals and medication completed as planned.",Watch fluid intake and mood.,Fluid chart to be totalled.,,Yes,0,,,,No,,0,approved,2026-10-08 09:08:57
521,2025-11-25,Morning,Afternoon,R. Kowalski,RES005,Increased support required; monitor closely.,"Personal care, meals and medication completed as planned.",Watch fluid intake and mood.,Fluid chart to be totalled.,,Yes,0,,,,No,,0,approved,2026-10-08 09:08:57
522,2025-11-28,Morning,Afternoon,C. Fernandes,RES005,Increased support required; monitor closely.,"Personal care, meals and medication completed as planned.",Watch fluid intake and mood.,Fluid chart to be totalled.,,Yes,0,,,,No,,0,approved,2026-10-08 09:08:57
523,2025-12-01,Morning,Afternoon,A. Whitfield,RES005,Increased support required; monitor closely.,"Personal care, meals and medication completed as planned.",Watch fluid intake and mood.,Fluid chart to be totalled.,,No,0,,,,No,,0,approved,2026-10-08 09:08:57
524,2025-12-04,Morning,Afternoon,J. Okafor,RES005,Poor shift; escalation in place.,"Personal care, meals and medication completed as planned.",Falls risk — hourly checks and sensor mat in place.,GP review outstanding.,,No,0,,,,No,,0,approved,2026-10-08 09:08:57
525,2025-12-07,Morning,Afternoon,A. Whitfield,RES005,Poor shift; escalation in place.,"Personal care, meals and medication completed as planned.",Falls risk — hourly checks and sensor mat in place.,GP review outstanding.,,No,0,,,,No,,0,approved,2026-10-08 09:08:57
526,2025-12-10,Morning,Afternoon,B. Mensah,RES005,Poor shift; escalation in place.,"Personal care, meals and medication completed as planned.",Falls risk — hourly checks and sensor mat in place.,GP review outstanding.,,No,0,,,,No,,0,approved,2026-10-08 09:08:57
527,2025-12-13,Morning,Afternoon,L. Ahmed,RES005,Poor shift; escalation in place.,"Personal care, meals and medication completed as planned.",Falls risk — hourly checks and sensor mat in place.,GP review outstanding.,,No,0,,,,No,,0,approved,2026-10-08 09:08:57
528,2025-12-16,Morning,Afternoon,D. Osei,RES005,Poor shift; escalation in place.,"Personal care, meals and medication completed as planned.",Falls risk — hourly checks and sensor mat in place.,GP review outstanding.,,No,0,,,,No,,0,approved,2026-10-08 09:08:57
529,2025-12-19,Morning,Afternoon,B. Mensah,RES005,Poor shift; escalation in place.,"Personal care, meals and medication completed as planned.",Falls risk — hourly checks and sensor mat in place.,GP review outstanding.,,No,0,,,,No,,0,approved,2026-10-08 09:08:57
530,2025-12-22,Morning,Afternoon,L. Ahmed,RES005,Poor shift; escalation in place.,"Personal care, meals and medication completed as planned.",Falls risk — hourly checks and sensor mat in place.,GP review outstanding.,,No,0,,,,Yes,,0,approved,2026-10-08 09:08:57
531,2025-12-25,Morning,Afternoon,K. Adeyemi,RES005,Poor shift; escalation in place.,"Personal care, meals and medication completed as planned.",Falls risk — hourly checks and sensor mat in place.,GP review outstanding.,,No,0,,,,No,,0,approved,2026-10-08 09:08:57
532,2025-12-28,Morning,Afternoon,T. Nguyen,RES005,Poor shift; escalation in place.,"Personal care, meals and medication completed as planned.",Falls risk — hourly checks and sensor mat in place.,GP review outstanding.,,No,0,,,,Yes,,0,approved,2026-10-08 09:08:57
533,2025-12-31,Morning,Afternoon,L. Ahmed,RES005,Poor shift; escalation in place.,"Personal care, meals and medication completed as planned.",Falls risk — hourly checks and sensor mat in place.,GP review outstanding.,,No,0,,,,No,,0,approved,2026-10-08 09:08:57
534,2026-01-03,Morning,Afternoon,P. Sharma,RES005,Poor shift; escalation in place.,"Personal care, meals and medication completed as planned.",Falls risk — hourly checks and sensor mat in place.,GP review outstanding.,,No,0,,,,No,,0,approved,2026-10-08 09:08:57
535,2026-01-06,Morning,Afternoon,R. Kowalski,RES005,Poor shift; escalation in place.,"Personal care, meals and medication completed as planned.",Falls risk — hourly checks and sensor mat in place.,GP review outstanding.,,No,0,,,,No,,0,approved,2026-10-08 09:08:57
536,2026-01-09,Morning,Afternoon,C. Fernandes,RES005,Poor shift; escalation in place.,"Personal care, meals and medication completed as planned.",Falls risk — hourly checks and sensor mat in place.,GP review outstanding.,,No,0,,,,No,,0,approved,2026-10-08 09:08:57
537,2026-01-12,Morning,Afternoon,P. Sharma,RES005,Poor shift; escalation in place.,"Personal care, meals and medication completed as planned.",Falls risk — hourly checks and sensor mat in place.,GP review outstanding.,,No,0,,,,Yes,,0,approved,2026-10-08 09:08:57
538,2026-01-15,Morning,Afternoon,R. Kowalski,RES005,Poor shift; escalation in place.,"Personal care, meals and medication completed as planned.",Falls risk — hourly checks and sensor mat in place.,GP review outstanding.,,No,0,,,,Yes,,0,approved,2026-10-08 09:08:57
539,2026-01-18,Morning,Afternoon,R. Kowalski,RES005,Poor shift; escalation in place.,"Personal care, meals and medication completed as planned.",Falls risk — hourly checks and sensor mat in place.,GP review outstanding.,,No,0,,,,Yes,,0,approved,2026-10-08 09:08:57
540,2026-01-21,Morning,Afternoon,P. Sharma,RES005,Poor shift; escalation in place.,"Personal care, meals and medication completed as planned.",Falls risk — hourly checks and sensor mat in place.,GP review outstanding.,,No,0,,,,Yes,,0,approved,2026-10-08 09:08:57
541,2026-01-24,Morning,Afternoon,D. Osei,RES005,Poor shift; escalation in place.,"Personal care, meals and medication completed as planned.",Falls risk — hourly checks and sensor mat in place.,GP review outstanding.,,No,0,,,,Yes,,0,approved,2026-10-08 09:08:57
542,2026-01-27,Morning,Afternoon,D. Osei,RES005,Poor shift; escalation in place.,"Personal care, meals and medication completed as planned.",Falls risk — hourly checks and sensor mat in place.,GP review outstanding.,,No,0,,,,No,,0,approved,2026-10-08 09:08:57
543,2026-01-30,Morning,Afternoon,M. Nowak,RES005,Poor shift; escalation in place.,"Personal care, meals and medication completed as planned.",Falls risk — hourly checks and sensor mat in place.,GP review outstanding.,,No,0,,,,No,,0,approved,2026-10-08 09:08:57
544,2026-02-02,Morning,Afternoon,L. Ahmed,RES005,Poor shift; escalation in place.,"Personal care, meals and medication completed as planned.",Falls risk — hourly checks and sensor mat in place.,GP review outstanding.,,No,0,,,,No,,0,approved,2026-10-08 09:08:57
545,2026-02-05,Morning,Afternoon,P. Sharma,RES005,Poor shift; escalation in place.,"Personal care, meals and medication completed as planned.",Falls risk — hourly checks and sensor mat in place.,GP review outstanding.,,No,0,,,,Yes,,0,approved,2026-10-08 09:08:57
546,2026-02-08,Morning,Afternoon,C. Fernandes,RES005,Poor shift; escalation in place.,"Personal care, meals and medication completed as planned.",Falls risk — hourly checks and sensor mat in place.,GP review outstanding.,,No,0,,,,No,,0,approved,2026-10-08 09:08:57
547,2026-02-11,Morning,Afternoon,B. Mensah,RES005,Poor shift; escalation in place.,"Personal care, meals and medication completed as planned.",Falls risk — hourly checks and sensor mat in place.,GP review outstanding.,,No,0,,,,No,,0,approved,2026-10-08 09:08:57
548,2026-02-14,Morning,Afternoon,L. Ahmed,RES005,Poor shift; escalation in place.,"Personal care, meals and medication completed as planned.",Falls risk — hourly checks and sensor mat in place.,GP review outstanding.,,No,0,,,,No,,0,approved,2026-10-08 09:08:57
549,2026-02-17,Morning,Afternoon,A. Whitfield,RES005,Poor shift; escalation in place.,"Personal care, meals and medication completed as planned.",Falls risk — hourly checks and sensor mat in place.,GP review outstanding.,,No,0,,,,No,,0,approved,2026-10-08 09:08:57
550,2026-02-20,Morning,Afternoon,M. Nowak,RES005,Poor shift; escalation in place.,"Personal care, meals and medication completed as planned.",Falls risk — hourly checks and sensor mat in place.,GP review outstanding.,,No,0,,,,No,,0,approved,2026-10-08 09:08:57
551,2026-02-23,Morning,Afternoon,J. Okafor,RES005,Poor shift; escalation in place.,"Personal care, meals and medication completed as planned.",Falls risk — hourly checks and sensor mat in place.,GP review outstanding.,,No,0,,,,No,,0,approved,2026-10-08 09:08:57
552,2026-02-26,Morning,Afternoon,S. Patel,RES005,Increased support required; monitor closely.,"Personal care, meals and medication completed as planned.",Watch fluid intake and mood.,Fluid chart to be totalled.,,No,0,,,,No,,0,approved,2026-10-08 09:08:57
553,2026-03-01,Morning,Afternoon,P. Sharma,RES005,Increased support required; monitor closely.,"Personal care, meals and medication completed as planned.",Watch fluid intake and mood.,Fluid chart to be totalled.,,No,0,,,,No,,0,approved,2026-10-08 09:08:57
554,2026-03-04,Morning,Afternoon,J. Okafor,RES005,Increased support required; monitor closely.,"Personal care, meals and medication completed as planned.",Watch fluid intake and mood.,Fluid chart to be totalled.,,No,0,,,,No,,0,approved,2026-10-08 09:08:57
555,2026-03-07,Morning,Afternoon,T. Nguyen,RES005,Increased support required; monitor closely.,"Personal care, meals and medication completed as planned.",Watch fluid intake and mood.,Fluid chart to be totalled.,,No,0,,,,No,,0,approved,2026-10-08 09:08:57
556,2026-03-10,Morning,Afternoon,B. Mensah,RES005,Increased support required; monitor closely.,"Personal care, meals and medication completed as planned.",Watch fluid intake and mood.,Fluid chart to be totalled.,,No,0,,,,No,,0,approved,2026-10-08 09:08:57
557,2026-03-13,Morning,Afternoon,S. Patel,RES005,Increased support required; monitor closely.,"Personal care, meals and medication completed as planned.",Watch fluid intake and mood.,Fluid chart to be totalled.,,No,0,,,,No,,0,approved,2026-10-08 09:08:57
558,2026-03-16,Morning,Afternoon,B. Mensah,RES005,Increased support required; monitor closely.,"Personal care, meals and medication completed as planned.",Watch fluid intake and mood.,Fluid chart to be totalled.,,No,0,,,,No,,0,approved,2026-10-08 09:08:57
559,2026-03-19,Morning,Afternoon,M. Nowak,RES005,Increased support required; monitor closely.,"Personal care, meals and medication completed as planned.",Watch fluid intake and mood.,Fluid chart to be totalled.,,Yes,0,,,,No,,0,approved,2026-10-08 09:08:57
560,2026-03-22,Morning,Afternoon,J. Okafor,RES005,Increased support required; monitor closely.,"Personal care, meals and medication completed as planned.",Watch fluid intake and mood.,Fluid chart to be totalled.,,Yes,0,,,,No,,0,approved,2026-10-08 09:08:57
561,2026-03-25,Morning,Afternoon,C. Fernandes,RES005,Increased support required; monitor closely.,"Personal care, meals and medication completed as planned.",Watch fluid intake and mood.,Fluid chart to be totalled.,,Yes,0,,,,No,,0,approved,2026-10-08 09:08:57
562,2026-03-28,Morning,Afternoon,B. Mensah,RES005,Increased support required; monitor closely.,"Personal care, meals and medication completed as planned.",Watch fluid intake and mood.,Fluid chart to be totalled.,,Yes,0,,,,No,,0,approved,2026-10-08 09:08:57
563,2026-03-31,Morning,Afternoon,S. Patel,RES005,Increased support required; monitor closely.,"Personal care, meals and medication completed as planned.",Watch fluid intake and mood.,Fluid chart to be totalled.,,Yes,0,,,,No,,0,approved,2026-10-08 09:08:57
564,2026-04-03,Morning,Afternoon,B. Mensah,RES005,Increased support required; monitor closely.,"Personal care, meals and medication completed as planned.",Watch fluid intake and mood.,Fluid chart to be totalled.,,Yes,0,,,,No,,0,approved,2026-10-08 09:08:57
565,2026-04-06,Morning,Afternoon,L. Ahmed,RES005,Increased support required; monitor closely.,"Personal care, meals and medication completed as planned.",Watch fluid intake and mood.,Fluid chart to be totalled.,,Yes,0,,,,No,,0,approved,2026-10-08 09:08:57
566,2026-04-09,Morning,Afternoon,D. Osei,RES005,Increased support required; monitor closely.,"Personal care, meals and medication completed as planned.",Watch fluid intake and mood.,Fluid chart to be totalled.,,Yes,0,,,,No,,0,approved,2026-10-08 09:08:57
567,2026-04-12,Morning,Afternoon,K. Adeyemi,RES005,Increased support required; monitor closely.,"Personal care, meals and medication completed as planned.",Watch fluid intake and mood.,Fluid chart to be totalled.,,Yes,0,,,,No,,0,approved,2026-10-08 09:08:57
568,2026-04-15,Morning,Afternoon,R. Kowalski,RES005,Increased support required; monitor closely.,"Personal care, meals and medication completed as planned.",Watch fluid intake and mood.,Fluid chart to be totalled.,,Yes,0,,,,No,,0,approved,2026-10-08 09:08:57
569,2026-04-18,Morning,Afternoon,S. Patel,RES005,Increased support required; monitor closely.,"Personal care, meals and medication completed as planned.",Watch fluid intake and mood.,Fluid chart to be totalled.,,Yes,0,,,,No,,0,approved,2026-10-08 09:08:57
570,2026-04-21,Morning,Afternoon,M. Nowak,RES005,Increased support required; monitor closely.,"Personal care, meals and medication completed as planned.",Watch fluid intake and mood.,Fluid chart to be totalled.,,Yes,0,,,,No,,0,approved,2026-10-08 09:08:57
571,2026-04-24,Morning,Afternoon,M. Nowak,RES005,Increased support required; monitor closely.,"Personal care, meals and medication completed as planned.",Watch fluid intake and mood.,Fluid chart to be totalled.,,Yes,0,,,,No,,0,approved,2026-10-08 09:08:57
572,2026-04-27,Morning,Afternoon,A. Whitfield,RES005,Increased support required; monitor closely.,"Personal care, meals and medication completed as planned.",Watch fluid intake and mood.,Fluid chart to be totalled.,,Yes,0,,,,No,,0,approved,2026-10-08 09:08:57
573,2026-04-30,Morning,Afternoon,P. Sharma,RES005,"Settled shift, no concerns.","Personal care, meals and medication completed as planned.",None.,Nil.,,Yes,0,,,,No,,0,approved,2026-10-08 09:08:57
574,2026-05-03,Morning,Afternoon,C. Fernandes,RES005,Increased support required; monitor closely.,"Personal care, meals and medication completed as planned.",Watch fluid intake and mood.,Fluid chart to be totalled.,,Yes,0,,,,No,,0,approved,2026-10-08 09:08:57
575,2026-05-06,Morning,Afternoon,K. Adeyemi,RES005,"Settled shift, no concerns.","Personal care, meals and medication completed as planned.",None.,Nil.,,Yes,0,,,,No,,0,approved,2026-10-08 09:08:57
576,2026-05-09,Morning,Afternoon,R. Kowalski,RES005,Increased support required; monitor closely.,"Personal care, meals and medication completed as planned.",Watch fluid intake and mood.,Fluid chart to be totalled.,,Yes,0,,,,No,,0,approved,2026-10-08 09:08:57
577,2026-05-12,Morning,Afternoon,R. Kowalski,RES005,"Settled shift, no concerns.","Personal care, meals and medication completed as planned.",None.,Nil.,,Yes,0,,,,No,,0,approved,2026-10-08 09:08:57
578,2026-05-15,Morning,Afternoon,T. Nguyen,RES005,Increased support required; monitor closely.,"Personal care, meals and medication completed as planned.",Watch fluid intake and mood.,Fluid chart to be totalled.,,Yes,0,,,,No,,0,approved,2026-10-08 09:08:57
579,2026-05-18,Morning,Afternoon,A. Whitfield,RES005,Increased support required; monitor closely.,"Personal care, meals and medication completed as planned.",Watch fluid intake and mood.,Fluid chart to be totalled.,,Yes,0,,,,No,,0,approved,2026-10-08 09:08:57
580,2026-05-21,Morning,Afternoon,R. Kowalski,RES005,Increased support required; monitor closely.,"Personal care, meals and medication completed as planned.",Watch fluid intake and mood.,Fluid chart to be totalled.,,Yes,0,,,,No,,0,approved,2026-10-08 09:08:57
581,2026-05-24,Morning,Afternoon,B. Mensah,RES005,Increased support required; monitor closely.,"Personal care, meals and medication completed as planned.",Watch fluid intake and mood.,Fluid chart to be totalled.,,Yes,0,,,,No,,0,approved,2026-10-08 09:08:57
582,2026-05-27,Morning,Afternoon,K. Adeyemi,RES005,Increased support required; monitor closely.,"Personal care, meals and medication completed as planned.",Watch fluid intake and mood.,Fluid chart to be totalled.,,Yes,0,,,,No,,0,approved,2026-10-08 09:08:57
583,2026-05-30,Morning,Afternoon,P. Sharma,RES005,Increased support required; monitor closely.,"Personal care, meals and medication completed as planned.",Watch fluid intake and mood.,Fluid chart to be totalled.,,Yes,0,,,,No,,0,approved,2026-10-08 09:08:57
584,2026-06-02,Morning,Afternoon,K. Adeyemi,RES005,Increased support required; monitor closely.,"Personal care, meals and medication completed as planned.",Watch fluid intake and mood.,Fluid chart to be totalled.,,Yes,0,,,,No,,0,approved,2026-10-08 09:08:57
585,2026-06-05,Morning,Afternoon,J. Okafor,RES005,Increased support required; monitor closely.,"Personal care, meals and medication completed as planned.",Watch fluid intake and mood.,Fluid chart to be totalled.,,Yes,0,,,,No,,0,approved,2026-10-08 09:08:57
586,2026-06-08,Morning,Afternoon,D. Osei,RES005,Increased support required; monitor closely.,"Personal care, meals and medication completed as planned.",Watch fluid intake and mood.,Fluid chart to be totalled.,,Yes,0,,,,No,,0,approved,2026-10-08 09:08:57
587,2026-06-11,Morning,Afternoon,K. Adeyemi,RES005,Increased support required; monitor closely.,"Personal care, meals and medication completed as planned.",Watch fluid intake and mood.,Fluid chart to be totalled.,,Yes,0,,,,No,,0,approved,2026-10-08 09:08:57
588,2026-06-14,Morning,Afternoon,L. Ahmed,RES005,Increased support required; monitor closely.,"Personal care, meals and medication completed as planned.",Watch fluid intake and mood.,Fluid chart to be totalled.,,Yes,0,,,,No,,0,approved,2026-10-08 09:08:57
589,2026-06-17,Morning,Afternoon,C. Fernandes,RES005,Increased support required; monitor closely.,"Personal care, meals and medication completed as planned.",Watch fluid intake and mood.,Fluid chart to be totalled.,,Yes,0,,,,No,,0,approved,2026-10-08 09:08:57
590,2026-06-20,Morning,Afternoon,L. Ahmed,RES005,Increased support required; monitor closely.,"Personal care, meals and medication completed as planned.",Watch fluid intake and mood.,Fluid chart to be totalled.,,Yes,0,,,,No,,0,approved,2026-10-08 09:08:57
591,2026-06-23,Morning,Afternoon,P. Sharma,RES005,Increased support required; monitor closely.,"Personal care, meals and medication completed as planned.",Watch fluid intake and mood.,Fluid chart to be totalled.,,Yes,0,,,,No,,0,approved,2026-10-08 09:08:57
592,2026-06-26,Morning,Afternoon,K. Adeyemi,RES005,Increased support required; monitor closely.,"Personal care, meals and medication completed as planned.",Watch fluid intake and mood.,Fluid chart to be totalled.,,Yes,0,,,,No,,0,approved,2026-10-08 09:08:57
593,2026-06-29,Morning,Afternoon,R. Kowalski,RES005,Increased support required; monitor closely.,"Personal care, meals and medication completed as planned.",Watch fluid intake and mood.,Fluid chart to be totalled.,,Yes,0,,,,No,,0,approved,2026-10-08 09:08:57
594,2026-07-02,Morning,Afternoon,P. Sharma,RES005,Increased support required; monitor closely.,"Personal care, meals and medication completed as planned.",Watch fluid intake and mood.,Fluid chart to be totalled.,,Yes,0,,,,No,,0,approved,2026-10-08 09:08:57
595,2026-07-05,Morning,Afternoon,K. Adeyemi,RES005,Increased support required; monitor closely.,"Personal care, meals and medication completed as planned.",Watch fluid intake and mood.,Fluid chart to be totalled.,,Yes,0,,,,No,,0,approved,2026-10-08 09:08:57
596,2026-07-08,Morning,Afternoon,D. Osei,RES005,Increased support required; monitor closely.,"Personal care, meals and medication completed as planned.",Watch fluid intake and mood.,Fluid chart to be totalled.,,Yes,0,,,,No,,0,approved,2026-10-08 09:08:57
597,2026-07-11,Morning,Afternoon,A. Whitfield,RES005,Increased support required; monitor closely.,"Personal care, meals and medication completed as planned.",Watch fluid intake and mood.,Fluid chart to be totalled.,,Yes,0,,,,No,,0,approved,2026-10-08 09:08:57
598,2026-07-14,Morning,Afternoon,L. Ahmed,RES005,Increased support required; monitor closely.,"Personal care, meals and medication completed as planned.",Watch fluid intake and mood.,Fluid chart to be totalled.,,Yes,0,,,,No,,0,approved,2026-10-08 09:08:57
599,2026-07-17,Morning,Afternoon,K. Adeyemi,RES005,Increased support required; monitor closely.,"Personal care, meals and medication completed as planned.",Watch fluid intake and mood.,Fluid chart to be totalled.,,Yes,0,,,,No,,0,approved,2026-10-08 09:08:57
600,2026-07-20,Morning,Afternoon,R. Kowalski,RES005,Increased support required; monitor closely.,"Personal care, meals and medication completed as planned.",Watch fluid intake and mood.,Fluid chart to be totalled.,,Yes,0,,,,No,,0,approved,2026-10-08 09:08:57
601,2026-07-23,Morning,Afternoon,P. Sharma,RES005,Increased support required; monitor closely.,"Personal care, meals and medication completed as planned.",Watch fluid intake and mood.,Fluid chart to be totalled.,,Yes,0,,,,No,,0,approved,2026-10-08 09:08:57
602,2026-07-26,Morning,Afternoon,B. Mensah,RES005,Increased support required; monitor closely.,"Personal care, meals and medication completed as planned.",Watch fluid intake and mood.,Fluid chart to be totalled.,,Yes,0,,,,No,,0,approved,2026-10-08 09:08:57
603,2026-07-29,Morning,Afternoon,J. Okafor,RES005,Increased support required; monitor closely.,"Personal care, meals and medication completed as planned.",Watch fluid intake and mood.,Fluid chart to be totalled.,,Yes,0,,,,No,,0,approved,2026-10-08 09:08:57
604,2026-08-01,Morning,Afternoon,K. Adeyemi,RES005,Increased support required; monitor closely.,"Personal care, meals and medication completed as planned.",Watch fluid intake and mood.,Fluid chart to be totalled.,,Yes,0,,,,No,,0,approved,2026-10-08 09:08:57
605,2026-08-04,Morning,Afternoon,P. Sharma,RES005,Increased support required; monitor closely.,"Personal care, meals and medication completed as planned.",Watch fluid intake and mood.,Fluid chart to be totalled.,,Yes,0,,,,No,,0,approved,2026-10-08 09:08:57
606,2026-08-07,Morning,Afternoon,R. Kowalski,RES005,Increased support required; monitor closely.,"Personal care, meals and medication completed as planned.",Watch fluid intake and mood.,Fluid chart to be totalled.,,Yes,0,,,,No,,0,approved,2026-10-08 09:08:57
607,2026-08-10,Morning,Afternoon,R. Kowalski,RES005,Increased support required; monitor closely.,"Personal care, meals and medication completed as planned.",Watch fluid intake and mood.,Fluid chart to be totalled.,,Yes,0,,,,No,,0,approved,2026-10-08 09:08:57
608,2026-08-13,Morning,Afternoon,S. Patel,RES005,Increased support required; monitor closely.,"Personal care, meals and medication completed as planned.",Watch fluid intake and mood.,Fluid chart to be totalled.,,Yes,0,,,,No,,0,approved,2026-10-08 09:08:57
609,2026-08-16,Morning,Afternoon,S. Patel,RES005,Increased support required; monitor closely.,"Personal care, meals and medication completed as planned.",Watch fluid intake and mood.,Fluid chart to be totalled.,,Yes,0,,,,No,,0,approved,2026-10-08 09:08:57
610,2026-08-19,Morning,Afternoon,L. Ahmed,RES005,Increased support required; monitor closely.,"Personal care, meals and medication completed as planned.",Watch fluid intake and mood.,Fluid chart to be totalled.,,Yes,0,,,,No,,0,approved,2026-10-08 09:08:57
